source,record_id,carrier_id,family,carrier_status,raw_local_permutations_expected,raw_local_permutations_checked,canonicalizations_completed,theoretical_configuration_classes,theoretical_class_multiplicities,canonical_classes_observed,representation_invariance_passed,formal_class_separation_passed,global_symmetry_quotient,passed,seconds,issues
acs,VS013,VS013:local:0,planar_bond,supplied_support,8,8,8,2,4;4,2,true,true,false,true,0.019849768000312906,
acs,VS013,VS013:local:1,planar_bond,supplied_support,8,8,8,2,4;4,2,true,true,false,true,0.018160276999878988,
acs,VS014,VS014:local:0,tetrahedral,supplied_support,24,24,24,2,12;12,2,true,true,false,true,0.11960932000056346,
acs,VS015,VS015:local:0,tetrahedral,supplied_support,24,24,24,2,12;12,2,true,true,false,true,0.08876729100029479,
acs,VS016,VS016:local:0,tetrahedral,supplied_support,24,24,24,2,12;12,2,true,true,false,true,0.10263756799940893,
acs,VS016,VS016:local:1,tetrahedral,supplied_support,24,24,24,2,12;12,2,true,true,false,true,0.10098623399971984,
acs,VS017,VS017:local:0,tetrahedral,supplied_support,24,24,24,2,12;12,2,true,true,false,true,0.10469208199992863,
acs,VS017,VS017:local:1,tetrahedral,supplied_support,24,24,24,2,12;12,2,true,true,false,true,0.10054275299989968,
acs,VS018,VS018:local:0,tetrahedral,supplied_support,24,24,24,2,12;12,2,true,true,false,true,0.1315406500007157,
acs,VS018,VS018:local:1,tetrahedral,supplied_support,24,24,24,2,12;12,2,true,true,false,true,0.13499167800000578,
acs,VS018,VS018:local:2,planar_bond,supplied_support,8,8,8,2,4;4,2,true,true,false,true,0.0336554569994405,
acs,VS019,VS019:local:0,planar_bond,supplied_support,8,8,8,2,4;4,2,true,true,false,true,0.04348501300046337,
acs,VS020,VS020:local:0,planar_bond,supplied_support,8,8,8,2,4;4,2,true,true,false,true,0.033531500999743,
acs,VS021,VS021:local:0,tetrahedral,supplied_support,24,24,24,2,12;12,2,true,true,false,true,0.08454744799928449,
acs,VS024,VS024:local:0,tetrahedral,supplied_support,24,24,24,2,12;12,2,true,true,false,true,0.10092328000064299,
acs,VS024,VS024:local:1,tetrahedral,supplied_support,24,24,24,2,12;12,2,true,true,false,true,0.09969438200005243,
acs,VS024,VS024:local:2,tetrahedral,supplied_support,24,24,24,2,12;12,2,true,true,false,true,0.11419441999987612,
acs,VS024,VS024:local:3,tetrahedral,supplied_support,24,24,24,2,12;12,2,true,true,false,true,0.09988899500058324,
acs,VS025,VS025:local:0,tetrahedral,confirmed,24,24,24,2,12;12,2,true,true,false,true,0.17886376899969036,
acs,VS025,VS025:local:1,tetrahedral,supplied_support,24,24,24,2,12;12,2,true,true,false,true,0.19577567699980136,
acs,VS026,VS026:local:0,tetrahedral,supplied_support,24,24,24,2,12;12,2,true,true,false,true,0.13653863800027466,
acs,VS026,VS026:local:1,tetrahedral,supplied_support,24,24,24,2,12;12,2,true,true,false,true,0.14962912500050152,
acs,VS026,VS026:local:2,planar_bond,supplied_support,8,8,8,2,4;4,2,true,true,false,true,0.046595089999755146,
acs,VS026,VS026:local:3,planar_bond,supplied_support,8,8,8,2,4;4,2,true,true,false,true,0.0517537200003062,
acs,VS027,VS027:local:0,tetrahedral,supplied_support,24,24,24,2,12;12,2,true,true,false,true,0.09345538099933037,
acs,VS027,VS027:local:1,tetrahedral,supplied_support,24,24,24,2,12;12,2,true,true,false,true,0.09122682500037627,
acs,VS028,VS028:local:0,tetrahedral,supplied_support,24,24,24,2,12;12,2,true,true,false,true,0.12146395099989604,
acs,VS028,VS028:local:1,tetrahedral,supplied_support,24,24,24,2,12;12,2,true,true,false,true,0.15286507200016786,
acs,VS028,VS028:local:2,tetrahedral,supplied_support,24,24,24,2,12;12,2,true,true,false,true,0.12141328199959389,
acs,VS029,VS029:local:0,tetrahedral,supplied_support,24,24,24,2,12;12,2,true,true,false,true,0.12598095399971498,
acs,VS029,VS029:local:1,tetrahedral,supplied_support,24,24,24,2,12;12,2,true,true,false,true,0.1447923300002003,
acs,VS029,VS029:local:2,tetrahedral,supplied_support,24,24,24,2,12;12,2,true,true,false,true,0.12646982899968862,
acs,VS030,VS030:local:0,tetrahedral,supplied_support,24,24,24,2,12;12,2,true,true,false,true,0.12572542799989606,
acs,VS030,VS030:local:1,tetrahedral,supplied_support,24,24,24,2,12;12,2,true,true,false,true,0.1501717250002912,
acs,VS030,VS030:local:2,tetrahedral,supplied_support,24,24,24,2,12;12,2,true,true,false,true,0.12634823500047787,
acs,VS031,VS031:local:0,tetrahedral,supplied_support,24,24,24,2,12;12,2,true,true,false,true,0.20131355200010148,
acs,VS032,VS032:local:0,tetrahedral,supplied_support,24,24,24,2,12;12,2,true,true,false,true,0.10033336800006509,
acs,VS032,VS032:local:1,planar_bond,supplied_support,8,8,8,2,4;4,2,true,true,false,true,0.020597717000782723,
acs,VS033,VS033:local:0,tetrahedral,supplied_support,24,24,24,2,12;12,2,true,true,false,true,0.09968787399975554,
acs,VS033,VS033:local:1,planar_bond,supplied_support,8,8,8,2,4;4,2,true,true,false,true,0.020125073000599514,
acs,VS034,VS034:local:0,tetrahedral,supplied_support,24,24,24,2,12;12,2,true,true,false,true,0.0943552090002413,
acs,VS034,VS034:local:1,tetrahedral,supplied_support,24,24,24,2,12;12,2,true,true,false,true,0.11022435399991082,
acs,VS034,VS034:local:2,tetrahedral,supplied_support,24,24,24,2,12;12,2,true,true,false,true,0.10171584499948949,
acs,VS035,VS035:local:0,tetrahedral,supplied_support,24,24,24,2,12;12,2,true,true,false,true,0.09860848300013458,
acs,VS035,VS035:local:1,tetrahedral,supplied_support,24,24,24,2,12;12,2,true,true,false,true,0.11564091400032339,
acs,VS035,VS035:local:2,tetrahedral,supplied_support,24,24,24,2,12;12,2,true,true,false,true,0.10714466399986122,
acs,VS036,VS036:local:0,planar_bond,supplied_support,8,8,8,2,4;4,2,true,true,false,true,0.1272835279996798,
acs,VS037,VS037:local:0,tetrahedral,supplied_support,24,24,24,2,12;12,2,true,true,false,true,0.13236837800013745,
acs,VS038,VS038:local:0,tetrahedral,supplied_support,24,24,24,2,12;12,2,true,true,false,true,0.10414195900011691,
acs,VS039,VS039:local:0,tetrahedral,supplied_support,24,24,24,2,12;12,2,true,true,false,true,0.10421520999989298,
acs,VS040,VS040:local:0,tetrahedral,supplied_support,24,24,24,2,12;12,2,true,true,false,true,0.22610960900055943,
acs,VS040,VS040:local:1,tetrahedral,supplied_support,24,24,24,2,12;12,2,true,true,false,true,0.23652860400034115,
acs,VS040,VS040:local:2,tetrahedral,confirmed,24,24,24,2,12;12,2,true,true,false,true,0.233141218000128,
acs,VS040,VS040:local:3,tetrahedral,supplied_support,24,24,24,2,12;12,2,true,true,false,true,0.2319801430003281,
acs,VS040,VS040:local:4,tetrahedral,confirmed,24,24,24,2,12;12,2,true,true,false,true,0.2349174459995993,
acs,VS040,VS040:local:5,tetrahedral,supplied_support,24,24,24,2,12;12,2,true,true,false,true,0.23125912099931156,
acs,VS040,VS040:local:6,tetrahedral,confirmed,24,24,24,2,12;12,2,true,true,false,true,0.2380348340002456,
acs,VS040,VS040:local:7,tetrahedral,supplied_support,24,24,24,2,12;12,2,true,true,false,true,0.2361949550004283,
acs,VS041,VS041:local:0,planar_bond,supplied_support,8,8,8,2,4;4,2,true,true,false,true,0.042008401999737544,
acs,VS042,VS042:local:0,tetrahedral,confirmed,24,24,24,2,12;12,2,true,true,false,true,0.13009527500071272,
acs,VS042,VS042:local:1,planar_bond,supplied_support,8,8,8,2,4;4,2,true,true,false,true,0.025921637999999803,
acs,VS043,VS043:local:0,tetrahedral,supplied_support,24,24,24,2,12;12,2,true,true,false,true,0.14884350900047139,
acs,VS043,VS043:local:1,tetrahedral,supplied_support,24,24,24,2,12;12,2,true,true,false,true,0.13601810000000114,
acs,VS044,VS044:local:0,tetrahedral,confirmed,24,24,24,2,12;12,2,true,true,false,true,0.10673284099993907,
acs,VS044,VS044:local:1,planar_bond,supplied_support,8,8,8,2,4;4,2,true,true,false,true,0.024136752000231354,
acs,VS045,VS045:local:0,tetrahedral,supplied_support,24,24,24,2,12;12,2,true,true,false,true,0.1334095289994366,
acs,VS046,VS046:local:0,tetrahedral,supplied_support,24,24,24,2,12;12,2,true,true,false,true,0.11374219800018182,
acs,VS046,VS046:local:1,tetrahedral,supplied_support,24,24,24,2,12;12,2,true,true,false,true,0.09940724900025089,
acs,VS047,VS047:local:0,tetrahedral,supplied_support,24,24,24,2,12;12,2,true,true,false,true,0.09039300499989622,
acs,VS047,VS047:local:1,tetrahedral,supplied_support,24,24,24,2,12;12,2,true,true,false,true,0.09105593599997519,
acs,VS048,VS048:local:0,tetrahedral,supplied_support,24,24,24,2,12;12,2,true,true,false,true,0.09109627700036071,
acs,VS048,VS048:local:1,tetrahedral,supplied_support,24,24,24,2,12;12,2,true,true,false,true,0.09030770599929383,
acs,VS049,VS049:local:0,planar_bond,supplied_support,8,8,8,2,4;4,2,true,true,false,true,0.03838378899945383,
acs,VS049,VS049:local:1,planar_bond,supplied_support,8,8,8,2,4;4,2,true,true,false,true,0.03798492599980818,
acs,VS049,VS049:local:2,planar_bond,supplied_support,8,8,8,2,4;4,2,true,true,false,true,0.0451708589998816,
acs,VS050,VS050:local:0,tetrahedral,supplied_support,24,24,24,2,12;12,2,true,true,false,true,0.13844974199946591,
acs,VS050,VS050:local:1,tetrahedral,supplied_support,24,24,24,2,12;12,2,true,true,false,true,0.14907875399967452,
acs,VS050,VS050:local:2,tetrahedral,supplied_support,24,24,24,2,12;12,2,true,true,false,true,0.13792079299946636,
acs,VS050,VS050:local:3,tetrahedral,supplied_support,24,24,24,2,12;12,2,true,true,false,true,0.13871043500057567,
acs,VS051,VS051:local:0,tetrahedral,supplied_support,24,24,24,2,12;12,2,true,true,false,true,0.19220670800041262,
acs,VS051,VS051:local:1,tetrahedral,supplied_support,24,24,24,2,12;12,2,true,true,false,true,0.2042556140004308,
acs,VS051,VS051:local:2,tetrahedral,supplied_support,24,24,24,2,12;12,2,true,true,false,true,0.2506754890000593,
acs,VS052,VS052:local:0,tetrahedral,supplied_support,24,24,24,2,12;12,2,true,true,false,true,0.1370977699998548,
acs,VS052,VS052:local:1,tetrahedral,supplied_support,24,24,24,2,12;12,2,true,true,false,true,0.1446449280001616,
acs,VS052,VS052:local:2,tetrahedral,supplied_support,24,24,24,2,12;12,2,true,true,false,true,0.13225638899984915,
acs,VS053,VS053:local:0,tetrahedral,supplied_support,24,24,24,2,12;12,2,true,true,false,true,0.2511859500000355,
acs,VS053,VS053:local:1,planar_bond,supplied_support,8,8,8,2,4;4,2,true,true,false,true,0.03149609599950054,
acs,VS053,VS053:local:2,planar_bond,supplied_support,8,8,8,2,4;4,2,true,true,false,true,0.0317832909995559,
acs,VS053,VS053:local:3,planar_bond,supplied_support,8,8,8,2,4;4,2,true,true,false,true,0.031815489000109665,
acs,VS053,VS053:local:4,planar_bond,supplied_support,8,8,8,2,4;4,2,true,true,false,true,0.03170722499999101,
acs,VS054,VS054:local:0,tetrahedral,supplied_support,24,24,24,2,12;12,2,true,true,false,true,0.22775066699978197,
acs,VS056,VS056:local:0,tetrahedral,supplied_support,24,24,24,2,12;12,2,true,true,false,true,0.22356606799985457,
acs,VS056,VS056:local:1,tetrahedral,supplied_support,24,24,24,2,12;12,2,true,true,false,true,0.2349390620001941,
acs,VS056,VS056:local:2,tetrahedral,confirmed,24,24,24,2,12;12,2,true,true,false,true,0.2257404410001982,
acs,VS058,VS058:local:0,planar_bond,supplied_support,8,8,8,2,4;4,2,true,true,false,true,0.019485267999698408,
acs,VS058,VS058:local:1,planar_bond,supplied_support,8,8,8,2,4;4,2,true,true,false,true,0.019228419999308244,
acs,VS059,VS059:local:0,tetrahedral,supplied_support,24,24,24,2,12;12,2,true,true,false,true,0.12415411200072413,
acs,VS060,VS060:local:0,planar_bond,supplied_support,8,8,8,2,4;4,2,true,true,false,true,0.03005151500019565,
acs,VS061,VS061:local:0,planar_bond,supplied_support,8,8,8,2,4;4,2,true,true,false,true,0.02981049099980737,
acs,VS062,VS062:local:0,planar_bond,supplied_support,8,8,8,2,4;4,2,true,true,false,true,0.03939111999989109,
acs,VS064,VS064:local:0,tetrahedral,supplied_support,24,24,24,2,12;12,2,true,true,false,true,0.10393639899939444,
acs,VS065,VS065:local:0,tetrahedral,supplied_support,24,24,24,2,12;12,2,true,true,false,true,0.1178869269997449,
acs,VS065,VS065:local:1,tetrahedral,supplied_support,24,24,24,2,12;12,2,true,true,false,true,0.1296647640001538,
acs,VS065,VS065:local:2,tetrahedral,supplied_support,24,24,24,2,12;12,2,true,true,false,true,0.1178865069996391,
acs,VS065,VS065:local:3,tetrahedral,supplied_support,24,24,24,2,12;12,2,true,true,false,true,0.1187262239991469,
acs,VS066,VS066:local:0,tetrahedral,supplied_support,24,24,24,2,12;12,2,true,true,false,true,0.08750912899995456,
acs,VS066,VS066:local:1,tetrahedral,supplied_support,24,24,24,2,12;12,2,true,true,false,true,0.08831379500043113,
acs,VS067,VS067:local:0,tetrahedral,supplied_support,24,24,24,2,12;12,2,true,true,false,true,0.08670296099990082,
acs,VS067,VS067:local:1,tetrahedral,supplied_support,24,24,24,2,12;12,2,true,true,false,true,0.08642548300031194,
acs,VS068,VS068:local:0,tetrahedral,supplied_support,24,24,24,2,12;12,2,true,true,false,true,0.10573808899971482,
acs,VS069,VS069:local:0,tetrahedral,supplied_support,24,24,24,2,12;12,2,true,true,false,true,0.09337402699929953,
acs,VS069,VS069:local:1,tetrahedral,supplied_support,24,24,24,2,12;12,2,true,true,false,true,0.09281888800069282,
acs,VS070,VS070:local:0,tetrahedral,supplied_support,24,24,24,2,12;12,2,true,true,false,true,0.14197943199997098,
acs,VS070,VS070:local:1,tetrahedral,supplied_support,24,24,24,2,12;12,2,true,true,false,true,0.1622432550002486,
acs,VS070,VS070:local:2,tetrahedral,supplied_support,24,24,24,2,12;12,2,true,true,false,true,0.1414028019999023,
acs,VS070,VS070:local:3,tetrahedral,supplied_support,24,24,24,2,12;12,2,true,true,false,true,0.14044359299987264,
acs,VS070,VS070:local:4,tetrahedral,supplied_support,24,24,24,2,12;12,2,true,true,false,true,0.13971589199991286,
acs,VS070,VS070:local:5,tetrahedral,supplied_support,24,24,24,2,12;12,2,true,true,false,true,0.1416499120005028,
acs,VS070,VS070:local:6,tetrahedral,supplied_support,24,24,24,2,12;12,2,true,true,false,true,0.1421670930003529,
acs,VS070,VS070:local:7,tetrahedral,supplied_support,24,24,24,2,12;12,2,true,true,false,true,0.14214584100045613,
acs,VS071,VS071:local:0,tetrahedral,supplied_support,24,24,24,2,12;12,2,true,true,false,true,0.13485923899952468,
acs,VS074,VS074:local:0,tetrahedral,supplied_support,24,24,24,2,12;12,2,true,true,false,true,0.10450483600016014,
acs,VS075,VS075:local:0,tetrahedral,supplied_support,24,24,24,2,12;12,2,true,true,false,true,0.1101844839995465,
acs,VS075,VS075:local:1,tetrahedral,supplied_support,24,24,24,2,12;12,2,true,true,false,true,0.11081179200027691,
acs,VS075,VS075:local:2,tetrahedral,supplied_support,24,24,24,2,12;12,2,true,true,false,true,0.13987024700054462,
acs,VS075,VS075:local:3,tetrahedral,supplied_support,24,24,24,2,12;12,2,true,true,false,true,0.110497657000451,
acs,VS075,VS075:local:4,tetrahedral,supplied_support,24,24,24,2,12;12,2,true,true,false,true,0.12185620099990047,
acs,VS076,VS076:local:0,tetrahedral,supplied_support,24,24,24,2,12;12,2,true,true,false,true,0.08332323700051347,
acs,VS077,VS077:local:0,tetrahedral,supplied_support,24,24,24,2,12;12,2,true,true,false,true,0.09326922800028115,
acs,VS080,VS080:local:0,tetrahedral,supplied_support,24,24,24,2,12;12,2,true,true,false,true,0.09337173299991264,
acs,VS080,VS080:local:1,tetrahedral,supplied_support,24,24,24,2,12;12,2,true,true,false,true,0.09196127300037915,
acs,VS081,VS081:local:0,tetrahedral,confirmed,24,24,24,2,12;12,2,true,true,false,true,0.11535972999990918,
acs,VS081,VS081:local:1,tetrahedral,supplied_support,24,24,24,2,12;12,2,true,true,false,true,0.11396703699938371,
acs,VS082,VS082:local:0,tetrahedral,supplied_support,24,24,24,2,12;12,2,true,true,false,true,0.14950318399951357,
acs,VS082,VS082:local:1,tetrahedral,supplied_support,24,24,24,2,12;12,2,true,true,false,true,0.13954429400018853,
acs,VS083,VS083:local:0,tetrahedral,supplied_support,24,24,24,2,12;12,2,true,true,false,true,2.5557734499998332,
acs,VS084,VS084:local:0,tetrahedral,supplied_support,24,24,24,2,12;12,2,true,true,false,true,0.11039281900048081,
acs,VS084,VS084:local:1,tetrahedral,supplied_support,24,24,24,2,12;12,2,true,true,false,true,0.09739643100056128,
acs,VS084,VS084:local:2,tetrahedral,supplied_support,24,24,24,2,12;12,2,true,true,false,true,0.09773695600051724,
acs,VS084,VS084:local:3,tetrahedral,supplied_support,24,24,24,2,12;12,2,true,true,false,true,0.0979073429998607,
acs,VS085,VS085:local:0,planar_bond,supplied_support,8,8,8,2,4;4,2,true,true,false,true,0.02525897699979396,
acs,VS087,VS087:local:0,tetrahedral,supplied_support,24,24,24,2,12;12,2,true,true,false,true,0.30376151100063,
acs,VS087,VS087:local:1,tetrahedral,supplied_support,24,24,24,2,12;12,2,true,true,false,true,0.31515267099985067,
acs,VS087,VS087:local:2,planar_bond,supplied_support,8,8,8,2,4;4,2,true,true,false,true,0.07611161499971786,
acs,VS087,VS087:local:3,planar_bond,supplied_support,8,8,8,2,4;4,2,true,true,false,true,0.07820997399994667,
acs,VS088,VS088:local:0,tetrahedral,supplied_support,24,24,24,2,12;12,2,true,true,false,true,0.29628273700018326,
acs,VS088,VS088:local:1,tetrahedral,supplied_support,24,24,24,2,12;12,2,true,true,false,true,0.3124856730000829,
acs,VS088,VS088:local:2,planar_bond,supplied_support,8,8,8,2,4;4,2,true,true,false,true,0.0767468040003223,
acs,VS088,VS088:local:3,planar_bond,supplied_support,8,8,8,2,4;4,2,true,true,false,true,0.07686477200059016,
acs,VS089,VS089:local:0,tetrahedral,supplied_support,24,24,24,2,12;12,2,true,true,false,true,0.09525210299943865,
acs,VS090,VS090:local:0,tetrahedral,supplied_support,24,24,24,2,12;12,2,true,true,false,true,0.0850389389997872,
acs,VS091,VS091:local:0,tetrahedral,supplied_support,24,24,24,2,12;12,2,true,true,false,true,0.1503608000002714,
acs,VS091,VS091:local:1,tetrahedral,supplied_support,24,24,24,2,12;12,2,true,true,false,true,0.16888718900008826,
acs,VS091,VS091:local:2,tetrahedral,supplied_support,24,24,24,2,12;12,2,true,true,false,true,0.16905153399966366,
acs,VS091,VS091:local:3,tetrahedral,supplied_support,24,24,24,2,12;12,2,true,true,false,true,0.188934793000044,
acs,VS091,VS091:local:4,tetrahedral,supplied_support,24,24,24,2,12;12,2,true,true,false,true,0.203142850000404,
acs,VS091,VS091:local:5,tetrahedral,supplied_support,24,24,24,2,12;12,2,true,true,false,true,0.13725612700000056,
acs,VS092,VS092:local:0,tetrahedral,supplied_support,24,24,24,2,12;12,2,true,true,false,true,0.0858308950000719,
acs,VS093,VS093:local:0,planar_bond,supplied_support,8,8,8,2,4;4,2,true,true,false,true,0.023837100000491773,
acs,VS093,VS093:local:1,planar_bond,supplied_support,8,8,8,2,4;4,2,true,true,false,true,0.03566821699951106,
acs,VS094,VS094:local:0,tetrahedral,supplied_support,24,24,24,2,12;12,2,true,true,false,true,0.12041416299962293,
acs,VS095,VS095:local:0,tetrahedral,supplied_support,24,24,24,2,12;12,2,true,true,false,true,0.23812715800067963,
acs,VS096,VS096:local:0,planar_bond,supplied_support,8,8,8,2,4;4,2,true,true,false,true,0.052335829000185186,
acs,VS097,VS097:local:0,tetrahedral,supplied_support,24,24,24,2,12;12,2,true,true,false,true,0.14820624599997245,
acs,VS097,VS097:local:1,tetrahedral,confirmed,24,24,24,2,12;12,2,true,true,false,true,0.14117506599995977,
acs,VS098,VS098:local:0,tetrahedral,supplied_support,24,24,24,2,12;12,2,true,true,false,true,0.11941737800043484,
acs,VS098,VS098:local:1,tetrahedral,supplied_support,24,24,24,2,12;12,2,true,true,false,true,0.11908618699999352,
acs,VS098,VS098:local:2,tetrahedral,supplied_support,24,24,24,2,12;12,2,true,true,false,true,0.12000794799951109,
acs,VS099,VS099:local:0,tetrahedral,supplied_support,24,24,24,2,12;12,2,true,true,false,true,0.12936788499973773,
acs,VS100,VS100:local:0,planar_bond,supplied_support,8,8,8,2,4;4,2,true,true,false,true,0.019792080999650352,
acs,VS100,VS100:local:1,planar_bond,supplied_support,8,8,8,2,4;4,2,true,true,false,true,0.019785430999945675,
acs,VS101,VS101:local:0,planar_bond,supplied_support,8,8,8,2,4;4,2,true,true,false,true,0.019229700999858323,
acs,VS101,VS101:local:1,planar_bond,supplied_support,8,8,8,2,4;4,2,true,true,false,true,0.01920745799998258,
acs,VS102,VS102:local:0,tetrahedral,supplied_support,24,24,24,2,12;12,2,true,true,false,true,0.11051020600007178,
acs,VS102,VS102:local:1,tetrahedral,supplied_support,24,24,24,2,12;12,2,true,true,false,true,0.12066507100007584,
acs,VS102,VS102:local:2,tetrahedral,supplied_support,24,24,24,2,12;12,2,true,true,false,true,0.13108033999924373,
acs,VS102,VS102:local:3,tetrahedral,supplied_support,24,24,24,2,12;12,2,true,true,false,true,0.12073645799955557,
acs,VS103,VS103:local:0,tetrahedral,supplied_support,24,24,24,2,12;12,2,true,true,false,true,0.13523433499995008,
acs,VS103,VS103:local:1,tetrahedral,supplied_support,24,24,24,2,12;12,2,true,true,false,true,0.12172887700035062,
acs,VS103,VS103:local:2,tetrahedral,supplied_support,24,24,24,2,12;12,2,true,true,false,true,0.13278498399995442,
acs,VS103,VS103:local:3,tetrahedral,supplied_support,24,24,24,2,12;12,2,true,true,false,true,0.11997401799999352,
acs,VS104,VS104:local:0,tetrahedral,supplied_support,24,24,24,2,12;12,2,true,true,false,true,0.08725192000019888,
acs,VS105,VS105:local:0,tetrahedral,supplied_support,24,24,24,2,12;12,2,true,true,false,true,0.11457159899964608,
acs,VS105,VS105:local:1,tetrahedral,supplied_support,24,24,24,2,12;12,2,true,true,false,true,0.12376884700006485,
acs,VS105,VS105:local:2,tetrahedral,supplied_support,24,24,24,2,12;12,2,true,true,false,true,0.19330734699997265,
acs,VS105,VS105:local:3,tetrahedral,supplied_support,24,24,24,2,12;12,2,true,true,false,true,0.12457305199950497,
acs,VS105,VS105:local:4,tetrahedral,supplied_support,24,24,24,2,12;12,2,true,true,false,true,0.1266818570002215,
acs,VS106,VS106:local:0,tetrahedral,confirmed,24,24,24,2,12;12,2,true,true,false,true,0.12132808300066245,
acs,VS106,VS106:local:1,tetrahedral,supplied_support,24,24,24,2,12;12,2,true,true,false,true,0.10547238599974662,
acs,VS106,VS106:local:2,tetrahedral,supplied_support,24,24,24,2,12;12,2,true,true,false,true,0.09769796599994152,
acs,VS107,VS107:local:0,planar_bond,supplied_support,8,8,8,2,4;4,2,true,true,false,true,0.02170258600017405,
acs,VS107,VS107:local:1,planar_bond,supplied_support,8,8,8,2,4;4,2,true,true,false,true,0.021541682000133733,
acs,VS107,VS107:local:2,planar_bond,supplied_support,8,8,8,2,4;4,2,true,true,false,true,0.023804829999789945,
acs,VS108,VS108:local:0,tetrahedral,supplied_support,24,24,24,2,12;12,2,true,true,false,true,0.09408817400071712,
acs,VS108,VS108:local:1,tetrahedral,supplied_support,24,24,24,2,12;12,2,true,true,false,true,0.09364347199971235,
acs,VS109,VS109:local:0,tetrahedral,supplied_support,24,24,24,2,12;12,2,true,true,false,true,0.08764718600014021,
acs,VS110,VS110:local:0,planar_bond,supplied_support,8,8,8,2,4;4,2,true,true,false,true,0.07232223299979523,
acs,VS111,VS111:local:0,tetrahedral,supplied_support,24,24,24,2,12;12,2,true,true,false,true,0.09772434499973315,
acs,VS111,VS111:local:1,tetrahedral,supplied_support,24,24,24,2,12;12,2,true,true,false,true,0.0979604410003958,
acs,VS111,VS111:local:2,tetrahedral,supplied_support,24,24,24,2,12;12,2,true,true,false,true,0.10952687900044111,
acs,VS111,VS111:local:3,tetrahedral,supplied_support,24,24,24,2,12;12,2,true,true,false,true,0.09765428999980941,
acs,VS112,VS112:local:0,tetrahedral,supplied_support,24,24,24,2,12;12,2,true,true,false,true,0.09650811800020165,
acs,VS112,VS112:local:1,tetrahedral,supplied_support,24,24,24,2,12;12,2,true,true,false,true,0.10706284800016874,
acs,VS113,VS113:local:0,tetrahedral,supplied_support,24,24,24,2,12;12,2,true,true,false,true,0.09721643800003221,
acs,VS113,VS113:local:1,tetrahedral,supplied_support,24,24,24,2,12;12,2,true,true,false,true,0.09807385299973248,
acs,VS114,VS114:local:0,planar_bond,supplied_support,8,8,8,2,4;4,2,true,true,false,true,0.01884933600013028,
acs,VS115,VS115:local:0,tetrahedral,supplied_support,24,24,24,2,12;12,2,true,true,false,true,0.11784038499990857,
acs,VS115,VS115:local:1,tetrahedral,supplied_support,24,24,24,2,12;12,2,true,true,false,true,0.13088164999953733,
acs,VS115,VS115:local:2,tetrahedral,supplied_support,24,24,24,2,12;12,2,true,true,false,true,0.13669287599987,
acs,VS115,VS115:local:3,tetrahedral,supplied_support,24,24,24,2,12;12,2,true,true,false,true,0.13019012499989913,
acs,VS115,VS115:local:4,tetrahedral,supplied_support,24,24,24,2,12;12,2,true,true,false,true,0.11739514199962287,
acs,VS116,VS116:local:0,tetrahedral,supplied_support,24,24,24,2,12;12,2,true,true,false,true,0.10225814299974445,
acs,VS116,VS116:local:1,tetrahedral,supplied_support,24,24,24,2,12;12,2,true,true,false,true,0.1288370619995476,
acs,VS117,VS117:local:0,planar_bond,supplied_support,8,8,8,2,4;4,2,true,true,false,true,0.017828955999902973,
acs,VS121,VS121:local:0,planar_bond,supplied_support,8,8,8,2,4;4,2,true,true,false,true,0.03285439699993731,
acs,VS122,VS122:local:0,tetrahedral,supplied_support,24,24,24,2,12;12,2,true,true,false,true,0.12201099300000351,
acs,VS123,VS123:local:0,tetrahedral,supplied_support,24,24,24,2,12;12,2,true,true,false,true,0.15372587000001658,
acs,VS125,VS125:local:0,tetrahedral,supplied_support,24,24,24,2,12;12,2,true,true,false,true,0.13886955299949477,
acs,VS125,VS125:local:1,tetrahedral,supplied_support,24,24,24,2,12;12,2,true,true,false,true,0.14050623399998585,
acs,VS125,VS125:local:2,tetrahedral,confirmed,24,24,24,2,12;12,2,true,true,false,true,0.14284727099948213,
acs,VS125,VS125:local:3,planar_bond,supplied_support,8,8,8,2,4;4,2,true,true,false,true,0.030243803999837837,
acs,VS126,VS126:local:0,tetrahedral,supplied_support,24,24,24,2,12;12,2,true,true,false,true,0.9148702769998636,
acs,VS126,VS126:local:1,tetrahedral,supplied_support,24,24,24,2,12;12,2,true,true,false,true,0.9040372930003286,
acs,VS126,VS126:local:2,tetrahedral,supplied_support,24,24,24,2,12;12,2,true,true,false,true,0.9683679500003564,
acs,VS126,VS126:local:3,tetrahedral,supplied_support,24,24,24,2,12;12,2,true,true,false,true,0.9871129519997339,
acs,VS126,VS126:local:4,tetrahedral,supplied_support,24,24,24,2,12;12,2,true,true,false,true,0.9131194350002261,
acs,VS126,VS126:local:5,tetrahedral,supplied_support,24,24,24,2,12;12,2,true,true,false,true,0.9093715209992297,
acs,VS126,VS126:local:6,planar_bond,supplied_support,8,8,8,2,4;4,2,true,true,false,true,0.29625131400007376,
acs,VS126,VS126:local:7,planar_bond,supplied_support,8,8,8,2,4;4,2,true,true,false,true,0.2980466660001184,
acs,VS126,VS126:local:8,planar_bond,supplied_support,8,8,8,2,4;4,2,true,true,false,true,0.2772020070005965,
acs,VS126,VS126:local:9,planar_bond,supplied_support,8,8,8,2,4;4,2,true,true,false,true,0.26501493100022344,
acs,VS127,VS127:local:0,tetrahedral,supplied_support,24,24,24,2,12;12,2,true,true,false,true,0.889128841999991,
acs,VS127,VS127:local:1,tetrahedral,supplied_support,24,24,24,2,12;12,2,true,true,false,true,0.924743161999686,
acs,VS127,VS127:local:2,tetrahedral,supplied_support,24,24,24,2,12;12,2,true,true,false,true,0.9668029859994931,
acs,VS127,VS127:local:3,tetrahedral,supplied_support,24,24,24,2,12;12,2,true,true,false,true,0.9639714139993885,
acs,VS127,VS127:local:4,tetrahedral,supplied_support,24,24,24,2,12;12,2,true,true,false,true,0.9183701749998363,
acs,VS127,VS127:local:5,tetrahedral,supplied_support,24,24,24,2,12;12,2,true,true,false,true,0.8965106800005742,
acs,VS127,VS127:local:6,planar_bond,supplied_support,8,8,8,2,4;4,2,true,true,false,true,0.305134858999736,
acs,VS127,VS127:local:7,planar_bond,supplied_support,8,8,8,2,4;4,2,true,true,false,true,0.29309206300058577,
acs,VS127,VS127:local:8,planar_bond,supplied_support,8,8,8,2,4;4,2,true,true,false,true,0.26293629500014504,
acs,VS127,VS127:local:9,planar_bond,supplied_support,8,8,8,2,4;4,2,true,true,false,true,0.2614732219999496,
acs,VS128,VS128:local:0,tetrahedral,supplied_support,24,24,24,2,12;12,2,true,true,false,true,0.13533807000021625,
acs,VS128,VS128:local:1,tetrahedral,supplied_support,24,24,24,2,12;12,2,true,true,false,true,0.12444813299953239,
acs,VS128,VS128:local:2,tetrahedral,supplied_support,24,24,24,2,12;12,2,true,true,false,true,0.12468020500000421,
acs,VS129,VS129:local:0,tetrahedral,supplied_support,24,24,24,2,12;12,2,true,true,false,true,0.13602199300021312,
acs,VS129,VS129:local:1,tetrahedral,supplied_support,24,24,24,2,12;12,2,true,true,false,true,0.1256235889995878,
acs,VS129,VS129:local:2,tetrahedral,supplied_support,24,24,24,2,12;12,2,true,true,false,true,0.1255857219994141,
acs,VS130,VS130:local:0,tetrahedral,supplied_support,24,24,24,2,12;12,2,true,true,false,true,0.11055758600014087,
acs,VS131,VS131:local:0,tetrahedral,supplied_support,24,24,24,2,12;12,2,true,true,false,true,0.12631862800026283,
acs,VS131,VS131:local:1,tetrahedral,supplied_support,24,24,24,2,12;12,2,true,true,false,true,0.12815478199991048,
acs,VS132,VS132:local:0,tetrahedral,confirmed,24,24,24,2,12;12,2,true,true,false,true,0.1798218399999314,
acs,VS132,VS132:local:1,tetrahedral,confirmed,24,24,24,2,12;12,2,true,true,false,true,0.19316604300001927,
acs,VS133,VS133:local:0,tetrahedral,supplied_support,24,24,24,2,12;12,2,true,true,false,true,0.10266887200032215,
acs,VS134,VS134:local:0,tetrahedral,supplied_support,24,24,24,2,12;12,2,true,true,false,true,0.3154265230004967,
acs,VS136,VS136:local:0,tetrahedral,supplied_support,24,24,24,2,12;12,2,true,true,false,true,0.11750492899955134,
acs,VS136,VS136:local:1,tetrahedral,supplied_support,24,24,24,2,12;12,2,true,true,false,true,0.10583629599932465,
acs,VS137,VS137:local:0,planar_bond,supplied_support,8,8,8,2,4;4,2,true,true,false,true,0.033215011999345734,
acs,VS138,VS138:local:0,tetrahedral,supplied_support,24,24,24,2,12;12,2,true,true,false,true,0.12204166900028213,
acs,VS139,VS139:local:0,tetrahedral,supplied_support,24,24,24,2,12;12,2,true,true,false,true,0.08594665800046641,
acs,VS140,VS140:local:0,planar_bond,supplied_support,8,8,8,2,4;4,2,true,true,false,true,0.03918859399982466,
acs,VS142,VS142:local:0,tetrahedral,supplied_support,24,24,24,2,12;12,2,true,true,false,true,0.10705707899978734,
acs,VS143,VS143:local:0,tetrahedral,supplied_support,24,24,24,2,12;12,2,true,true,false,true,0.11953523400006816,
acs,VS143,VS143:local:1,tetrahedral,supplied_support,24,24,24,2,12;12,2,true,true,false,true,0.11873279300016293,
acs,VS143,VS143:local:2,tetrahedral,supplied_support,24,24,24,2,12;12,2,true,true,false,true,0.11424561499916308,
acs,VS145,VS145:local:0,tetrahedral,supplied_support,24,24,24,2,12;12,2,true,true,false,true,0.08718302600027528,
acs,VS146,VS146:local:0,tetrahedral,supplied_support,24,24,24,2,12;12,2,true,true,false,true,0.13965624200045568,
acs,VS146,VS146:local:1,tetrahedral,supplied_support,24,24,24,2,12;12,2,true,true,false,true,0.15228281899999274,
acs,VS146,VS146:local:2,planar_bond,supplied_support,8,8,8,2,4;4,2,true,true,false,true,0.033220700000129,
acs,VS146,VS146:local:3,planar_bond,supplied_support,8,8,8,2,4;4,2,true,true,false,true,0.05016863499986357,
acs,VS146,VS146:local:4,planar_bond,supplied_support,8,8,8,2,4;4,2,true,true,false,true,0.03390189800029475,
acs,VS146,VS146:local:5,planar_bond,supplied_support,8,8,8,2,4;4,2,true,true,false,true,0.042954569999892556,
acs,VS147,VS147:local:0,tetrahedral,supplied_support,24,24,24,2,12;12,2,true,true,false,true,0.07824360499944305,
acs,VS148,VS148:local:0,planar_bond,supplied_support,8,8,8,2,4;4,2,true,true,false,true,0.03734136399998533,
acs,VS149,VS149:local:0,tetrahedral,supplied_support,24,24,24,2,12;12,2,true,true,false,true,0.08605706399976043,
acs,VS150,VS150:local:0,tetrahedral,supplied_support,24,24,24,2,12;12,2,true,true,false,true,0.10071298900038528,
acs,VS150,VS150:local:1,tetrahedral,supplied_support,24,24,24,2,12;12,2,true,true,false,true,0.1107690859998911,
acs,VS151,VS151:local:0,tetrahedral,supplied_support,24,24,24,2,12;12,2,true,true,false,true,0.08755313399979059,
acs,VS152,VS152:local:0,tetrahedral,supplied_support,24,24,24,2,12;12,2,true,true,false,true,0.12500225100029638,
acs,VS152,VS152:local:1,tetrahedral,supplied_support,24,24,24,2,12;12,2,true,true,false,true,0.14616893499987782,
acs,VS152,VS152:local:2,tetrahedral,supplied_support,24,24,24,2,12;12,2,true,true,false,true,0.12263388199971814,
acs,VS152,VS152:local:3,tetrahedral,supplied_support,24,24,24,2,12;12,2,true,true,false,true,0.14131225100027223,
acs,VS153,VS153:local:0,planar_bond,supplied_support,8,8,8,2,4;4,2,true,true,false,true,0.020250623000720225,
acs,VS153,VS153:local:1,planar_bond,supplied_support,8,8,8,2,4;4,2,true,true,false,true,0.019762506000006397,
acs,VS156,VS156:local:0,tetrahedral,supplied_support,24,24,24,2,12;12,2,true,true,false,true,0.08683915500023431,
acs,VS157,VS157:local:0,tetrahedral,supplied_support,24,24,24,2,12;12,2,true,true,false,true,0.31948967600055767,
acs,VS157,VS157:local:1,tetrahedral,supplied_support,24,24,24,2,12;12,2,true,true,false,true,0.32553547399948,
acs,VS157,VS157:local:2,planar_bond,supplied_support,8,8,8,2,4;4,2,true,true,false,true,0.05356710700016265,
acs,VS157,VS157:local:3,planar_bond,supplied_support,8,8,8,2,4;4,2,true,true,false,true,0.053738335999696574,
acs,VS159,VS159:local:0,tetrahedral,supplied_support,24,24,24,2,12;12,2,true,true,false,true,0.1022940960001506,
acs,VS159,VS159:local:1,tetrahedral,supplied_support,24,24,24,2,12;12,2,true,true,false,true,0.1136280219998298,
acs,VS159,VS159:local:2,tetrahedral,supplied_support,24,24,24,2,12;12,2,true,true,false,true,0.09953213399967353,
acs,VS159,VS159:local:3,tetrahedral,supplied_support,24,24,24,2,12;12,2,true,true,false,true,0.10188844200001768,
acs,VS160,VS160:local:0,tetrahedral,supplied_support,24,24,24,2,12;12,2,true,true,false,true,0.1080924630005029,
acs,VS160,VS160:local:1,tetrahedral,supplied_support,24,24,24,2,12;12,2,true,true,false,true,0.12795834400003514,
acs,VS160,VS160:local:2,tetrahedral,supplied_support,24,24,24,2,12;12,2,true,true,false,true,0.10747426800026005,
acs,VS161,VS161:local:0,tetrahedral,supplied_support,24,24,24,2,12;12,2,true,true,false,true,0.09194107100029214,
acs,VS161,VS161:local:1,planar_bond,supplied_support,8,8,8,2,4;4,2,true,true,false,true,0.02003179299936164,
acs,VS162,VS162:local:0,tetrahedral,supplied_support,24,24,24,2,12;12,2,true,true,false,true,0.0836338250001063,
acs,VS163,VS163:local:0,tetrahedral,supplied_support,24,24,24,2,12;12,2,true,true,false,true,0.0898314650003158,
acs,VS163,VS163:local:1,tetrahedral,supplied_support,24,24,24,2,12;12,2,true,true,false,true,0.09531608699944627,
acs,VS165,VS165:local:0,tetrahedral,supplied_support,24,24,24,2,12;12,2,true,true,false,true,0.13634652300061134,
acs,VS167,VS167:local:0,tetrahedral,supplied_support,24,24,24,2,12;12,2,true,true,false,true,0.0993290189999243,
acs,VS168,VS168:local:0,tetrahedral,supplied_support,24,24,24,2,12;12,2,true,true,false,true,0.09049812099965493,
acs,VS168,VS168:local:1,tetrahedral,supplied_support,24,24,24,2,12;12,2,true,true,false,true,0.0909023710000838,
acs,VS169,VS169:local:0,tetrahedral,supplied_support,24,24,24,2,12;12,2,true,true,false,true,0.09122565000052418,
acs,VS169,VS169:local:1,tetrahedral,supplied_support,24,24,24,2,12;12,2,true,true,false,true,0.09182091799993941,
acs,VS170,VS170:local:0,tetrahedral,supplied_support,24,24,24,2,12;12,2,true,true,false,true,0.08670918900043034,
acs,VS171,VS171:local:0,tetrahedral,supplied_support,24,24,24,2,12;12,2,true,true,false,true,2.608719318999647,
acs,VS172,VS172:local:0,tetrahedral,supplied_support,24,24,24,2,12;12,2,true,true,false,true,0.08927849900010187,
acs,VS172,VS172:local:1,tetrahedral,supplied_support,24,24,24,2,12;12,2,true,true,false,true,0.08956733400009398,
acs,VS173,VS173:local:0,tetrahedral,supplied_support,24,24,24,2,12;12,2,true,true,false,true,2.6983801829992444,
acs,VS173,VS173:local:1,planar_bond,supplied_support,8,8,8,2,4;4,2,true,true,false,true,0.42759620800006815,
acs,VS173,VS173:local:2,planar_bond,supplied_support,8,8,8,2,4;4,2,true,true,false,true,0.4271726150000177,
acs,VS173,VS173:local:3,planar_bond,supplied_support,8,8,8,2,4;4,2,true,true,false,true,0.4417691359994933,
acs,VS174,VS174:local:0,tetrahedral,supplied_support,24,24,24,2,12;12,2,true,true,false,true,0.12886191699999472,
acs,VS174,VS174:local:1,tetrahedral,supplied_support,24,24,24,2,12;12,2,true,true,false,true,0.11642699799995171,
acs,VS188,VS188:local:0,planar_bond,confirmed,8,8,8,2,4;4,1,true,false,true,true,0.025406007999663416,
acs,VS188,VS188:local:1,planar_bond,confirmed,8,8,8,2,4;4,1,true,false,true,true,0.025522144000206026,
acs,VS189,VS189:local:0,planar_bond,confirmed,8,8,8,2,4;4,1,true,false,true,true,0.02981304300010379,
acs,VS189,VS189:local:1,planar_bond,confirmed,8,8,8,2,4;4,1,true,false,true,true,0.030234269999709795,
acs,VS190,VS190:local:0,planar_bond,confirmed,8,8,8,2,4;4,1,true,false,true,true,0.04435858000033477,
acs,VS190,VS190:local:1,planar_bond,confirmed,8,8,8,2,4;4,1,true,false,true,true,0.04487841500031209,
acs,VS190,VS190:local:2,planar_bond,confirmed,8,8,8,2,4;4,1,true,false,true,true,0.07704005699997651,
acs,VS191,VS191:local:0,tetrahedral,supplied_support,24,24,24,2,12;12,1,true,false,true,true,0.3429084800000055,
acs,VS191,VS191:local:1,planar_bond,supplied_support,8,8,8,2,4;4,2,true,true,false,true,0.054020401000343554,
acs,VS191,VS191:local:2,planar_bond,supplied_support,8,8,8,2,4;4,2,true,true,false,true,0.053734549999717274,
acs,VS191,VS191:local:3,planar_bond,supplied_support,8,8,8,2,4;4,2,true,true,false,true,0.054062094999608235,
acs,VS191,VS191:local:4,planar_bond,supplied_support,8,8,8,2,4;4,2,true,true,false,true,0.053862183000092045,
acs,VS191,VS191:local:5,planar_bond,supplied_support,8,8,8,2,4;4,1,true,false,true,true,0.05568385400056286,
acs,VS191,VS191:local:6,planar_bond,confirmed,8,8,8,2,4;4,1,true,false,true,true,0.06593582599998626,
acs,VS192,VS192:local:0,tetrahedral,supplied_support,24,24,24,2,12;12,1,true,false,true,true,0.2525712630003909,
acs,VS192,VS192:local:1,planar_bond,supplied_support,8,8,8,2,4;4,2,true,true,false,true,0.03040045099987765,
acs,VS192,VS192:local:2,planar_bond,supplied_support,8,8,8,2,4;4,2,true,true,false,true,0.031032966000566375,
acs,VS193,VS193:local:0,tetrahedral,supplied_support,24,24,24,2,12;12,1,true,false,true,true,0.2301670679999006,
acs,VS193,VS193:local:1,planar_bond,supplied_support,8,8,8,2,4;4,2,true,true,false,true,0.039810792000025685,
acs,VS193,VS193:local:2,planar_bond,supplied_support,8,8,8,2,4;4,2,true,true,false,true,0.029277093999553472,
acs,VS194,VS194:local:0,tetrahedral,supplied_support,24,24,24,2,12;12,1,true,false,true,true,0.22270783299973118,
acs,VS194,VS194:local:1,planar_bond,supplied_support,8,8,8,2,4;4,2,true,true,false,true,0.02791940400038584,
acs,VS194,VS194:local:2,planar_bond,supplied_support,8,8,8,2,4;4,2,true,true,false,true,0.027836668999952963,
acs,VS195,VS195:local:0,tetrahedral,supplied_support,24,24,24,2,12;12,1,true,false,true,true,0.18163045800065447,
acs,VS195,VS195:local:1,planar_bond,supplied_support,8,8,8,2,4;4,2,true,true,false,true,0.02096306800012826,
acs,VS195,VS195:local:2,planar_bond,supplied_support,8,8,8,2,4;4,2,true,true,false,true,0.020766500999343407,
acs,VS196,VS196:local:0,tetrahedral,supplied_support,24,24,24,2,12;12,1,true,false,true,true,0.17787402600060886,
acs,VS196,VS196:local:1,tetrahedral,supplied_support,24,24,24,2,12;12,1,true,false,true,true,0.16512444099953427,
acs,VS196,VS196:local:2,tetrahedral,supplied_support,24,24,24,2,12;12,1,true,false,true,true,0.16458889199930127,
acs,VS196,VS196:local:3,tetrahedral,supplied_support,24,24,24,2,12;12,1,true,false,true,true,0.1758423870005572,
acs,VS196,VS196:local:4,tetrahedral,supplied_support,24,24,24,2,12;12,1,true,false,true,true,0.1641184609998163,
acs,VS196,VS196:local:5,tetrahedral,supplied_support,24,24,24,2,12;12,1,true,false,true,true,0.16429422500004875,
acs,VS197,VS197:local:0,tetrahedral,supplied_support,24,24,24,2,12;12,1,true,false,true,true,0.1687417440007266,
acs,VS197,VS197:local:1,tetrahedral,supplied_support,24,24,24,2,12;12,1,true,false,true,true,0.18120426400037104,
acs,VS197,VS197:local:2,tetrahedral,supplied_support,24,24,24,2,12;12,1,true,false,true,true,0.16593811900020228,
acs,VS197,VS197:local:3,tetrahedral,supplied_support,24,24,24,2,12;12,1,true,false,true,true,0.1665849969995179,
acs,VS197,VS197:local:4,tetrahedral,supplied_support,24,24,24,2,12;12,1,true,false,true,true,0.1664541479995023,
acs,VS197,VS197:local:5,tetrahedral,supplied_support,24,24,24,2,12;12,1,true,false,true,true,0.16676345399991988,
acs,VS198,VS198:local:0,tetrahedral,supplied_support,24,24,24,2,12;12,2,true,true,false,true,0.5033891290004249,
acs,VS198,VS198:local:1,tetrahedral,supplied_support,24,24,24,2,12;12,2,true,true,false,true,0.5040059430002657,
acs,VS198,VS198:local:2,tetrahedral,supplied_support,24,24,24,2,12;12,2,true,true,false,true,0.47298671699991246,
acs,VS198,VS198:local:3,tetrahedral,supplied_support,24,24,24,2,12;12,2,true,true,false,true,0.5083697850004683,
acs,VS198,VS198:local:4,tetrahedral,supplied_support,24,24,24,2,12;12,2,true,true,false,true,0.4985528469997007,
acs,VS198,VS198:local:5,tetrahedral,supplied_support,24,24,24,2,12;12,2,true,true,false,true,0.48797136200028035,
acs,VS198,VS198:local:6,tetrahedral,supplied_support,24,24,24,2,12;12,2,true,true,false,true,0.5025807319998421,
acs,VS198,VS198:local:7,tetrahedral,supplied_support,24,24,24,2,12;12,2,true,true,false,true,0.4874667420008336,
acs,VS198,VS198:local:8,tetrahedral,supplied_support,24,24,24,2,12;12,2,true,true,false,true,0.4948124819993609,
acs,VS198,VS198:local:9,tetrahedral,supplied_support,24,24,24,2,12;12,2,true,true,false,true,0.5135136779999812,
acs,VS198,VS198:local:10,tetrahedral,supplied_support,24,24,24,2,12;12,1,true,false,true,true,1.0181465929999831,
acs,VS198,VS198:local:11,tetrahedral,supplied_support,24,24,24,2,12;12,2,true,true,false,true,0.4714758050004093,
acs,VS198,VS198:local:12,tetrahedral,supplied_support,24,24,24,2,12;12,2,true,true,false,true,0.5134912260000419,
acs,VS199,VS199:local:0,tetrahedral,supplied_support,24,24,24,2,12;12,2,true,true,false,true,0.12131878599939228,
acs,VS199,VS199:local:1,tetrahedral,supplied_support,24,24,24,2,12;12,2,true,true,false,true,0.13179978399966785,
acs,VS199,VS199:local:2,tetrahedral,supplied_support,24,24,24,2,12;12,1,true,false,true,true,0.19637788999989425,
acs,VS199,VS199:local:3,tetrahedral,supplied_support,24,24,24,2,12;12,2,true,true,false,true,0.1321013890001268,
acs,VS199,VS199:local:4,tetrahedral,supplied_support,24,24,24,2,12;12,2,true,true,false,true,0.12042926300000545,
acs,VS200,VS200:local:0,tetrahedral,supplied_support,24,24,24,2,12;12,2,true,true,false,true,0.1340385449993846,
acs,VS200,VS200:local:1,tetrahedral,supplied_support,24,24,24,2,12;12,2,true,true,false,true,0.12073882900040189,
acs,VS200,VS200:local:2,tetrahedral,supplied_support,24,24,24,2,12;12,1,true,false,true,true,0.2035326349996467,
acs,VS200,VS200:local:3,tetrahedral,supplied_support,24,24,24,2,12;12,2,true,true,false,true,0.11995416500030842,
acs,VS200,VS200:local:4,tetrahedral,supplied_support,24,24,24,2,12;12,2,true,true,false,true,0.11980875500012189,
acs,VS201,VS201:local:0,tetrahedral,supplied_support,24,24,24,2,12;12,2,true,true,false,true,0.12052692999986903,
acs,VS201,VS201:local:1,tetrahedral,supplied_support,24,24,24,2,12;12,2,true,true,false,true,0.12010023600032582,
acs,VS201,VS201:local:2,tetrahedral,supplied_support,24,24,24,2,12;12,1,true,false,true,true,0.19471960600003513,
acs,VS201,VS201:local:3,tetrahedral,supplied_support,24,24,24,2,12;12,2,true,true,false,true,0.13244361600027332,
acs,VS201,VS201:local:4,tetrahedral,supplied_support,24,24,24,2,12;12,2,true,true,false,true,0.11929412599965872,
acs,VS202,VS202:local:0,tetrahedral,supplied_support,24,24,24,2,12;12,2,true,true,false,true,0.14705523299926426,
acs,VS202,VS202:local:1,tetrahedral,supplied_support,24,24,24,2,12;12,2,true,true,false,true,0.14648390999991534,
acs,VS202,VS202:local:2,tetrahedral,supplied_support,24,24,24,2,12;12,1,true,false,true,true,0.24724743200022203,
acs,VS202,VS202:local:3,tetrahedral,supplied_support,24,24,24,2,12;12,2,true,true,false,true,0.1462216219997572,
acs,VS202,VS202:local:4,tetrahedral,supplied_support,24,24,24,2,12;12,2,true,true,false,true,0.14676164699994843,
acs,VS203,VS203:local:0,tetrahedral,supplied_support,24,24,24,2,12;12,2,true,true,false,true,0.2572263429992745,
acs,VS203,VS203:local:1,tetrahedral,supplied_support,24,24,24,2,12;12,2,true,true,false,true,0.23449727799925313,
acs,VS203,VS203:local:2,tetrahedral,supplied_support,24,24,24,2,12;12,2,true,true,false,true,0.2557485170000291,
acs,VS203,VS203:local:3,tetrahedral,supplied_support,24,24,24,2,12;12,2,true,true,false,true,0.24246262299948285,
acs,VS203,VS203:local:4,tetrahedral,supplied_support,24,24,24,2,12;12,2,true,true,false,true,0.2321847319999506,
acs,VS203,VS203:local:5,tetrahedral,supplied_support,24,24,24,2,12;12,2,true,true,false,true,0.25674362999961886,
acs,VS203,VS203:local:6,tetrahedral,supplied_support,24,24,24,2,12;12,2,true,true,false,true,0.2214740030003668,
acs,VS203,VS203:local:7,tetrahedral,confirmed,24,24,24,2,12;12,2,true,true,false,true,0.17621141900053772,
acs,VS203,VS203:local:8,tetrahedral,supplied_support,24,24,24,2,12;12,1,true,false,true,true,0.2791529880005328,
acs,VS203,VS203:local:9,tetrahedral,confirmed,24,24,24,2,12;12,2,true,true,false,true,0.17460257899983844,
acs,VS203,VS203:local:10,tetrahedral,supplied_support,24,24,24,2,12;12,2,true,true,false,true,0.2337583429998631,
acs,VS204,VS204:local:0,tetrahedral,supplied_support,24,24,24,2,12;12,2,true,true,false,true,0.26314120600000024,
acs,VS204,VS204:local:1,tetrahedral,supplied_support,24,24,24,2,12;12,2,true,true,false,true,0.22589301399966644,
acs,VS204,VS204:local:2,tetrahedral,supplied_support,24,24,24,2,12;12,2,true,true,false,true,0.25111913599994296,
acs,VS204,VS204:local:3,tetrahedral,supplied_support,24,24,24,2,12;12,2,true,true,false,true,0.26173040100002254,
acs,VS204,VS204:local:4,tetrahedral,supplied_support,24,24,24,2,12;12,2,true,true,false,true,0.22610679300032643,
acs,VS204,VS204:local:5,tetrahedral,supplied_support,24,24,24,2,12;12,2,true,true,false,true,0.2625291770000331,
acs,VS204,VS204:local:6,tetrahedral,supplied_support,24,24,24,2,12;12,2,true,true,false,true,0.23827656699995714,
acs,VS204,VS204:local:7,tetrahedral,confirmed,24,24,24,2,12;12,2,true,true,false,true,0.18020887599959678,
acs,VS204,VS204:local:8,tetrahedral,supplied_support,24,24,24,2,12;12,1,true,false,true,true,0.2851283310001236,
acs,VS204,VS204:local:9,tetrahedral,confirmed,24,24,24,2,12;12,2,true,true,false,true,0.18074320199957583,
acs,VS204,VS204:local:10,tetrahedral,supplied_support,24,24,24,2,12;12,2,true,true,false,true,0.22827932800009876,
acs,VS205,VS205:local:0,tetrahedral,supplied_support,24,24,24,2,12;12,1,true,false,true,true,0.25185101500028395,
acs,VS205,VS205:local:1,tetrahedral,supplied_support,24,24,24,2,12;12,1,true,false,true,true,0.24945445399953314,
acs,VS205,VS205:local:2,tetrahedral,supplied_support,24,24,24,2,12;12,1,true,false,true,true,0.26390125999932934,
acs,VS205,VS205:local:3,tetrahedral,supplied_support,24,24,24,2,12;12,1,true,false,true,true,0.24913165500038303,
acs,VS205,VS205:local:4,tetrahedral,supplied_support,24,24,24,2,12;12,1,true,false,true,true,0.26291598199986765,
acs,VS205,VS205:local:5,tetrahedral,supplied_support,24,24,24,2,12;12,1,true,false,true,true,0.25017354500050715,
acs,VS206,VS206:local:0,tetrahedral,supplied_support,24,24,24,2,12;12,1,true,false,true,true,0.18745304100048088,
acs,VS206,VS206:local:1,tetrahedral,supplied_support,24,24,24,2,12;12,1,true,false,true,true,0.18776012299986178,
acs,VS206,VS206:local:2,tetrahedral,supplied_support,24,24,24,2,12;12,1,true,false,true,true,0.1998905910004396,
acs,VS206,VS206:local:3,tetrahedral,supplied_support,24,24,24,2,12;12,1,true,false,true,true,0.18804221900063567,
acs,VS207,VS207:local:0,tetrahedral,supplied_support,24,24,24,2,12;12,1,true,false,true,true,0.262314351999521,
acs,VS207,VS207:local:1,tetrahedral,supplied_support,24,24,24,2,12;12,1,true,false,true,true,0.25080520099982095,
acs,VS207,VS207:local:2,tetrahedral,supplied_support,24,24,24,2,12;12,1,true,false,true,true,0.26524704199982807,
acs,VS207,VS207:local:3,tetrahedral,supplied_support,24,24,24,2,12;12,1,true,false,true,true,0.25112327999977424,
acs,VS208,VS208:local:0,tetrahedral,supplied_support,24,24,24,2,12;12,1,true,false,true,true,0.7977891699993052,
acs,VS208,VS208:local:1,tetrahedral,supplied_support,24,24,24,2,12;12,1,true,false,true,true,0.8013480249992426,
acs,VS208,VS208:local:2,tetrahedral,supplied_support,24,24,24,2,12;12,1,true,false,true,true,0.7985936250006489,
acs,VS208,VS208:local:3,tetrahedral,supplied_support,24,24,24,2,12;12,1,true,false,true,true,0.7879757480004628,
acs,VS209,VS209:local:0,tetrahedral,supplied_support,24,24,24,2,12;12,1,true,false,true,true,0.1647401179998269,
acs,VS209,VS209:local:1,tetrahedral,supplied_support,24,24,24,2,12;12,1,true,false,true,true,0.1642972589997953,
acs,VS209,VS209:local:2,tetrahedral,supplied_support,24,24,24,2,12;12,1,true,false,true,true,0.16529477600033715,
acs,VS209,VS209:local:3,tetrahedral,supplied_support,24,24,24,2,12;12,1,true,false,true,true,0.17743551000057778,
acs,VS209,VS209:local:4,tetrahedral,supplied_support,24,24,24,2,12;12,1,true,false,true,true,0.1646649050007909,
acs,VS209,VS209:local:5,tetrahedral,supplied_support,24,24,24,2,12;12,1,true,false,true,true,0.16520628899979783,
acs,VS210,VS210:local:0,tetrahedral,supplied_support,24,24,24,2,12;12,1,true,false,true,true,0.17637707199992292,
acs,VS210,VS210:local:1,tetrahedral,supplied_support,24,24,24,2,12;12,1,true,false,true,true,0.16444029500053148,
acs,VS210,VS210:local:2,tetrahedral,supplied_support,24,24,24,2,12;12,1,true,false,true,true,0.16503602500051784,
acs,VS210,VS210:local:3,tetrahedral,supplied_support,24,24,24,2,12;12,1,true,false,true,true,0.17895925100037857,
acs,VS210,VS210:local:4,tetrahedral,supplied_support,24,24,24,2,12;12,1,true,false,true,true,0.1650739019996763,
acs,VS210,VS210:local:5,tetrahedral,supplied_support,24,24,24,2,12;12,1,true,false,true,true,0.1651270789998307,
acs,VS211,VS211:local:0,tetrahedral,supplied_support,24,24,24,2,12;12,1,true,false,true,true,0.18644764999953622,
acs,VS211,VS211:local:1,tetrahedral,supplied_support,24,24,24,2,12;12,1,true,false,true,true,0.1964434950004943,
acs,VS212,VS212:local:0,tetrahedral,supplied_support,24,24,24,2,12;12,1,true,false,true,true,0.20676074699986202,
acs,VS212,VS212:local:1,tetrahedral,supplied_support,24,24,24,2,12;12,1,true,false,true,true,0.1883715760004634,
acs,VS213,VS213:local:0,tetrahedral,supplied_support,24,24,24,2,12;12,1,true,false,true,true,0.15799280800001725,
acs,VS213,VS213:local:1,tetrahedral,supplied_support,24,24,24,2,12;12,1,true,false,true,true,0.14395879400035483,
acs,VS214,VS214:local:0,planar_bond,confirmed,8,8,8,2,4;4,1,true,false,true,true,0.06256515399945783,
acs,VS215,VS215:local:0,tetrahedral,supplied_support,24,24,24,2,12;12,2,true,true,false,true,0.12734854000063933,
acs,VS215,VS215:local:1,tetrahedral,supplied_support,24,24,24,2,12;12,2,true,true,false,true,0.1276282219996574,
acs,VS216,VS216:local:0,tetrahedral,supplied_support,24,24,24,2,12;12,2,true,true,false,true,0.1415655999999217,
acs,VS216,VS216:local:1,tetrahedral,supplied_support,24,24,24,2,12;12,2,true,true,false,true,0.12722229900009552,
acs,VS217,VS217:local:0,tetrahedral,supplied_support,24,24,24,2,12;12,2,true,true,false,true,0.13884757499999978,
acs,VS217,VS217:local:1,tetrahedral,supplied_support,24,24,24,2,12;12,2,true,true,false,true,0.1520410900002389,
acs,VS218,VS218:local:0,tetrahedral,supplied_support,24,24,24,2,12;12,2,true,true,false,true,0.17096282500006055,
acs,VS218,VS218:local:1,tetrahedral,supplied_support,24,24,24,2,12;12,2,true,true,false,true,0.15518353500010562,
acs,VS219,VS219:local:0,tetrahedral,supplied_support,24,24,24,2,12;12,1,true,false,true,true,0.13372062300004472,
acs,VS219,VS219:local:1,tetrahedral,supplied_support,24,24,24,2,12;12,1,true,false,true,true,0.12067424800079607,
acs,VS220,VS220:local:0,tetrahedral,supplied_support,24,24,24,2,12;12,1,true,false,true,true,0.2654879819992857,
acs,VS220,VS220:local:1,tetrahedral,supplied_support,24,24,24,2,12;12,1,true,false,true,true,0.2692205669991381,
acs,VS220,VS220:local:2,tetrahedral,supplied_support,24,24,24,2,12;12,1,true,false,true,true,0.2713377350000883,
acs,VS220,VS220:local:3,tetrahedral,supplied_support,24,24,24,2,12;12,1,true,false,true,true,0.3275360429997818,
acs,VS221,VS221:local:0,tetrahedral,supplied_support,24,24,24,2,12;12,1,true,false,true,true,0.14687715899981413,
acs,VS221,VS221:local:1,tetrahedral,supplied_support,24,24,24,2,12;12,1,true,false,true,true,0.1573295340003824,
acs,VS222,VS222:local:0,tetrahedral,supplied_support,24,24,24,2,12;12,1,true,false,true,true,0.1560241830002269,
acs,VS222,VS222:local:1,tetrahedral,supplied_support,24,24,24,2,12;12,1,true,false,true,true,0.14514798800064455,
acs,VS223,VS223:local:0,tetrahedral,supplied_support,24,24,24,2,12;12,1,true,false,true,true,0.4576185500000065,
acs,VS223,VS223:local:1,tetrahedral,supplied_support,24,24,24,2,12;12,1,true,false,true,true,0.45602268899983756,
acs,VS223,VS223:local:2,tetrahedral,supplied_support,24,24,24,2,12;12,1,true,false,true,true,0.45874336100041546,
acs,VS223,VS223:local:3,tetrahedral,supplied_support,24,24,24,2,12;12,1,true,false,true,true,0.458408786000291,
acs,VS224,VS224:local:0,tetrahedral,supplied_support,24,24,24,2,12;12,1,true,false,true,true,0.3557099109993942,
acs,VS224,VS224:local:1,tetrahedral,supplied_support,24,24,24,2,12;12,1,true,false,true,true,0.3327983409999433,
acs,VS224,VS224:local:2,tetrahedral,supplied_support,24,24,24,2,12;12,1,true,false,true,true,0.35701189400060684,
acs,VS224,VS224:local:3,tetrahedral,supplied_support,24,24,24,2,12;12,1,true,false,true,true,0.3474426209995727,
acs,VS225,VS225:local:0,tetrahedral,supplied_support,24,24,24,2,12;12,1,true,false,true,true,0.21918088900019939,
acs,VS225,VS225:local:1,tetrahedral,supplied_support,24,24,24,2,12;12,1,true,false,true,true,0.20658008100053848,
acs,VS226,VS226:local:0,tetrahedral,supplied_support,24,24,24,2,12;12,1,true,false,true,true,0.9979593190000742,
acs,VS226,VS226:local:1,tetrahedral,supplied_support,24,24,24,2,12;12,1,true,false,true,true,1.0764890430000378,
acs,VS226,VS226:local:2,tetrahedral,supplied_support,24,24,24,2,12;12,1,true,false,true,true,0.9917273340006432,
acs,VS226,VS226:local:3,tetrahedral,supplied_support,24,24,24,2,12;12,1,true,false,true,true,1.0688344669997605,
acs,VS226,VS226:local:4,tetrahedral,supplied_support,24,24,24,2,12;12,1,true,false,true,true,1.0664442379993488,
acs,VS226,VS226:local:5,tetrahedral,supplied_support,24,24,24,2,12;12,1,true,false,true,true,0.9906509659995208,
acs,VS226,VS226:local:6,tetrahedral,supplied_support,24,24,24,2,12;12,1,true,false,true,true,1.0704591439998694,
acs,VS226,VS226:local:7,tetrahedral,supplied_support,24,24,24,2,12;12,1,true,false,true,true,0.9946218980003323,
acs,VS227,VS227:local:0,tetrahedral,supplied_support,24,24,24,2,12;12,2,true,true,false,true,0.11522031199910998,
acs,VS227,VS227:local:1,tetrahedral,supplied_support,24,24,24,2,12;12,1,true,false,true,true,0.16310900100052095,
acs,VS227,VS227:local:2,tetrahedral,supplied_support,24,24,24,2,12;12,2,true,true,false,true,0.10274942900014139,
acs,VS228,VS228:local:0,tetrahedral,supplied_support,24,24,24,2,12;12,2,true,true,false,true,0.10365895199993247,
acs,VS228,VS228:local:1,tetrahedral,supplied_support,24,24,24,2,12;12,1,true,false,true,true,0.16558771499967406,
acs,VS228,VS228:local:2,tetrahedral,supplied_support,24,24,24,2,12;12,2,true,true,false,true,0.10451151999950525,
acs,VS229,VS229:local:0,tetrahedral,supplied_support,24,24,24,2,12;12,2,true,true,false,true,0.0974529299992355,
acs,VS229,VS229:local:1,tetrahedral,supplied_support,24,24,24,2,12;12,2,true,true,false,true,0.09634339500007627,
acs,VS229,VS229:local:2,planar_bond,supplied_support,8,8,8,2,4;4,1,true,false,true,true,0.027607572999841068,
acs,VS230,VS230:local:0,tetrahedral,supplied_support,24,24,24,2,12;12,2,true,true,false,true,0.106285138000203,
acs,VS230,VS230:local:1,tetrahedral,supplied_support,24,24,24,2,12;12,2,true,true,false,true,0.09257326099941565,
acs,VS230,VS230:local:2,tetrahedral,supplied_support,24,24,24,2,12;12,1,true,false,true,true,0.15280062400051975,
acs,VS233,VS233:local:0,tetrahedral,supplied_support,24,24,24,2,12;12,2,true,true,false,true,0.7274841339994964,
acs,VS233,VS233:local:1,tetrahedral,supplied_support,24,24,24,2,12;12,2,true,true,false,true,0.7286513580002065,
acs,VS233,VS233:local:2,tetrahedral,supplied_support,24,24,24,2,12;12,1,true,false,true,true,1.882482228000299,
acs,VS233,VS233:local:3,tetrahedral,supplied_support,24,24,24,2,12;12,2,true,true,false,true,0.7203687479996006,
acs,VS233,VS233:local:4,tetrahedral,supplied_support,24,24,24,2,12;12,2,true,true,false,true,1.0587847350006996,
acs,VS233,VS233:local:5,tetrahedral,supplied_support,24,24,24,2,12;12,2,true,true,false,true,0.7210470609998083,
acs,VS233,VS233:local:6,tetrahedral,supplied_support,24,24,24,2,12;12,2,true,true,false,true,0.7194031310000355,
acs,VS233,VS233:local:7,tetrahedral,supplied_support,24,24,24,2,12;12,1,true,false,true,true,0.6934487520002222,
acs,VS233,VS233:local:8,tetrahedral,supplied_support,24,24,24,2,12;12,2,true,true,false,true,1.0595547100001568,
acs,VS233,VS233:local:9,tetrahedral,supplied_support,24,24,24,2,12;12,1,true,false,true,true,0.6952119210000092,
acs,VS233,VS233:local:10,tetrahedral,supplied_support,24,24,24,2,12;12,2,true,true,false,true,0.7246619920006196,
acs,VS233,VS233:local:11,tetrahedral,supplied_support,24,24,24,2,12;12,2,true,true,false,true,0.7285477429995808,
acs,VS233,VS233:local:12,tetrahedral,supplied_support,24,24,24,2,12;12,2,true,true,false,true,1.055624259999604,
acs,VS233,VS233:local:13,tetrahedral,supplied_support,24,24,24,2,12;12,2,true,true,false,true,0.7286332519997814,
acs,VS233,VS233:local:14,tetrahedral,supplied_support,24,24,24,2,12;12,2,true,true,false,true,1.060338186000081,
acs,VS234,VS234:local:0,tetrahedral,supplied_support,24,24,24,2,12;12,2,true,true,false,true,0.168760466999629,
acs,VS234,VS234:local:1,tetrahedral,supplied_support,24,24,24,2,12;12,1,true,false,true,true,0.21783747099925677,
acs,VS234,VS234:local:2,tetrahedral,supplied_support,24,24,24,2,12;12,2,true,true,false,true,0.1565840160001244,
acs,VS235,VS235:local:0,tetrahedral,supplied_support,24,24,24,2,12;12,2,true,true,false,true,0.20603068099990196,
acs,VS235,VS235:local:1,tetrahedral,supplied_support,24,24,24,2,12;12,2,true,true,false,true,0.15363059699939186,
acs,VS235,VS235:local:2,tetrahedral,supplied_support,24,24,24,2,12;12,1,true,false,true,true,0.2402218510005696,
acs,VS235,VS235:local:3,tetrahedral,supplied_support,24,24,24,2,12;12,2,true,true,false,true,0.15280423700005485,
acs,VS236,VS236:local:0,tetrahedral,supplied_support,24,24,24,2,12;12,2,true,true,false,true,0.09275747900028364,
acs,VS236,VS236:local:1,tetrahedral,supplied_support,24,24,24,2,12;12,1,true,false,true,true,0.14918755800044892,
acs,VS236,VS236:local:2,tetrahedral,supplied_support,24,24,24,2,12;12,2,true,true,false,true,0.09457463299986557,
acs,VS237,VS237:local:0,tetrahedral,supplied_support,24,24,24,2,12;12,2,true,true,false,true,0.0894769050000832,
acs,VS237,VS237:local:1,tetrahedral,supplied_support,24,24,24,2,12;12,1,true,false,true,true,0.17033256800004892,
acs,VS237,VS237:local:2,tetrahedral,supplied_support,24,24,24,2,12;12,2,true,true,false,true,0.08889619599995058,
acs,VS238,VS238:local:0,tetrahedral,supplied_support,24,24,24,2,12;12,1,true,false,true,true,0.15134144800049398,
acs,VS238,VS238:local:1,tetrahedral,supplied_support,24,24,24,2,12;12,2,true,true,false,true,0.10816552599953866,
acs,VS238,VS238:local:2,tetrahedral,supplied_support,24,24,24,2,12;12,2,true,true,false,true,0.10752653100007592,
acs,VS239,VS239:local:0,tetrahedral,supplied_support,24,24,24,2,12;12,2,true,true,false,true,0.21357347799948911,
acs,VS239,VS239:local:1,tetrahedral,supplied_support,24,24,24,2,12;12,2,true,true,false,true,0.19221346100039227,
acs,VS239,VS239:local:2,tetrahedral,supplied_support,24,24,24,2,12;12,2,true,true,false,true,0.22718682599952444,
acs,VS239,VS239:local:3,tetrahedral,supplied_support,24,24,24,2,12;12,1,true,false,true,true,0.30291967399989517,
acs,VS239,VS239:local:4,tetrahedral,supplied_support,24,24,24,2,12;12,2,true,true,false,true,0.1920295600002646,
acs,VS239,VS239:local:5,tetrahedral,supplied_support,24,24,24,2,12;12,2,true,true,false,true,0.2126016369993522,
acs,VS239,VS239:local:6,tetrahedral,supplied_support,24,24,24,2,12;12,2,true,true,false,true,0.1932691319998412,
acs,VS239,VS239:local:7,tetrahedral,supplied_support,24,24,24,2,12;12,2,true,true,false,true,0.22523179999916465,
acs,VS239,VS239:local:8,tetrahedral,supplied_support,24,24,24,2,12;12,2,true,true,false,true,0.1916131600000881,
acs,VS240,VS240:local:0,tetrahedral,supplied_support,24,24,24,2,12;12,1,true,false,true,true,0.2289538739996715,
acs,VS240,VS240:local:1,tetrahedral,supplied_support,24,24,24,2,12;12,1,true,false,true,true,0.21669331900011457,
acs,VS240,VS240:local:2,planar_bond,supplied_support,8,8,8,2,4;4,2,true,true,false,true,0.028365746999952535,
acs,VS240,VS240:local:3,planar_bond,supplied_support,8,8,8,2,4;4,2,true,true,false,true,0.02861974999996164,
acs,VS241,VS241:local:0,tetrahedral,supplied_support,24,24,24,2,12;12,1,true,false,true,true,0.17413138399933814,
acs,VS241,VS241:local:1,tetrahedral,supplied_support,24,24,24,2,12;12,2,true,true,false,true,0.10206670599927747,
acs,VS241,VS241:local:2,tetrahedral,supplied_support,24,24,24,2,12;12,2,true,true,false,true,0.10247832799996104,
acs,VS242,VS242:local:0,tetrahedral,supplied_support,24,24,24,2,12;12,1,true,false,true,true,0.8603359609996915,
acs,VS242,VS242:local:1,tetrahedral,supplied_support,24,24,24,2,12;12,2,true,true,false,true,0.8848798019998867,
acs,VS242,VS242:local:2,tetrahedral,supplied_support,24,24,24,2,12;12,2,true,true,false,true,0.9107565470003465,
acs,VS242,VS242:local:3,tetrahedral,supplied_support,24,24,24,2,12;12,2,true,true,false,true,0.9223111410001366,
acs,VS242,VS242:local:4,tetrahedral,supplied_support,24,24,24,2,12;12,2,true,true,false,true,0.882971138999892,
acs,VS242,VS242:local:5,tetrahedral,supplied_support,24,24,24,2,12;12,2,true,true,false,true,0.9105656960000488,
acs,VS242,VS242:local:6,tetrahedral,supplied_support,24,24,24,2,12;12,1,true,false,true,true,2.0481375070003196,
acs,VS242,VS242:local:7,tetrahedral,supplied_support,24,24,24,2,12;12,1,true,false,true,true,0.8546370479998586,
acs,VS242,VS242:local:8,tetrahedral,supplied_support,24,24,24,2,12;12,2,true,true,false,true,0.8898066520005159,
acs,VS242,VS242:local:9,tetrahedral,supplied_support,24,24,24,2,12;12,2,true,true,false,true,0.9169864499999676,
acs,VS242,VS242:local:10,tetrahedral,supplied_support,24,24,24,2,12;12,2,true,true,false,true,0.8979867369998829,
acs,VS242,VS242:local:11,tetrahedral,supplied_support,24,24,24,2,12;12,2,true,true,false,true,0.9199741439997524,
acs,VS242,VS242:local:12,tetrahedral,supplied_support,24,24,24,2,12;12,2,true,true,false,true,0.894721911000488,
acs,VS242,VS242:local:13,tetrahedral,supplied_support,24,24,24,2,12;12,1,true,false,true,true,0.861161505000382,
acs,VS242,VS242:local:14,tetrahedral,supplied_support,24,24,24,2,12;12,2,true,true,false,true,0.898618209000233,
acs,VS242,VS242:local:15,tetrahedral,supplied_support,24,24,24,2,12;12,2,true,true,false,true,0.9166414569999688,
acs,VS242,VS242:local:16,tetrahedral,supplied_support,24,24,24,2,12;12,2,true,true,false,true,0.8943959159996666,
acs,VS242,VS242:local:17,tetrahedral,supplied_support,24,24,24,2,12;12,2,true,true,false,true,0.9400767850002012,
acs,VS242,VS242:local:18,tetrahedral,supplied_support,24,24,24,2,12;12,1,true,false,true,true,0.8611145590002707,
acs,VS242,VS242:local:19,tetrahedral,supplied_support,24,24,24,2,12;12,2,true,true,false,true,0.8905592840001191,
acs,VS242,VS242:local:20,tetrahedral,supplied_support,24,24,24,2,12;12,2,true,true,false,true,0.9152168999999049,
acs,VS244,VS244:local:0,tetrahedral,supplied_support,24,24,24,2,12;12,2,true,true,false,true,0.1292923510000037,
acs,VS244,VS244:local:1,tetrahedral,supplied_support,24,24,24,2,12;12,2,true,true,false,true,0.14623337499961053,
acs,VS244,VS244:local:2,tetrahedral,supplied_support,24,24,24,2,12;12,1,true,false,true,true,0.18437018599979638,
acs,VS244,VS244:local:3,tetrahedral,supplied_support,24,24,24,2,12;12,2,true,true,false,true,0.1354033799998433,
acs,VS244,VS244:local:4,tetrahedral,supplied_support,24,24,24,2,12;12,2,true,true,false,true,0.14001384199946187,
acs,VS245,VS245:local:0,tetrahedral,supplied_support,24,24,24,2,12;12,2,true,true,false,true,0.1414644219994443,
acs,VS245,VS245:local:1,tetrahedral,supplied_support,24,24,24,2,12;12,2,true,true,false,true,0.1296458740007438,
acs,VS245,VS245:local:2,tetrahedral,supplied_support,24,24,24,2,12;12,2,true,true,false,true,0.12957778199961467,
acs,VS245,VS245:local:3,tetrahedral,supplied_support,24,24,24,2,12;12,2,true,true,false,true,0.12681007300034253,
acs,VS245,VS245:local:4,planar_bond,supplied_support,8,8,8,2,4;4,1,true,false,true,true,0.05105879599977925,
acs,VS246,VS246:local:0,planar_bond,confirmed,8,8,8,2,4;4,1,true,false,true,true,0.03011346599942044,
acs,VS247,VS247:local:0,planar_bond,confirmed,8,8,8,2,4;4,1,true,false,true,true,0.030317392999677395,
acs,VS248,VS248:local:0,planar_bond,confirmed,8,8,8,2,4;4,1,true,false,true,true,0.026439498000399908,
acs,VS249,VS249:local:0,tetrahedral,supplied_support,24,24,24,2,12;12,2,true,true,false,true,0.755874004999896,
acs,VS249,VS249:local:1,tetrahedral,supplied_support,24,24,24,2,12;12,2,true,true,false,true,0.7576445000004242,
acs,VS249,VS249:local:2,tetrahedral,supplied_support,24,24,24,2,12;12,2,true,true,false,true,1.812806859000375,
acs,VS249,VS249:local:3,tetrahedral,supplied_support,24,24,24,2,12;12,1,true,false,true,true,1.9763255360003313,
acs,VS249,VS249:local:4,tetrahedral,supplied_support,24,24,24,2,12;12,2,true,true,false,true,0.7567504310000004,
acs,VS249,VS249:local:5,tetrahedral,supplied_support,24,24,24,2,12;12,2,true,true,false,true,1.8257885729999543,
acs,VS249,VS249:local:6,tetrahedral,supplied_support,24,24,24,2,12;12,1,true,false,true,true,1.1878980009996667,
acs,VS249,VS249:local:7,tetrahedral,supplied_support,24,24,24,2,12;12,2,true,true,false,true,1.0996027940000204,
acs,VS249,VS249:local:8,tetrahedral,supplied_support,24,24,24,2,12;12,2,true,true,false,true,0.7613459670001248,
acs,VS249,VS249:local:9,tetrahedral,supplied_support,24,24,24,2,12;12,1,true,false,true,true,0.7295335440003328,
acs,VS249,VS249:local:10,tetrahedral,supplied_support,24,24,24,2,12;12,2,true,true,false,true,0.7587648640001134,
acs,VS249,VS249:local:11,tetrahedral,supplied_support,24,24,24,2,12;12,2,true,true,false,true,1.0934428809996461,
acs,VS249,VS249:local:12,tetrahedral,supplied_support,24,24,24,2,12;12,1,true,false,true,true,0.71697480200055,
acs,VS249,VS249:local:13,tetrahedral,supplied_support,24,24,24,2,12;12,2,true,true,false,true,0.7512482599995565,
acs,VS249,VS249:local:14,tetrahedral,supplied_support,24,24,24,2,12;12,2,true,true,false,true,1.1250199140004042,
acs,VS249,VS249:local:15,tetrahedral,supplied_support,24,24,24,2,12;12,2,true,true,false,true,0.759267065000131,
acs,VS249,VS249:local:16,tetrahedral,supplied_support,24,24,24,2,12;12,2,true,true,false,true,0.7647192679996806,
acs,VS249,VS249:local:17,tetrahedral,supplied_support,24,24,24,2,12;12,1,true,false,true,true,1.1940828580000016,
acs,VS249,VS249:local:18,tetrahedral,supplied_support,24,24,24,2,12;12,2,true,true,false,true,1.1058326840002337,
acs,VS250,VS250:local:0,tetrahedral,supplied_support,24,24,24,2,12;12,2,true,true,false,true,0.7450904100005573,
acs,VS250,VS250:local:1,tetrahedral,supplied_support,24,24,24,2,12;12,2,true,true,false,true,0.757420601999911,
acs,VS250,VS250:local:2,tetrahedral,supplied_support,24,24,24,2,12;12,2,true,true,false,true,1.7890171149992966,
acs,VS250,VS250:local:3,tetrahedral,supplied_support,24,24,24,2,12;12,1,true,false,true,true,1.9246750020001855,
acs,VS250,VS250:local:4,tetrahedral,supplied_support,24,24,24,2,12;12,2,true,true,false,true,0.7434666319995813,
acs,VS250,VS250:local:5,tetrahedral,supplied_support,24,24,24,2,12;12,2,true,true,false,true,1.7861446220003927,
acs,VS250,VS250:local:6,tetrahedral,supplied_support,24,24,24,2,12;12,1,true,false,true,true,1.1666437989997576,
acs,VS250,VS250:local:7,tetrahedral,supplied_support,24,24,24,2,12;12,2,true,true,false,true,1.0829425299998547,
acs,VS250,VS250:local:8,tetrahedral,supplied_support,24,24,24,2,12;12,2,true,true,false,true,0.7478480889994898,
acs,VS250,VS250:local:9,tetrahedral,supplied_support,24,24,24,2,12;12,1,true,false,true,true,0.7154895310004576,
acs,VS250,VS250:local:10,tetrahedral,supplied_support,24,24,24,2,12;12,2,true,true,false,true,0.7501126320003095,
acs,VS250,VS250:local:11,tetrahedral,supplied_support,24,24,24,2,12;12,2,true,true,false,true,1.0885775389997434,
acs,VS250,VS250:local:12,tetrahedral,supplied_support,24,24,24,2,12;12,1,true,false,true,true,0.7202317100000073,
acs,VS250,VS250:local:13,tetrahedral,supplied_support,24,24,24,2,12;12,2,true,true,false,true,0.7339484929998434,
acs,VS250,VS250:local:14,tetrahedral,supplied_support,24,24,24,2,12;12,2,true,true,false,true,1.0880893559997276,
acs,VS250,VS250:local:15,tetrahedral,supplied_support,24,24,24,2,12;12,2,true,true,false,true,0.7454100059994744,
acs,VS250,VS250:local:16,tetrahedral,supplied_support,24,24,24,2,12;12,2,true,true,false,true,0.7492261309998867,
acs,VS250,VS250:local:17,tetrahedral,supplied_support,24,24,24,2,12;12,1,true,false,true,true,1.1723288980001598,
acs,VS250,VS250:local:18,tetrahedral,supplied_support,24,24,24,2,12;12,2,true,true,false,true,1.0888009139998758,
acs,VS251,VS251:local:0,tetrahedral,supplied_support,24,24,24,2,12;12,2,true,true,false,true,0.14207215999977052,
acs,VS251,VS251:local:1,tetrahedral,supplied_support,24,24,24,2,12;12,2,true,true,false,true,0.14138187799926527,
acs,VS251,VS251:local:2,tetrahedral,supplied_support,24,24,24,2,12;12,1,true,false,true,true,0.20910742199976085,
acs,VS251,VS251:local:3,tetrahedral,supplied_support,24,24,24,2,12;12,1,true,false,true,true,0.22831960300027276,
acs,VS251,VS251:local:4,tetrahedral,supplied_support,24,24,24,2,12;12,2,true,true,false,true,0.14043014800063247,
acs,VS251,VS251:local:5,tetrahedral,supplied_support,24,24,24,2,12;12,2,true,true,false,true,0.1518897529995229,
acs,VS252,VS252:local:0,tetrahedral,supplied_support,24,24,24,2,12;12,1,true,false,true,true,0.1767571999998836,
acs,VS252,VS252:local:1,tetrahedral,supplied_support,24,24,24,2,12;12,1,true,false,true,true,0.16481984299934993,
acs,VS252,VS252:local:2,tetrahedral,supplied_support,24,24,24,2,12;12,1,true,false,true,true,0.17893581799944513,
acs,VS252,VS252:local:3,tetrahedral,supplied_support,24,24,24,2,12;12,1,true,false,true,true,0.16448802899958537,
acs,VS253,VS253:local:0,tetrahedral,supplied_support,24,24,24,2,12;12,1,true,false,true,true,0.1787082939999891,
acs,VS253,VS253:local:1,tetrahedral,supplied_support,24,24,24,2,12;12,1,true,false,true,true,0.16579697500037582,
acs,VS253,VS253:local:2,tetrahedral,supplied_support,24,24,24,2,12;12,1,true,false,true,true,0.1665453660007188,
acs,VS253,VS253:local:3,tetrahedral,supplied_support,24,24,24,2,12;12,1,true,false,true,true,0.16635376599970186,
acs,VS253,VS253:local:4,tetrahedral,supplied_support,24,24,24,2,12;12,1,true,false,true,true,0.17842892200042115,
acs,VS253,VS253:local:5,tetrahedral,supplied_support,24,24,24,2,12;12,1,true,false,true,true,0.16602258600050845,
acs,VS254,VS254:local:0,tetrahedral,supplied_support,24,24,24,2,12;12,1,true,false,true,true,0.1819913009994707,
acs,VS254,VS254:local:1,tetrahedral,supplied_support,24,24,24,2,12;12,1,true,false,true,true,0.16493333200014604,
acs,VS254,VS254:local:2,tetrahedral,supplied_support,24,24,24,2,12;12,1,true,false,true,true,0.16648111899939977,
acs,VS254,VS254:local:3,tetrahedral,supplied_support,24,24,24,2,12;12,1,true,false,true,true,0.1768097369995303,
acs,VS254,VS254:local:4,tetrahedral,supplied_support,24,24,24,2,12;12,1,true,false,true,true,0.16828276899923367,
acs,VS254,VS254:local:5,tetrahedral,supplied_support,24,24,24,2,12;12,1,true,false,true,true,0.17758074999983364,
acs,VS255,VS255:local:0,tetrahedral,supplied_support,24,24,24,2,12;12,1,true,false,true,true,0.16640436200032127,
acs,VS255,VS255:local:1,tetrahedral,supplied_support,24,24,24,2,12;12,1,true,false,true,true,0.16558291199999076,
acs,VS255,VS255:local:2,tetrahedral,supplied_support,24,24,24,2,12;12,1,true,false,true,true,0.1664869769992947,
acs,VS255,VS255:local:3,tetrahedral,supplied_support,24,24,24,2,12;12,1,true,false,true,true,0.18054882300020836,
acs,VS255,VS255:local:4,tetrahedral,supplied_support,24,24,24,2,12;12,1,true,false,true,true,0.16636907999964023,
acs,VS255,VS255:local:5,tetrahedral,supplied_support,24,24,24,2,12;12,1,true,false,true,true,0.16628420100005314,
acs,VS256,VS256:local:0,tetrahedral,supplied_support,24,24,24,2,12;12,1,true,false,true,true,0.16597468399959325,
acs,VS256,VS256:local:1,tetrahedral,supplied_support,24,24,24,2,12;12,1,true,false,true,true,0.16568891199949576,
acs,VS256,VS256:local:2,tetrahedral,supplied_support,24,24,24,2,12;12,1,true,false,true,true,0.1770971300002202,
acs,VS256,VS256:local:3,tetrahedral,supplied_support,24,24,24,2,12;12,1,true,false,true,true,0.16581387099995482,
acs,VS257,VS257:local:0,tetrahedral,supplied_support,24,24,24,2,12;12,2,true,true,false,true,0.11874195600012172,
acs,VS257,VS257:local:1,tetrahedral,supplied_support,24,24,24,2,12;12,1,true,false,true,true,0.16032162700048502,
acs,VS257,VS257:local:2,tetrahedral,supplied_support,24,24,24,2,12;12,1,true,false,true,true,0.14950737599974673,
acs,VS258,VS258:local:0,tetrahedral,supplied_support,24,24,24,2,12;12,2,true,true,false,true,0.11876459999984945,
acs,VS258,VS258:local:1,tetrahedral,supplied_support,24,24,24,2,12;12,1,true,false,true,true,0.1607718670002214,
acs,VS258,VS258:local:2,tetrahedral,supplied_support,24,24,24,2,12;12,1,true,false,true,true,0.14827650699953665,
acs,VS259,VS259:local:0,tetrahedral,supplied_support,24,24,24,2,12;12,1,true,false,true,true,0.28519184600008884,
acs,VS259,VS259:local:1,tetrahedral,supplied_support,24,24,24,2,12;12,1,true,false,true,true,0.27410497100026987,
acs,VS259,VS259:local:2,tetrahedral,supplied_support,24,24,24,2,12;12,1,true,false,true,true,0.2834888810002667,
acs,VS259,VS259:local:3,tetrahedral,supplied_support,24,24,24,2,12;12,2,true,true,false,true,0.3026171980000072,
acs,VS259,VS259:local:4,tetrahedral,supplied_support,24,24,24,2,12;12,1,true,false,true,true,0.27476491299967165,
acs,VS259,VS259:local:5,planar_bond,supplied_support,8,8,8,2,4;4,2,true,true,false,true,0.07400474499991105,
acs,VS260,VS260:local:0,tetrahedral,supplied_support,24,24,24,2,12;12,2,true,true,false,true,0.14907210899946222,
acs,VS260,VS260:local:1,tetrahedral,supplied_support,24,24,24,2,12;12,2,true,true,false,true,0.146282094999151,
acs,VS260,VS260:local:2,tetrahedral,supplied_support,24,24,24,2,12;12,1,true,false,true,true,0.17333017900000414,
acs,VS260,VS260:local:3,tetrahedral,supplied_support,24,24,24,2,12;12,1,true,false,true,true,0.1837123770001199,
acs,VS260,VS260:local:4,tetrahedral,supplied_support,24,24,24,2,12;12,2,true,true,false,true,0.14475438600038615,
acs,VS261,VS261:local:0,tetrahedral,supplied_support,24,24,24,2,12;12,1,true,false,true,true,2.174552040999515,
acs,VS261,VS261:local:1,tetrahedral,supplied_support,24,24,24,2,12;12,1,true,false,true,true,1.4182249710001997,
acs,VS261,VS261:local:2,tetrahedral,supplied_support,24,24,24,2,12;12,2,true,true,false,true,1.429015298000195,
acs,VS261,VS261:local:3,tetrahedral,supplied_support,24,24,24,2,12;12,2,true,true,false,true,1.4789164169997093,
acs,VS261,VS261:local:4,tetrahedral,supplied_support,24,24,24,2,12;12,2,true,true,false,true,1.4650368720003826,
acs,VS261,VS261:local:5,tetrahedral,supplied_support,24,24,24,2,12;12,2,true,true,false,true,1.4351833990003797,
acs,VS261,VS261:local:6,tetrahedral,supplied_support,24,24,24,2,12;12,2,true,true,false,true,1.4617106300001979,
acs,VS261,VS261:local:7,tetrahedral,supplied_support,24,24,24,2,12;12,1,true,false,true,true,2.6509623199999623,
acs,VS261,VS261:local:8,tetrahedral,supplied_support,24,24,24,2,12;12,1,true,false,true,true,2.175247925999429,
acs,VS261,VS261:local:9,tetrahedral,supplied_support,24,24,24,2,12;12,1,true,false,true,true,1.4338200069996674,
acs,VS261,VS261:local:10,tetrahedral,supplied_support,24,24,24,2,12;12,2,true,true,false,true,1.4298120060002475,
acs,VS261,VS261:local:11,tetrahedral,supplied_support,24,24,24,2,12;12,2,true,true,false,true,1.4706145740001375,
acs,VS261,VS261:local:12,tetrahedral,supplied_support,24,24,24,2,12;12,2,true,true,false,true,1.4253522549997797,
acs,VS261,VS261:local:13,tetrahedral,supplied_support,24,24,24,2,12;12,2,true,true,false,true,1.4833708230007687,
acs,VS261,VS261:local:14,tetrahedral,supplied_support,24,24,24,2,12;12,2,true,true,false,true,1.4489849560004586,
acs,VS261,VS261:local:15,tetrahedral,supplied_support,24,24,24,2,12;12,1,true,false,true,true,1.394321707999552,
acs,VS261,VS261:local:16,tetrahedral,supplied_support,24,24,24,2,12;12,2,true,true,false,true,1.3864702390001185,
acs,VS261,VS261:local:17,tetrahedral,supplied_support,24,24,24,2,12;12,2,true,true,false,true,1.42707929900007,
acs,VS261,VS261:local:18,tetrahedral,supplied_support,24,24,24,2,12;12,2,true,true,false,true,1.3901528790001976,
acs,VS261,VS261:local:19,tetrahedral,supplied_support,24,24,24,2,12;12,2,true,true,false,true,1.4412756450001325,
acs,VS261,VS261:local:20,tetrahedral,supplied_support,24,24,24,2,12;12,2,true,true,false,true,2.4922688549995655,
acs,VS261,VS261:local:21,tetrahedral,supplied_support,24,24,24,2,12;12,1,true,false,true,true,1.3636261000001468,
acs,VS261,VS261:local:22,tetrahedral,supplied_support,24,24,24,2,12;12,2,true,true,false,true,2.5017162149997603,
acs,VS261,VS261:local:23,tetrahedral,supplied_support,24,24,24,2,12;12,2,true,true,false,true,1.4297673949995442,
acs,VS261,VS261:local:24,tetrahedral,supplied_support,24,24,24,2,12;12,2,true,true,false,true,1.4373240929999156,
acs,VS262,VS262:local:0,tetrahedral,supplied_support,24,24,24,2,12;12,1,true,false,true,true,1.8750221109994527,
acs,VS262,VS262:local:1,tetrahedral,supplied_support,24,24,24,2,12;12,2,true,true,false,true,1.0436654690001888,
acs,VS262,VS262:local:2,tetrahedral,supplied_support,24,24,24,2,12;12,2,true,true,false,true,0.7142837260007582,
acs,VS262,VS262:local:3,tetrahedral,supplied_support,24,24,24,2,12;12,1,true,false,true,true,0.689344606999839,
acs,VS262,VS262:local:4,tetrahedral,supplied_support,24,24,24,2,12;12,2,true,true,false,true,0.7143664240002181,
acs,VS262,VS262:local:5,tetrahedral,supplied_support,24,24,24,2,12;12,2,true,true,false,true,0.7247363050000786,
acs,VS262,VS262:local:6,tetrahedral,supplied_support,24,24,24,2,12;12,2,true,true,false,true,1.047754445999999,
acs,VS262,VS262:local:7,tetrahedral,supplied_support,24,24,24,2,12;12,2,true,true,false,true,0.7194199140003548,
acs,VS262,VS262:local:8,tetrahedral,supplied_support,24,24,24,2,12;12,2,true,true,false,true,0.7203984130001118,
acs,VS262,VS262:local:9,tetrahedral,supplied_support,24,24,24,2,12;12,2,true,true,false,true,1.0387149329999374,
acs,VS262,VS262:local:10,tetrahedral,supplied_support,24,24,24,2,12;12,1,true,false,true,true,0.6871874959997513,
acs,VS262,VS262:local:11,tetrahedral,supplied_support,24,24,24,2,12;12,2,true,true,false,true,0.7236662189998242,
acs,VS262,VS262:local:12,tetrahedral,supplied_support,24,24,24,2,12;12,2,true,true,false,true,0.7199718209994899,
acs,VS262,VS262:local:13,tetrahedral,supplied_support,24,24,24,2,12;12,2,true,true,false,true,0.7191097320001063,
acs,VS262,VS262:local:14,tetrahedral,supplied_support,24,24,24,2,12;12,2,true,true,false,true,1.0483983369995258,
acs,VS263,VS263:local:0,tetrahedral,supplied_support,24,24,24,2,12;12,1,true,false,true,true,2.191164650999781,
acs,VS263,VS263:local:1,tetrahedral,supplied_support,24,24,24,2,12;12,1,true,false,true,true,1.4217998630001603,
acs,VS263,VS263:local:2,tetrahedral,supplied_support,24,24,24,2,12;12,2,true,true,false,true,1.4887946219996593,
acs,VS263,VS263:local:3,tetrahedral,supplied_support,24,24,24,2,12;12,2,true,true,false,true,1.4724477429999752,
acs,VS263,VS263:local:4,tetrahedral,supplied_support,24,24,24,2,12;12,2,true,true,false,true,1.4802871319998303,
acs,VS263,VS263:local:5,tetrahedral,supplied_support,24,24,24,2,12;12,2,true,true,false,true,1.4339749290002146,
acs,VS263,VS263:local:6,tetrahedral,supplied_support,24,24,24,2,12;12,2,true,true,false,true,1.4889199950002876,
acs,VS263,VS263:local:7,tetrahedral,supplied_support,24,24,24,2,12;12,1,true,false,true,true,2.637535132999801,
acs,VS263,VS263:local:8,tetrahedral,supplied_support,24,24,24,2,12;12,1,true,false,true,true,2.1759936099997503,
acs,VS263,VS263:local:9,tetrahedral,supplied_support,24,24,24,2,12;12,1,true,false,true,true,1.407260631999634,
acs,VS263,VS263:local:10,tetrahedral,supplied_support,24,24,24,2,12;12,2,true,true,false,true,1.4490718059996652,
acs,VS263,VS263:local:11,tetrahedral,supplied_support,24,24,24,2,12;12,2,true,true,false,true,1.470605493000221,
acs,VS263,VS263:local:12,tetrahedral,supplied_support,24,24,24,2,12;12,2,true,true,false,true,1.4837987270002486,
acs,VS263,VS263:local:13,tetrahedral,supplied_support,24,24,24,2,12;12,2,true,true,false,true,1.4716480569995838,
acs,VS263,VS263:local:14,tetrahedral,supplied_support,24,24,24,2,12;12,2,true,true,false,true,1.495482667000033,
acs,VS263,VS263:local:15,tetrahedral,supplied_support,24,24,24,2,12;12,1,true,false,true,true,1.4408930240006157,
acs,VS263,VS263:local:16,tetrahedral,supplied_support,24,24,24,2,12;12,2,true,true,false,true,1.4927646340001957,
acs,VS263,VS263:local:17,tetrahedral,supplied_support,24,24,24,2,12;12,2,true,true,false,true,1.5004912599997624,
acs,VS263,VS263:local:18,tetrahedral,supplied_support,24,24,24,2,12;12,2,true,true,false,true,1.4843047419999493,
acs,VS263,VS263:local:19,tetrahedral,supplied_support,24,24,24,2,12;12,2,true,true,false,true,1.507086454000273,
acs,VS263,VS263:local:20,tetrahedral,supplied_support,24,24,24,2,12;12,2,true,true,false,true,2.6411943260000044,
acs,VS263,VS263:local:21,tetrahedral,supplied_support,24,24,24,2,12;12,1,true,false,true,true,1.4496397600005366,
acs,VS263,VS263:local:22,tetrahedral,supplied_support,24,24,24,2,12;12,2,true,true,false,true,2.6062868939998225,
acs,VS263,VS263:local:23,tetrahedral,supplied_support,24,24,24,2,12;12,2,true,true,false,true,1.4324767620000785,
acs,VS263,VS263:local:24,tetrahedral,supplied_support,24,24,24,2,12;12,2,true,true,false,true,1.4628348739997818,
acs,VS264,VS264:local:0,tetrahedral,supplied_support,24,24,24,2,12;12,1,true,false,true,true,1.3981424109997533,
acs,VS264,VS264:local:1,tetrahedral,supplied_support,24,24,24,2,12;12,2,true,true,false,true,1.437642371000038,
acs,VS264,VS264:local:2,tetrahedral,supplied_support,24,24,24,2,12;12,2,true,true,false,true,1.4585339080003905,
acs,VS264,VS264:local:3,tetrahedral,supplied_support,24,24,24,2,12;12,2,true,true,false,true,1.4805078010003854,
acs,VS264,VS264:local:4,tetrahedral,supplied_support,24,24,24,2,12;12,2,true,true,false,true,1.4331193290008741,
acs,VS264,VS264:local:5,tetrahedral,supplied_support,24,24,24,2,12;12,2,true,true,false,true,1.4725781959996311,
acs,VS264,VS264:local:6,tetrahedral,supplied_support,24,24,24,2,12;12,1,true,false,true,true,2.660454859999845,
acs,VS264,VS264:local:7,tetrahedral,supplied_support,24,24,24,2,12;12,1,true,false,true,true,1.4173352039997553,
acs,VS264,VS264:local:8,tetrahedral,supplied_support,24,24,24,2,12;12,2,true,true,false,true,1.4401150169996981,
acs,VS264,VS264:local:9,tetrahedral,supplied_support,24,24,24,2,12;12,2,true,true,false,true,1.4812700310003493,
acs,VS264,VS264:local:10,tetrahedral,supplied_support,24,24,24,2,12;12,2,true,true,false,true,1.466107442000066,
acs,VS264,VS264:local:11,tetrahedral,supplied_support,24,24,24,2,12;12,2,true,true,false,true,1.438615220000429,
acs,VS264,VS264:local:12,tetrahedral,supplied_support,24,24,24,2,12;12,2,true,true,false,true,1.4582218270006706,
acs,VS264,VS264:local:13,tetrahedral,supplied_support,24,24,24,2,12;12,1,true,false,true,true,1.4220230729997638,
acs,VS264,VS264:local:14,tetrahedral,supplied_support,24,24,24,2,12;12,2,true,true,false,true,1.434809862000293,
acs,VS264,VS264:local:15,tetrahedral,supplied_support,24,24,24,2,12;12,2,true,true,false,true,1.4680248670001674,
acs,VS264,VS264:local:16,tetrahedral,supplied_support,24,24,24,2,12;12,2,true,true,false,true,1.4562092999995002,
acs,VS264,VS264:local:17,tetrahedral,supplied_support,24,24,24,2,12;12,2,true,true,false,true,1.519351454999196,
acs,VS264,VS264:local:18,tetrahedral,supplied_support,24,24,24,2,12;12,2,true,true,false,true,2.6267119650001405,
acs,VS264,VS264:local:19,tetrahedral,supplied_support,24,24,24,2,12;12,1,true,false,true,true,1.4412052559991935,
acs,VS264,VS264:local:20,tetrahedral,supplied_support,24,24,24,2,12;12,2,true,true,false,true,2.649253644000055,
acs,VS264,VS264:local:21,tetrahedral,supplied_support,24,24,24,2,12;12,2,true,true,false,true,1.4747431180003332,
acs,VS264,VS264:local:22,tetrahedral,supplied_support,24,24,24,2,12;12,2,true,true,false,true,1.497792385000139,
acs,VS265,VS265:local:0,tetrahedral,supplied_support,24,24,24,2,12;12,1,true,false,true,true,1.5036365370006024,
acs,VS265,VS265:local:1,tetrahedral,supplied_support,24,24,24,2,12;12,1,true,false,true,true,0.9263371050001297,
acs,VS265,VS265:local:2,tetrahedral,supplied_support,24,24,24,2,12;12,2,true,true,false,true,0.9709555669996917,
acs,VS265,VS265:local:3,tetrahedral,supplied_support,24,24,24,2,12;12,2,true,true,false,true,1.0217560420005611,
acs,VS265,VS265:local:4,tetrahedral,supplied_support,24,24,24,2,12;12,2,true,true,false,true,1.0057509069993102,
acs,VS265,VS265:local:5,tetrahedral,supplied_support,24,24,24,2,12;12,2,true,true,false,true,0.9578951369994684,
acs,VS265,VS265:local:6,tetrahedral,supplied_support,24,24,24,2,12;12,2,true,true,false,true,1.0040937519997897,
acs,VS265,VS265:local:7,tetrahedral,supplied_support,24,24,24,2,12;12,1,true,false,true,true,2.321658720000414,
acs,VS265,VS265:local:8,tetrahedral,supplied_support,24,24,24,2,12;12,1,true,false,true,true,1.5240126489998147,
acs,VS265,VS265:local:9,tetrahedral,supplied_support,24,24,24,2,12;12,1,true,false,true,true,0.9276895470002273,
acs,VS265,VS265:local:10,tetrahedral,supplied_support,24,24,24,2,12;12,2,true,true,false,true,0.971913336000398,
acs,VS265,VS265:local:11,tetrahedral,supplied_support,24,24,24,2,12;12,2,true,true,false,true,0.9933425369999895,
acs,VS265,VS265:local:12,tetrahedral,supplied_support,24,24,24,2,12;12,2,true,true,false,true,0.9719074670001646,
acs,VS265,VS265:local:13,tetrahedral,supplied_support,24,24,24,2,12;12,2,true,true,false,true,0.9722793520004416,
acs,VS265,VS265:local:14,tetrahedral,supplied_support,24,24,24,2,12;12,2,true,true,false,true,1.0001555859998916,
acs,VS265,VS265:local:15,tetrahedral,supplied_support,24,24,24,2,12;12,1,true,false,true,true,0.9239042930003052,
acs,VS265,VS265:local:16,tetrahedral,supplied_support,24,24,24,2,12;12,2,true,true,false,true,0.9678984129996024,
acs,VS265,VS265:local:17,tetrahedral,supplied_support,24,24,24,2,12;12,2,true,true,false,true,0.9866016259993557,
acs,VS265,VS265:local:18,tetrahedral,supplied_support,24,24,24,2,12;12,2,true,true,false,true,0.9694180469996354,
acs,VS265,VS265:local:19,tetrahedral,supplied_support,24,24,24,2,12;12,2,true,true,false,true,0.9884715669995785,
acs,VS265,VS265:local:20,tetrahedral,supplied_support,24,24,24,2,12;12,1,true,false,true,true,0.9382575010004075,
acs,VS265,VS265:local:21,tetrahedral,supplied_support,24,24,24,2,12;12,2,true,true,false,true,2.533431412000027,
acs,VS265,VS265:local:22,tetrahedral,supplied_support,24,24,24,2,12;12,2,true,true,false,true,0.9487608340004954,
acs,VS265,VS265:local:23,tetrahedral,supplied_support,24,24,24,2,12;12,2,true,true,false,true,0.9623441379999349,
acs,VS266,VS266:local:0,tetrahedral,supplied_support,24,24,24,2,12;12,1,true,false,true,true,0.9351629160000812,
acs,VS266,VS266:local:1,tetrahedral,supplied_support,24,24,24,2,12;12,2,true,true,false,true,0.9831265000002531,
acs,VS266,VS266:local:2,tetrahedral,supplied_support,24,24,24,2,12;12,2,true,true,false,true,1.0000455120007246,
acs,VS266,VS266:local:3,tetrahedral,supplied_support,24,24,24,2,12;12,2,true,true,false,true,1.0108425999997053,
acs,VS266,VS266:local:4,tetrahedral,supplied_support,24,24,24,2,12;12,2,true,true,false,true,0.9668611699999019,
acs,VS266,VS266:local:5,tetrahedral,supplied_support,24,24,24,2,12;12,2,true,true,false,true,1.0171568119994845,
acs,VS266,VS266:local:6,tetrahedral,supplied_support,24,24,24,2,12;12,1,true,false,true,true,2.3193204270000933,
acs,VS266,VS266:local:7,tetrahedral,supplied_support,24,24,24,2,12;12,1,true,false,true,true,0.9674314320000121,
acs,VS266,VS266:local:8,tetrahedral,supplied_support,24,24,24,2,12;12,2,true,true,false,true,0.9876045569999405,
acs,VS266,VS266:local:9,tetrahedral,supplied_support,24,24,24,2,12;12,2,true,true,false,true,1.0335569549997672,
acs,VS266,VS266:local:10,tetrahedral,supplied_support,24,24,24,2,12;12,2,true,true,false,true,0.9843191529998876,
acs,VS266,VS266:local:11,tetrahedral,supplied_support,24,24,24,2,12;12,2,true,true,false,true,0.989421501999459,
acs,VS266,VS266:local:12,tetrahedral,supplied_support,24,24,24,2,12;12,2,true,true,false,true,1.0187725220002903,
acs,VS266,VS266:local:13,tetrahedral,supplied_support,24,24,24,2,12;12,1,true,false,true,true,0.9667040679996717,
acs,VS266,VS266:local:14,tetrahedral,supplied_support,24,24,24,2,12;12,2,true,true,false,true,0.9975922500007073,
acs,VS266,VS266:local:15,tetrahedral,supplied_support,24,24,24,2,12;12,2,true,true,false,true,1.026117221000277,
acs,VS266,VS266:local:16,tetrahedral,supplied_support,24,24,24,2,12;12,2,true,true,false,true,0.9837376290006432,
acs,VS266,VS266:local:17,tetrahedral,supplied_support,24,24,24,2,12;12,2,true,true,false,true,1.0372701070000403,
acs,VS266,VS266:local:18,tetrahedral,supplied_support,24,24,24,2,12;12,1,true,false,true,true,0.9547695010005555,
acs,VS266,VS266:local:19,tetrahedral,supplied_support,24,24,24,2,12;12,2,true,true,false,true,2.645034668000335,
acs,VS266,VS266:local:20,tetrahedral,supplied_support,24,24,24,2,12;12,2,true,true,false,true,0.9625888209993718,
acs,VS266,VS266:local:21,tetrahedral,supplied_support,24,24,24,2,12;12,2,true,true,false,true,1.0337966289998803,
acs,VS267,VS267:local:0,tetrahedral,supplied_support,24,24,24,2,12;12,1,true,false,true,true,2.6673154500003875,
acs,VS267,VS267:local:1,tetrahedral,supplied_support,24,24,24,2,12;12,2,true,true,false,true,1.4760246809992168,
acs,VS267,VS267:local:2,tetrahedral,supplied_support,24,24,24,2,12;12,1,true,false,true,true,1.4330491900000197,
acs,VS267,VS267:local:3,tetrahedral,supplied_support,24,24,24,2,12;12,2,true,true,false,true,1.4471814280004764,
acs,VS267,VS267:local:4,tetrahedral,supplied_support,24,24,24,2,12;12,2,true,true,false,true,1.4823481799994624,
acs,VS267,VS267:local:5,tetrahedral,supplied_support,24,24,24,2,12;12,2,true,true,false,true,1.4191469469997173,
acs,VS267,VS267:local:6,tetrahedral,supplied_support,24,24,24,2,12;12,2,true,true,false,true,1.4702100409995182,
acs,VS267,VS267:local:7,tetrahedral,supplied_support,24,24,24,2,12;12,1,true,false,true,true,1.381278642000325,
acs,VS267,VS267:local:8,tetrahedral,supplied_support,24,24,24,2,12;12,2,true,true,false,true,1.4346845550007856,
acs,VS267,VS267:local:9,tetrahedral,supplied_support,24,24,24,2,12;12,2,true,true,false,true,1.474717907000013,
acs,VS267,VS267:local:10,tetrahedral,supplied_support,24,24,24,2,12;12,2,true,true,false,true,1.4515616889993908,
acs,VS267,VS267:local:11,tetrahedral,supplied_support,24,24,24,2,12;12,2,true,true,false,true,1.4134124470001552,
acs,VS267,VS267:local:12,tetrahedral,supplied_support,24,24,24,2,12;12,2,true,true,false,true,1.4624316150002414,
acs,VS267,VS267:local:13,tetrahedral,supplied_support,24,24,24,2,12;12,2,true,true,false,true,2.5276340709997385,
acs,VS267,VS267:local:14,tetrahedral,supplied_support,24,24,24,2,12;12,2,true,true,false,true,2.5114006839994545,
acs,VS267,VS267:local:15,tetrahedral,supplied_support,24,24,24,2,12;12,1,true,false,true,true,1.3413924179994865,
acs,VS267,VS267:local:16,tetrahedral,supplied_support,24,24,24,2,12;12,2,true,true,false,true,1.405646784000055,
acs,VS267,VS267:local:17,tetrahedral,supplied_support,24,24,24,2,12;12,2,true,true,false,true,1.4821110540005975,
acs,VS267,VS267:local:18,tetrahedral,supplied_support,24,24,24,2,12;12,2,true,true,false,true,1.4696033089994671,
acs,VS267,VS267:local:19,tetrahedral,supplied_support,24,24,24,2,12;12,2,true,true,false,true,1.483235854000668,
acs,VS267,VS267:local:20,tetrahedral,supplied_support,24,24,24,2,12;12,1,true,false,true,true,1.4235706809995463,
acs,VS267,VS267:local:21,tetrahedral,supplied_support,24,24,24,2,12;12,2,true,true,false,true,1.4483973460000925,
acs,VS267,VS267:local:22,tetrahedral,supplied_support,24,24,24,2,12;12,2,true,true,false,true,1.4913888779992703,
acs,VS268,VS268:local:0,tetrahedral,supplied_support,24,24,24,2,12;12,1,true,false,true,true,2.1903732659993693,
acs,VS268,VS268:local:1,tetrahedral,supplied_support,24,24,24,2,12;12,1,true,false,true,true,2.677789553000366,
acs,VS268,VS268:local:2,tetrahedral,supplied_support,24,24,24,2,12;12,1,true,false,true,true,2.1865599809998457,
acs,VS268,VS268:local:3,tetrahedral,supplied_support,24,24,24,2,12;12,2,true,true,false,true,1.49981299799947,
acs,VS268,VS268:local:4,tetrahedral,supplied_support,24,24,24,2,12;12,1,true,false,true,true,1.4236920329994973,
acs,VS268,VS268:local:5,tetrahedral,supplied_support,24,24,24,2,12;12,2,true,true,false,true,1.4724628009998924,
acs,VS268,VS268:local:6,tetrahedral,supplied_support,24,24,24,2,12;12,2,true,true,false,true,1.4901538739995885,
acs,VS268,VS268:local:7,tetrahedral,supplied_support,24,24,24,2,12;12,2,true,true,false,true,1.477083316000062,
acs,VS268,VS268:local:8,tetrahedral,supplied_support,24,24,24,2,12;12,2,true,true,false,true,1.5200777720001497,
acs,VS268,VS268:local:9,tetrahedral,supplied_support,24,24,24,2,12;12,1,true,false,true,true,1.42901247699956,
acs,VS268,VS268:local:10,tetrahedral,supplied_support,24,24,24,2,12;12,2,true,true,false,true,1.4656345710000096,
acs,VS268,VS268:local:11,tetrahedral,supplied_support,24,24,24,2,12;12,2,true,true,false,true,1.4839338380006666,
acs,VS268,VS268:local:12,tetrahedral,supplied_support,24,24,24,2,12;12,2,true,true,false,true,1.4138775219998934,
acs,VS268,VS268:local:13,tetrahedral,supplied_support,24,24,24,2,12;12,2,true,true,false,true,1.42196809699999,
acs,VS268,VS268:local:14,tetrahedral,supplied_support,24,24,24,2,12;12,2,true,true,false,true,1.4543317810002918,
acs,VS268,VS268:local:15,tetrahedral,supplied_support,24,24,24,2,12;12,2,true,true,false,true,2.5811204680003357,
acs,VS268,VS268:local:16,tetrahedral,supplied_support,24,24,24,2,12;12,2,true,true,false,true,2.597319815999981,
acs,VS268,VS268:local:17,tetrahedral,supplied_support,24,24,24,2,12;12,1,true,false,true,true,1.4165453479999996,
acs,VS268,VS268:local:18,tetrahedral,supplied_support,24,24,24,2,12;12,2,true,true,false,true,1.466204879999168,
acs,VS268,VS268:local:19,tetrahedral,supplied_support,24,24,24,2,12;12,2,true,true,false,true,1.4837299509999866,
acs,VS268,VS268:local:20,tetrahedral,supplied_support,24,24,24,2,12;12,2,true,true,false,true,1.4655195069999536,
acs,VS268,VS268:local:21,tetrahedral,supplied_support,24,24,24,2,12;12,2,true,true,false,true,1.4665202350006439,
acs,VS268,VS268:local:22,tetrahedral,supplied_support,24,24,24,2,12;12,1,true,false,true,true,1.3989523800000825,
acs,VS268,VS268:local:23,tetrahedral,supplied_support,24,24,24,2,12;12,2,true,true,false,true,1.3887972279999303,
acs,VS268,VS268:local:24,tetrahedral,supplied_support,24,24,24,2,12;12,2,true,true,false,true,1.4422910660005073,
acs,VS269,VS269:local:0,tetrahedral,supplied_support,24,24,24,2,12;12,2,true,true,false,true,0.7389982790000431,
acs,VS269,VS269:local:1,tetrahedral,supplied_support,24,24,24,2,12;12,2,true,true,false,true,0.7384844230000454,
acs,VS269,VS269:local:2,tetrahedral,supplied_support,24,24,24,2,12;12,2,true,true,false,true,1.7685793319997174,
acs,VS269,VS269:local:3,tetrahedral,supplied_support,24,24,24,2,12;12,1,true,false,true,true,1.9327248629997484,
acs,VS269,VS269:local:4,tetrahedral,supplied_support,24,24,24,2,12;12,2,true,true,false,true,0.7413362150000466,
acs,VS269,VS269:local:5,tetrahedral,supplied_support,24,24,24,2,12;12,2,true,true,false,true,1.7910227219999797,
acs,VS269,VS269:local:6,tetrahedral,supplied_support,24,24,24,2,12;12,1,true,false,true,true,1.1647085659997174,
acs,VS269,VS269:local:7,tetrahedral,supplied_support,24,24,24,2,12;12,2,true,true,false,true,1.0806876679998823,
acs,VS269,VS269:local:8,tetrahedral,supplied_support,24,24,24,2,12;12,2,true,true,false,true,0.7428482899995288,
acs,VS269,VS269:local:9,tetrahedral,supplied_support,24,24,24,2,12;12,1,true,false,true,true,0.7142314799993983,
acs,VS269,VS269:local:10,tetrahedral,supplied_support,24,24,24,2,12;12,2,true,true,false,true,0.7340815330007899,
acs,VS269,VS269:local:11,tetrahedral,supplied_support,24,24,24,2,12;12,2,true,true,false,true,1.0915685099998882,
acs,VS269,VS269:local:12,tetrahedral,supplied_support,24,24,24,2,12;12,1,true,false,true,true,0.7068558739993023,
acs,VS269,VS269:local:13,tetrahedral,supplied_support,24,24,24,2,12;12,2,true,true,false,true,0.741836893999789,
acs,VS269,VS269:local:14,tetrahedral,supplied_support,24,24,24,2,12;12,2,true,true,false,true,1.0849628899995878,
acs,VS269,VS269:local:15,tetrahedral,supplied_support,24,24,24,2,12;12,2,true,true,false,true,0.738951614999678,
acs,VS269,VS269:local:16,tetrahedral,supplied_support,24,24,24,2,12;12,2,true,true,false,true,0.7415932829999292,
acs,VS269,VS269:local:17,tetrahedral,supplied_support,24,24,24,2,12;12,1,true,false,true,true,1.164187659000163,
acs,VS269,VS269:local:18,tetrahedral,supplied_support,24,24,24,2,12;12,2,true,true,false,true,1.0789623849996133,
acs,VS270,VS270:local:0,tetrahedral,supplied_support,24,24,24,2,12;12,2,true,true,false,true,0.7279665269998077,
acs,VS270,VS270:local:1,tetrahedral,supplied_support,24,24,24,2,12;12,2,true,true,false,true,0.7284619680003743,
acs,VS270,VS270:local:2,tetrahedral,supplied_support,24,24,24,2,12;12,2,true,true,false,true,1.7497326500006238,
acs,VS270,VS270:local:3,tetrahedral,supplied_support,24,24,24,2,12;12,1,true,false,true,true,1.9210248130002583,
acs,VS270,VS270:local:4,tetrahedral,supplied_support,24,24,24,2,12;12,2,true,true,false,true,0.7306424250000418,
acs,VS270,VS270:local:5,tetrahedral,supplied_support,24,24,24,2,12;12,2,true,true,false,true,1.749791522999658,
acs,VS270,VS270:local:6,tetrahedral,supplied_support,24,24,24,2,12;12,1,true,false,true,true,1.1398477269995055,
acs,VS270,VS270:local:7,tetrahedral,supplied_support,24,24,24,2,12;12,2,true,true,false,true,1.064159231999838,
acs,VS270,VS270:local:8,tetrahedral,supplied_support,24,24,24,2,12;12,2,true,true,false,true,0.7289238049997948,
acs,VS270,VS270:local:9,tetrahedral,supplied_support,24,24,24,2,12;12,1,true,false,true,true,0.7005186850001337,
acs,VS270,VS270:local:10,tetrahedral,supplied_support,24,24,24,2,12;12,2,true,true,false,true,0.7326732880001146,
acs,VS270,VS270:local:11,tetrahedral,supplied_support,24,24,24,2,12;12,2,true,true,false,true,1.061722004999865,
acs,VS270,VS270:local:12,tetrahedral,supplied_support,24,24,24,2,12;12,1,true,false,true,true,0.6943497129996103,
acs,VS270,VS270:local:13,tetrahedral,supplied_support,24,24,24,2,12;12,2,true,true,false,true,0.7358929709998847,
acs,VS270,VS270:local:14,tetrahedral,supplied_support,24,24,24,2,12;12,2,true,true,false,true,1.0761302259998047,
acs,VS270,VS270:local:15,tetrahedral,supplied_support,24,24,24,2,12;12,2,true,true,false,true,0.7345516120003595,
acs,VS270,VS270:local:16,tetrahedral,supplied_support,24,24,24,2,12;12,2,true,true,false,true,0.7325168009992922,
acs,VS270,VS270:local:17,tetrahedral,supplied_support,24,24,24,2,12;12,1,true,false,true,true,1.1320077159998618,
acs,VS270,VS270:local:18,tetrahedral,supplied_support,24,24,24,2,12;12,2,true,true,false,true,1.0651317969995944,
acs,VS271,VS271:local:0,tetrahedral,supplied_support,24,24,24,2,12;12,2,true,true,false,true,0.2085656419994848,
acs,VS271,VS271:local:1,tetrahedral,supplied_support,24,24,24,2,12;12,2,true,true,false,true,0.21581875399988348,
acs,VS271,VS271:local:2,tetrahedral,supplied_support,24,24,24,2,12;12,2,true,true,false,true,0.19460848400012765,
acs,VS271,VS271:local:3,tetrahedral,supplied_support,24,24,24,2,12;12,2,true,true,false,true,0.2169065230000342,
acs,VS271,VS271:local:4,tetrahedral,supplied_support,24,24,24,2,12;12,2,true,true,false,true,0.21652741100024286,
acs,VS271,VS271:local:5,tetrahedral,supplied_support,24,24,24,2,12;12,2,true,true,false,true,0.19589745800021774,
acs,VS271,VS271:local:6,tetrahedral,supplied_support,24,24,24,2,12;12,1,true,false,true,true,0.2692454980006005,
acs,VS271,VS271:local:7,tetrahedral,supplied_support,24,24,24,2,12;12,1,true,false,true,true,0.30586399100047856,
acs,VS271,VS271:local:8,tetrahedral,supplied_support,24,24,24,2,12;12,1,true,false,true,true,0.2580292560005546,
acs,VS271,VS271:local:9,tetrahedral,supplied_support,24,24,24,2,12;12,2,true,true,false,true,0.20744299900070473,
acs,VS271,VS271:local:10,tetrahedral,supplied_support,24,24,24,2,12;12,2,true,true,false,true,0.2161120500004472,
acs,VS272,VS272:local:0,tetrahedral,supplied_support,24,24,24,2,12;12,2,true,true,false,true,1.7471940249997715,
acs,VS272,VS272:local:1,tetrahedral,supplied_support,24,24,24,2,12;12,2,true,true,false,true,1.1384855750002316,
acs,VS272,VS272:local:2,tetrahedral,supplied_support,24,24,24,2,12;12,2,true,true,false,true,1.140509457999542,
acs,VS272,VS272:local:3,tetrahedral,supplied_support,24,24,24,2,12;12,2,true,true,false,true,1.1476261319994592,
acs,VS272,VS272:local:4,tetrahedral,supplied_support,24,24,24,2,12;12,2,true,true,false,true,1.721645511999668,
acs,VS272,VS272:local:5,tetrahedral,supplied_support,24,24,24,2,12;12,1,true,false,true,true,1.0909539780004707,
acs,VS272,VS272:local:6,tetrahedral,supplied_support,24,24,24,2,12;12,2,true,true,false,true,1.129157811999903,
acs,VS272,VS272:local:7,tetrahedral,supplied_support,24,24,24,2,12;12,2,true,true,false,true,1.1293317039999238,
acs,VS272,VS272:local:8,tetrahedral,supplied_support,24,24,24,2,12;12,1,true,false,true,true,1.8838832499995988,
acs,VS272,VS272:local:9,tetrahedral,supplied_support,24,24,24,2,12;12,1,true,false,true,true,1.1131287250000241,
acs,VS272,VS272:local:10,tetrahedral,supplied_support,24,24,24,2,12;12,2,true,true,false,true,1.7577116259999457,
acs,VS272,VS272:local:11,tetrahedral,supplied_support,24,24,24,2,12;12,2,true,true,false,true,1.1311008270004095,
acs,VS272,VS272:local:12,tetrahedral,supplied_support,24,24,24,2,12;12,2,true,true,false,true,1.1356864589997713,
acs,VS272,VS272:local:13,tetrahedral,supplied_support,24,24,24,2,12;12,2,true,true,false,true,1.7392831200004366,
acs,VS272,VS272:local:14,tetrahedral,supplied_support,24,24,24,2,12;12,2,true,true,false,true,1.1160998459999973,
acs,VS272,VS272:local:15,tetrahedral,supplied_support,24,24,24,2,12;12,1,true,false,true,true,1.8614902320005058,
acs,VS272,VS272:local:16,planar_bond,supplied_support,8,8,8,2,4;4,1,true,false,true,true,0.48192984700017405,
acs,VS272,VS272:local:17,planar_bond,supplied_support,8,8,8,2,4;4,1,true,false,true,true,0.49499314700005925,
acs,VS273,VS273:local:0,tetrahedral,supplied_support,24,24,24,2,12;12,2,true,true,false,true,3.0382322479999857,
acs,VS273,VS273:local:1,tetrahedral,supplied_support,24,24,24,2,12;12,1,true,false,true,true,3.028465217000303,
acs,VS273,VS273:local:2,tetrahedral,supplied_support,24,24,24,2,12;12,2,true,true,false,true,3.04967916699934,
acs,VS273,VS273:local:3,tetrahedral,supplied_support,24,24,24,2,12;12,2,true,true,false,true,3.014209762000064,
acs,VS273,VS273:local:4,tetrahedral,supplied_support,24,24,24,2,12;12,2,true,true,false,true,3.0184919499997704,
acs,VS273,VS273:local:5,tetrahedral,supplied_support,24,24,24,2,12;12,1,true,false,true,true,3.0098808709999503,
acs,VS273,VS273:local:6,tetrahedral,supplied_support,24,24,24,2,12;12,2,true,true,false,true,2.9981121370001347,
acs,VS273,VS273:local:7,tetrahedral,supplied_support,24,24,24,2,12;12,2,true,true,false,true,3.091031290000501,
acs,VS273,VS273:local:8,tetrahedral,supplied_support,24,24,24,2,12;12,1,true,false,true,true,3.080495954000071,
acs,VS273,VS273:local:9,tetrahedral,supplied_support,24,24,24,2,12;12,2,true,true,false,true,3.0756756380005754,
acs,VS273,VS273:local:10,tetrahedral,supplied_support,24,24,24,2,12;12,2,true,true,false,true,3.029769734999718,
acs,VS273,VS273:local:11,tetrahedral,supplied_support,24,24,24,2,12;12,1,true,false,true,true,2.9496142630005124,
acs,VS273,VS273:local:12,tetrahedral,supplied_support,24,24,24,2,12;12,2,true,true,false,true,2.882591433000016,
acs,VS273,VS273:local:13,tetrahedral,supplied_support,24,24,24,2,12;12,1,true,false,true,true,2.957363773999532,
acs,VS273,VS273:local:14,tetrahedral,supplied_support,24,24,24,2,12;12,2,true,true,false,true,2.8223972619998676,
acs,VS273,VS273:local:15,tetrahedral,supplied_support,24,24,24,2,12;12,2,true,true,false,true,2.843847874999483,
acs,VS273,VS273:local:16,tetrahedral,supplied_support,24,24,24,2,12;12,1,true,false,true,true,2.978516139000021,
acs,VS273,VS273:local:17,tetrahedral,supplied_support,24,24,24,2,12;12,2,true,true,false,true,2.848740440000256,
acs,VS274,VS274:local:0,tetrahedral,supplied_support,24,24,24,2,12;12,2,true,true,false,true,3.03233771000032,
acs,VS274,VS274:local:1,tetrahedral,supplied_support,24,24,24,2,12;12,2,true,true,false,true,3.0570438819995616,
acs,VS274,VS274:local:2,tetrahedral,supplied_support,24,24,24,2,12;12,2,true,true,false,true,3.053055279000546,
acs,VS274,VS274:local:3,tetrahedral,supplied_support,24,24,24,2,12;12,2,true,true,false,true,3.0443615519998275,
acs,VS274,VS274:local:4,tetrahedral,supplied_support,24,24,24,2,12;12,1,true,false,true,true,3.042369193000013,
acs,VS274,VS274:local:5,tetrahedral,supplied_support,24,24,24,2,12;12,2,true,true,false,true,3.0374739280005087,
acs,VS274,VS274:local:6,tetrahedral,supplied_support,24,24,24,2,12;12,2,true,true,false,true,3.049362528000529,
acs,VS274,VS274:local:7,tetrahedral,supplied_support,24,24,24,2,12;12,1,true,false,true,true,3.041850813000565,
acs,VS274,VS274:local:8,tetrahedral,supplied_support,24,24,24,2,12;12,1,true,false,true,true,3.0300651369998377,
acs,VS274,VS274:local:9,tetrahedral,supplied_support,24,24,24,2,12;12,2,true,true,false,true,2.9537785219999932,
acs,VS274,VS274:local:10,tetrahedral,supplied_support,24,24,24,2,12;12,2,true,true,false,true,2.8904120810002496,
acs,VS274,VS274:local:11,tetrahedral,supplied_support,24,24,24,2,12;12,2,true,true,false,true,2.838692669000011,
acs,VS274,VS274:local:12,tetrahedral,supplied_support,24,24,24,2,12;12,1,true,false,true,true,2.9577936169998793,
acs,VS274,VS274:local:13,tetrahedral,supplied_support,24,24,24,2,12;12,2,true,true,false,true,2.8416491099997074,
acs,VS274,VS274:local:14,tetrahedral,supplied_support,24,24,24,2,12;12,2,true,true,false,true,2.854962030999559,
acs,VS274,VS274:local:15,tetrahedral,supplied_support,24,24,24,2,12;12,1,true,false,true,true,3.2032750749995103,
acs,VS274,VS274:local:16,tetrahedral,supplied_support,24,24,24,2,12;12,1,true,false,true,true,2.9476488279997284,
acs,VS274,VS274:local:17,tetrahedral,supplied_support,24,24,24,2,12;12,1,true,false,true,true,2.7795852740000555,
acs,VS274,VS274:local:18,tetrahedral,supplied_support,24,24,24,2,12;12,2,true,true,false,true,2.7875130110005557,
acs,VS275,VS275:local:0,tetrahedral,supplied_support,24,24,24,2,12;12,2,true,true,false,true,0.7429576459999225,
acs,VS275,VS275:local:1,tetrahedral,supplied_support,24,24,24,2,12;12,2,true,true,false,true,0.7351293980000264,
acs,VS275,VS275:local:2,tetrahedral,supplied_support,24,24,24,2,12;12,2,true,true,false,true,1.7932865800003128,
acs,VS275,VS275:local:3,tetrahedral,supplied_support,24,24,24,2,12;12,1,true,false,true,true,1.8988302679999833,
acs,VS275,VS275:local:4,tetrahedral,supplied_support,24,24,24,2,12;12,2,true,true,false,true,0.7419918340001459,
acs,VS275,VS275:local:5,tetrahedral,supplied_support,24,24,24,2,12;12,2,true,true,false,true,1.7512553630003822,
acs,VS275,VS275:local:6,tetrahedral,supplied_support,24,24,24,2,12;12,1,true,false,true,true,1.1493442680002772,
acs,VS275,VS275:local:7,tetrahedral,supplied_support,24,24,24,2,12;12,2,true,true,false,true,1.0684136629997738,
acs,VS275,VS275:local:8,tetrahedral,supplied_support,24,24,24,2,12;12,1,true,false,true,true,0.6969353660006163,
acs,VS275,VS275:local:9,tetrahedral,supplied_support,24,24,24,2,12;12,2,true,true,false,true,0.7243945939999321,
acs,VS275,VS275:local:10,tetrahedral,supplied_support,24,24,24,2,12;12,1,true,false,true,true,0.6962911160007934,
acs,VS275,VS275:local:11,tetrahedral,supplied_support,24,24,24,2,12;12,2,true,true,false,true,0.7237738670000908,
acs,VS275,VS275:local:12,tetrahedral,supplied_support,24,24,24,2,12;12,2,true,true,false,true,1.0353615180001725,
acs,VS275,VS275:local:13,tetrahedral,supplied_support,24,24,24,2,12;12,1,true,false,true,true,0.6809572429992841,
acs,VS275,VS275:local:14,tetrahedral,supplied_support,24,24,24,2,12;12,2,true,true,false,true,0.7057841830001053,
acs,VS275,VS275:local:15,tetrahedral,supplied_support,24,24,24,2,12;12,2,true,true,false,true,1.0337557950006158,
acs,VS275,VS275:local:16,tetrahedral,supplied_support,24,24,24,2,12;12,2,true,true,false,true,0.7104922110002008,
acs,VS275,VS275:local:17,tetrahedral,supplied_support,24,24,24,2,12;12,2,true,true,false,true,0.715845905999231,
acs,VS275,VS275:local:18,tetrahedral,supplied_support,24,24,24,2,12;12,1,true,false,true,true,1.120580052999685,
acs,VS275,VS275:local:19,tetrahedral,supplied_support,24,24,24,2,12;12,2,true,true,false,true,1.041392053999516,
acs,VS275,VS275:local:20,tetrahedral,supplied_support,24,24,24,2,12;12,1,true,false,true,true,0.6791225280003346,
acs,VS276,VS276:local:0,tetrahedral,supplied_support,24,24,24,2,12;12,2,true,true,false,true,0.15925051900012477,
acs,VS276,VS276:local:1,tetrahedral,supplied_support,24,24,24,2,12;12,2,true,true,false,true,0.14345924700046453,
acs,VS276,VS276:local:2,tetrahedral,supplied_support,24,24,24,2,12;12,1,true,false,true,true,0.2123861139998553,
acs,VS276,VS276:local:3,tetrahedral,supplied_support,24,24,24,2,12;12,1,true,false,true,true,0.2357697580000604,
acs,VS276,VS276:local:4,tetrahedral,supplied_support,24,24,24,2,12;12,1,true,false,true,true,0.20232316799956607,
acs,VS276,VS276:local:5,tetrahedral,supplied_support,24,24,24,2,12;12,2,true,true,false,true,0.1447209389998534,
acs,VS276,VS276:local:6,tetrahedral,supplied_support,24,24,24,2,12;12,2,true,true,false,true,0.14478872300060175,
acs,VS277,VS277:local:0,tetrahedral,supplied_support,24,24,24,2,12;12,2,true,true,false,true,0.7441138010008217,
acs,VS277,VS277:local:1,tetrahedral,supplied_support,24,24,24,2,12;12,2,true,true,false,true,0.7424136159997943,
acs,VS277,VS277:local:2,tetrahedral,supplied_support,24,24,24,2,12;12,2,true,true,false,true,1.8005772220003564,
acs,VS277,VS277:local:3,tetrahedral,supplied_support,24,24,24,2,12;12,1,true,false,true,true,1.9160121940003592,
acs,VS277,VS277:local:4,tetrahedral,supplied_support,24,24,24,2,12;12,2,true,true,false,true,0.7277288209998005,
acs,VS277,VS277:local:5,tetrahedral,supplied_support,24,24,24,2,12;12,2,true,true,false,true,1.777416937000453,
acs,VS277,VS277:local:6,tetrahedral,supplied_support,24,24,24,2,12;12,1,true,false,true,true,1.1597833249998075,
acs,VS277,VS277:local:7,tetrahedral,supplied_support,24,24,24,2,12;12,2,true,true,false,true,1.07661022100001,
acs,VS277,VS277:local:8,tetrahedral,supplied_support,24,24,24,2,12;12,2,true,true,false,true,0.7402237599999353,
acs,VS277,VS277:local:9,tetrahedral,supplied_support,24,24,24,2,12;12,1,true,false,true,true,0.7105867110003601,
acs,VS277,VS277:local:10,tetrahedral,supplied_support,24,24,24,2,12;12,2,true,true,false,true,0.7451879350001036,
acs,VS277,VS277:local:11,tetrahedral,supplied_support,24,24,24,2,12;12,2,true,true,false,true,1.0801667040004759,
acs,VS277,VS277:local:12,tetrahedral,supplied_support,24,24,24,2,12;12,1,true,false,true,true,0.7083889830000771,
acs,VS277,VS277:local:13,tetrahedral,supplied_support,24,24,24,2,12;12,2,true,true,false,true,0.7408253210005569,
acs,VS277,VS277:local:14,tetrahedral,supplied_support,24,24,24,2,12;12,2,true,true,false,true,1.080814078000003,
acs,VS277,VS277:local:15,tetrahedral,supplied_support,24,24,24,2,12;12,2,true,true,false,true,0.7436617120001756,
acs,VS277,VS277:local:16,tetrahedral,supplied_support,24,24,24,2,12;12,2,true,true,false,true,0.7418832180001118,
acs,VS277,VS277:local:17,tetrahedral,supplied_support,24,24,24,2,12;12,1,true,false,true,true,1.1761378790006347,
acs,VS277,VS277:local:18,tetrahedral,supplied_support,24,24,24,2,12;12,2,true,true,false,true,1.0713347549999526,
acs,VS278,VS278:local:0,tetrahedral,supplied_support,24,24,24,2,12;12,2,true,true,false,true,0.7625978539999778,
acs,VS278,VS278:local:1,tetrahedral,supplied_support,24,24,24,2,12;12,2,true,true,false,true,0.7597347629998694,
acs,VS278,VS278:local:2,tetrahedral,supplied_support,24,24,24,2,12;12,2,true,true,false,true,1.8243410199993377,
acs,VS278,VS278:local:3,tetrahedral,supplied_support,24,24,24,2,12;12,1,true,false,true,true,1.9430950830001166,
acs,VS278,VS278:local:4,tetrahedral,supplied_support,24,24,24,2,12;12,2,true,true,false,true,0.7495725759999914,
acs,VS278,VS278:local:5,tetrahedral,supplied_support,24,24,24,2,12;12,2,true,true,false,true,1.7754077909994521,
acs,VS278,VS278:local:6,tetrahedral,supplied_support,24,24,24,2,12;12,1,true,false,true,true,1.1562018320000789,
acs,VS278,VS278:local:7,tetrahedral,supplied_support,24,24,24,2,12;12,2,true,true,false,true,1.0936466749999454,
acs,VS278,VS278:local:8,tetrahedral,supplied_support,24,24,24,2,12;12,1,true,false,true,true,0.7204763319996346,
acs,VS278,VS278:local:9,tetrahedral,supplied_support,24,24,24,2,12;12,2,true,true,false,true,0.7531427690000783,
acs,VS278,VS278:local:10,tetrahedral,supplied_support,24,24,24,2,12;12,1,true,false,true,true,0.7235002320003332,
acs,VS278,VS278:local:11,tetrahedral,supplied_support,24,24,24,2,12;12,2,true,true,false,true,0.7577198509998198,
acs,VS278,VS278:local:12,tetrahedral,supplied_support,24,24,24,2,12;12,2,true,true,false,true,1.1020878459994492,
acs,VS278,VS278:local:13,tetrahedral,supplied_support,24,24,24,2,12;12,1,true,false,true,true,0.719382043999758,
acs,VS278,VS278:local:14,tetrahedral,supplied_support,24,24,24,2,12;12,2,true,true,false,true,0.753587361999962,
acs,VS278,VS278:local:15,tetrahedral,supplied_support,24,24,24,2,12;12,2,true,true,false,true,1.102238669000144,
acs,VS278,VS278:local:16,tetrahedral,supplied_support,24,24,24,2,12;12,2,true,true,false,true,0.7557198499998776,
acs,VS278,VS278:local:17,tetrahedral,supplied_support,24,24,24,2,12;12,2,true,true,false,true,0.7541865370003507,
acs,VS278,VS278:local:18,tetrahedral,supplied_support,24,24,24,2,12;12,1,true,false,true,true,1.1774967159999505,
acs,VS278,VS278:local:19,tetrahedral,supplied_support,24,24,24,2,12;12,2,true,true,false,true,1.0646090520003781,
acs,VS278,VS278:local:20,tetrahedral,supplied_support,24,24,24,2,12;12,1,true,false,true,true,0.6936880709999969,
acs,VS279,VS279:local:0,tetrahedral,supplied_support,24,24,24,2,12;12,1,true,false,true,true,0.23696428899984312,
acs,VS279,VS279:local:1,tetrahedral,supplied_support,24,24,24,2,12;12,1,true,false,true,true,0.2065050799992605,
acs,VS279,VS279:local:2,tetrahedral,supplied_support,24,24,24,2,12;12,1,true,false,true,true,0.23464994100049807,
acs,VS279,VS279:local:3,tetrahedral,supplied_support,24,24,24,2,12;12,1,true,false,true,true,0.21661548300016875,
acs,VS280,VS280:local:0,tetrahedral,confirmed,24,24,24,2,12;12,2,true,true,false,true,0.2563236139994842,
acs,VS280,VS280:local:1,tetrahedral,confirmed,24,24,24,2,12;12,2,true,true,false,true,0.26793296999949234,
acs,VS280,VS280:local:2,tetrahedral,confirmed,24,24,24,2,12;12,2,true,true,false,true,0.25553807399955986,
acs,VS280,VS280:local:3,tetrahedral,confirmed,24,24,24,2,12;12,2,true,true,false,true,0.2574821790003625,
acs,VS280,VS280:local:4,tetrahedral,confirmed,24,24,24,2,12;12,2,true,true,false,true,0.2559299659997123,
acs,VS281,VS281:local:0,tetrahedral,confirmed,24,24,24,2,12;12,2,true,true,false,true,0.33834675000071,
acs,VS282,VS282:local:0,tetrahedral,confirmed,24,24,24,2,12;12,2,true,true,false,true,0.34913988199969026,
acs,VS283,VS283:local:0,tetrahedral,confirmed,24,24,24,2,12;12,2,true,true,false,true,0.17927611600043747,
acs,VS284,VS284:local:0,tetrahedral,confirmed,24,24,24,2,12;12,2,true,true,false,true,0.18476685499990708,
acs,VS285,VS285:local:0,tetrahedral,confirmed,24,24,24,2,12;12,2,true,true,false,true,0.14376588399954926,
acs,VS285,VS285:local:1,tetrahedral,confirmed,24,24,24,2,12;12,2,true,true,false,true,0.16470681999999215,
acs,VS285,VS285:local:2,tetrahedral,confirmed,24,24,24,2,12;12,2,true,true,false,true,0.13148193799952423,
acs,VS286,VS286:local:0,tetrahedral,supplied_support,24,24,24,2,12;12,1,true,false,true,true,0.23885529700055486,
acs,VS286,VS286:local:1,tetrahedral,confirmed,24,24,24,2,12;12,2,true,true,false,true,0.3175630360001378,
acs,VS286,VS286:local:2,tetrahedral,supplied_support,24,24,24,2,12;12,1,true,false,true,true,0.22879371300041385,
acs,VS288,VS288:local:0,tetrahedral,confirmed,24,24,24,2,12;12,2,true,true,false,true,0.17477559100007056,
acs,VS289,VS289:local:0,tetrahedral,confirmed,24,24,24,2,12;12,2,true,true,false,true,0.16649727000003622,
acs,VS290,VS290:local:0,tetrahedral,confirmed,24,24,24,2,12;12,2,true,true,false,true,0.1814330199995311,
acs,VS291,VS291:local:0,tetrahedral,confirmed,24,24,24,2,12;12,2,true,true,false,true,0.16951159099971846,
acs,VS292,VS292:local:0,tetrahedral,confirmed,24,24,24,2,12;12,2,true,true,false,true,0.2865623389998291,
acs,VS293,VS293:local:0,tetrahedral,confirmed,24,24,24,2,12;12,2,true,true,false,true,0.1926849069996024,
acs,VS293,VS293:local:1,planar_bond,supplied_support,8,8,8,2,4;4,2,true,true,false,true,0.03519015799975023,
acs,VS293,VS293:local:2,planar_bond,supplied_support,8,8,8,2,4;4,2,true,true,false,true,0.03482532799989713,
acs,VS293,VS293:local:3,planar_bond,supplied_support,8,8,8,2,4;4,2,true,true,false,true,0.035368157000448264,
acs,VS294,VS294:local:0,tetrahedral,supplied_support,24,24,24,2,12;12,2,true,true,false,true,0.14387570700000651,
acs,VS294,VS294:local:1,tetrahedral,supplied_support,24,24,24,2,12;12,2,true,true,false,true,0.132482195999728,
acs,VS294,VS294:local:2,tetrahedral,supplied_support,24,24,24,2,12;12,2,true,true,false,true,0.13321586300025956,
acs,VS294,VS294:local:3,tetrahedral,supplied_support,24,24,24,2,12;12,2,true,true,false,true,0.143006043999776,
acs,VS295,VS295:local:0,tetrahedral,supplied_support,24,24,24,2,12;12,2,true,true,false,true,0.1319532170000457,
acs,VS295,VS295:local:1,tetrahedral,supplied_support,24,24,24,2,12;12,2,true,true,false,true,0.13283564900029887,
acs,VS295,VS295:local:2,tetrahedral,supplied_support,24,24,24,2,12;12,2,true,true,false,true,0.1331128579995493,
acs,VS295,VS295:local:3,tetrahedral,supplied_support,24,24,24,2,12;12,2,true,true,false,true,0.132999196000128,
acs,VS296,VS296:local:0,tetrahedral,supplied_support,24,24,24,2,12;12,1,true,false,true,true,0.27389590600068914,
acs,VS296,VS296:local:1,tetrahedral,supplied_support,24,24,24,2,12;12,1,true,false,true,true,0.2679610920004052,
acs,VS297,VS297:local:0,tetrahedral,supplied_support,24,24,24,2,12;12,1,true,false,true,true,0.25181287299983524,
acs,VS297,VS297:local:1,tetrahedral,supplied_support,24,24,24,2,12;12,1,true,false,true,true,0.2609821350006314,
acs,VS298,VS298:local:0,tetrahedral,supplied_support,24,24,24,2,12;12,1,true,false,true,true,0.1645432579998669,
acs,VS298,VS298:local:1,tetrahedral,supplied_support,24,24,24,2,12;12,1,true,false,true,true,0.1510338710004362,
acs,VS299,VS299:local:0,planar_bond,confirmed,8,8,8,2,4;4,1,true,false,true,true,0.042165319000559975,
acs,VS299,VS299:local:1,planar_bond,confirmed,8,8,8,2,4;4,1,true,false,true,true,0.042125138999836054,
acs,VS300,VS300:local:0,tetrahedral,confirmed,24,24,24,2,12;12,2,true,true,false,true,0.35777803099972516,
acs,VS300,VS300:local:1,tetrahedral,confirmed,24,24,24,2,12;12,2,true,true,false,true,0.344632494000507,
