source,record_id,source_categories,families,carrier_kinds,configuration_evidence,canonicalization_role,multiplicity,multiplicity_basis,source_element_count,extractable_configured_count,reference_rs_count,attached_tetrahedral_count,reference_locus_count,structure_available
acs_stereomolgraph,VS013,planar_bond;planar_bond,planar_bond,bond_center,configured_structure,configured_certificate,multiple,extractable_configured_elements,2,2,,,,true
acs_stereomolgraph,VS014,tetrahedral,tetrahedral,atom_center,configured_structure,configured_certificate,single,extractable_configured_elements,1,1,,,,true
acs_stereomolgraph,VS015,tetrahedral,tetrahedral,atom_center,configured_structure,configured_certificate,single,extractable_configured_elements,1,1,,,,true
acs_stereomolgraph,VS016,tetrahedral;tetrahedral,tetrahedral,atom_center,configured_structure,configured_certificate,multiple,extractable_configured_elements,2,2,,,,true
acs_stereomolgraph,VS017,tetrahedral;tetrahedral,tetrahedral,atom_center,configured_structure,configured_certificate,multiple,extractable_configured_elements,2,2,,,,true
acs_stereomolgraph,VS018,tetrahedral;tetrahedral;planar_bond,planar_bond;tetrahedral,atom_center;bond_center,configured_structure,configured_certificate,multiple,extractable_configured_elements,3,3,,,,true
acs_stereomolgraph,VS019,planar_bond,planar_bond,bond_center,configured_structure,configured_certificate,single,extractable_configured_elements,1,1,,,,true
acs_stereomolgraph,VS020,planar_bond,planar_bond,bond_center,configured_structure,configured_certificate,single,extractable_configured_elements,1,1,,,,true
acs_stereomolgraph,VS021,tetrahedral,tetrahedral,atom_center,configured_structure,configured_certificate,single,extractable_configured_elements,1,1,,,,true
acs_stereomolgraph,VS024,tetrahedral;tetrahedral;tetrahedral;tetrahedral,tetrahedral,atom_center,configured_structure,configured_certificate,multiple,extractable_configured_elements,4,4,,,,true
acs_stereomolgraph,VS025,tetrahedral,tetrahedral,atom_center,configured_structure,configured_certificate,single,extractable_configured_elements,1,1,,,,true
acs_stereomolgraph,VS026,tetrahedral;tetrahedral;planar_bond;planar_bond,planar_bond;tetrahedral,atom_center;bond_center,configured_structure,configured_certificate,multiple,extractable_configured_elements,4,4,,,,true
acs_stereomolgraph,VS027,tetrahedral;tetrahedral,tetrahedral,atom_center,configured_structure,configured_certificate,multiple,extractable_configured_elements,2,2,,,,true
acs_stereomolgraph,VS028,tetrahedral;tetrahedral;tetrahedral,tetrahedral,atom_center,configured_structure,configured_certificate,multiple,extractable_configured_elements,3,3,,,,true
acs_stereomolgraph,VS029,tetrahedral;tetrahedral;tetrahedral,tetrahedral,atom_center,configured_structure,configured_certificate,multiple,extractable_configured_elements,3,3,,,,true
acs_stereomolgraph,VS030,tetrahedral;tetrahedral;tetrahedral,tetrahedral,atom_center,configured_structure,configured_certificate,multiple,extractable_configured_elements,3,3,,,,true
acs_stereomolgraph,VS031,tetrahedral,tetrahedral,atom_center,configured_structure,configured_certificate,single,extractable_configured_elements,1,1,,,,true
acs_stereomolgraph,VS032,tetrahedral;planar_bond,planar_bond;tetrahedral,atom_center;bond_center,configured_structure,configured_certificate,multiple,extractable_configured_elements,2,2,,,,true
acs_stereomolgraph,VS033,tetrahedral;planar_bond,planar_bond;tetrahedral,atom_center;bond_center,configured_structure,configured_certificate,multiple,extractable_configured_elements,2,2,,,,true
acs_stereomolgraph,VS034,tetrahedral;tetrahedral;tetrahedral,tetrahedral,atom_center,configured_structure,configured_certificate,multiple,extractable_configured_elements,3,3,,,,true
acs_stereomolgraph,VS035,tetrahedral;tetrahedral;tetrahedral,tetrahedral,atom_center,configured_structure,configured_certificate,multiple,extractable_configured_elements,3,3,,,,true
acs_stereomolgraph,VS036,planar_bond,planar_bond,bond_center,configured_structure,configured_certificate,single,extractable_configured_elements,1,1,,,,true
acs_stereomolgraph,VS037,tetrahedral,tetrahedral,atom_center,configured_structure,configured_certificate,single,extractable_configured_elements,1,1,,,,true
acs_stereomolgraph,VS038,tetrahedral,tetrahedral,atom_center,configured_structure,configured_certificate,single,extractable_configured_elements,1,1,,,,true
acs_stereomolgraph,VS039,tetrahedral,tetrahedral,atom_center,configured_structure,configured_certificate,single,extractable_configured_elements,1,1,,,,true
acs_stereomolgraph,VS040,tetrahedral;tetrahedral;tetrahedral;tetrahedral;tetrahedral,tetrahedral,atom_center,configured_structure,configured_certificate,multiple,extractable_configured_elements,5,5,,,,true
acs_stereomolgraph,VS041,planar_bond,planar_bond,bond_center,configured_structure,configured_certificate,single,extractable_configured_elements,1,1,,,,true
acs_stereomolgraph,VS042,planar_bond,planar_bond,bond_center,configured_structure,configured_certificate,single,extractable_configured_elements,1,1,,,,true
acs_stereomolgraph,VS043,tetrahedral;tetrahedral,tetrahedral,atom_center,configured_structure,configured_certificate,multiple,extractable_configured_elements,2,2,,,,true
acs_stereomolgraph,VS044,planar_bond,planar_bond,bond_center,configured_structure,configured_certificate,single,extractable_configured_elements,1,1,,,,true
acs_stereomolgraph,VS045,tetrahedral,tetrahedral,atom_center,configured_structure,configured_certificate,single,extractable_configured_elements,1,1,,,,true
acs_stereomolgraph,VS046,tetrahedral;tetrahedral,tetrahedral,atom_center,configured_structure,configured_certificate,multiple,extractable_configured_elements,2,2,,,,true
acs_stereomolgraph,VS047,tetrahedral;tetrahedral,tetrahedral,atom_center,configured_structure,configured_certificate,multiple,extractable_configured_elements,2,2,,,,true
acs_stereomolgraph,VS048,tetrahedral;tetrahedral,tetrahedral,atom_center,configured_structure,configured_certificate,multiple,extractable_configured_elements,2,2,,,,true
acs_stereomolgraph,VS049,planar_bond;planar_bond;planar_bond,planar_bond,bond_center,configured_structure,configured_certificate,multiple,extractable_configured_elements,3,3,,,,true
acs_stereomolgraph,VS050,tetrahedral;tetrahedral;tetrahedral;tetrahedral,tetrahedral,atom_center,configured_structure,configured_certificate,multiple,extractable_configured_elements,4,4,,,,true
acs_stereomolgraph,VS051,tetrahedral;tetrahedral;tetrahedral,tetrahedral,atom_center,configured_structure,configured_certificate,multiple,extractable_configured_elements,3,3,,,,true
acs_stereomolgraph,VS052,tetrahedral;tetrahedral;tetrahedral,tetrahedral,atom_center,configured_structure,configured_certificate,multiple,extractable_configured_elements,3,3,,,,true
acs_stereomolgraph,VS053,tetrahedral;planar_bond;planar_bond;planar_bond;planar_bond,planar_bond;tetrahedral,atom_center;bond_center,configured_structure,configured_certificate,multiple,extractable_configured_elements,5,5,,,,true
acs_stereomolgraph,VS054,tetrahedral,tetrahedral,atom_center,configured_structure,configured_certificate,single,extractable_configured_elements,1,1,,,,true
acs_stereomolgraph,VS056,tetrahedral;tetrahedral,tetrahedral,atom_center,configured_structure,configured_certificate,multiple,extractable_configured_elements,2,2,,,,true
acs_stereomolgraph,VS058,planar_bond;planar_bond,planar_bond,bond_center,configured_structure,configured_certificate,multiple,extractable_configured_elements,2,2,,,,true
acs_stereomolgraph,VS059,tetrahedral,tetrahedral,atom_center,configured_structure,configured_certificate,single,extractable_configured_elements,1,1,,,,true
acs_stereomolgraph,VS060,planar_bond,planar_bond,bond_center,configured_structure,configured_certificate,single,extractable_configured_elements,1,1,,,,true
acs_stereomolgraph,VS061,planar_bond,planar_bond,bond_center,configured_structure,configured_certificate,single,extractable_configured_elements,1,1,,,,true
acs_stereomolgraph,VS062,planar_bond,planar_bond,bond_center,configured_structure,configured_certificate,single,extractable_configured_elements,1,1,,,,true
acs_stereomolgraph,VS064,tetrahedral,tetrahedral,atom_center,configured_structure,configured_certificate,single,extractable_configured_elements,1,1,,,,true
acs_stereomolgraph,VS065,tetrahedral;tetrahedral;tetrahedral;tetrahedral,tetrahedral,atom_center,configured_structure,configured_certificate,multiple,extractable_configured_elements,4,4,,,,true
acs_stereomolgraph,VS066,tetrahedral;tetrahedral,tetrahedral,atom_center,configured_structure,configured_certificate,multiple,extractable_configured_elements,2,2,,,,true
acs_stereomolgraph,VS067,tetrahedral;tetrahedral,tetrahedral,atom_center,configured_structure,configured_certificate,multiple,extractable_configured_elements,2,2,,,,true
acs_stereomolgraph,VS068,tetrahedral,tetrahedral,atom_center,configured_structure,configured_certificate,single,extractable_configured_elements,1,1,,,,true
acs_stereomolgraph,VS069,tetrahedral;tetrahedral,tetrahedral,atom_center,configured_structure,configured_certificate,multiple,extractable_configured_elements,2,2,,,,true
acs_stereomolgraph,VS070,tetrahedral;tetrahedral;tetrahedral;tetrahedral;tetrahedral;tetrahedral;tetrahedral;tetrahedral,tetrahedral,atom_center,configured_structure,configured_certificate,multiple,extractable_configured_elements,8,8,,,,true
acs_stereomolgraph,VS071,tetrahedral,tetrahedral,atom_center,configured_structure,configured_certificate,single,extractable_configured_elements,1,1,,,,true
acs_stereomolgraph,VS074,tetrahedral,tetrahedral,atom_center,configured_structure,configured_certificate,single,extractable_configured_elements,1,1,,,,true
acs_stereomolgraph,VS075,tetrahedral;tetrahedral;tetrahedral;tetrahedral;tetrahedral,tetrahedral,atom_center,configured_structure,configured_certificate,multiple,extractable_configured_elements,5,5,,,,true
acs_stereomolgraph,VS076,tetrahedral,tetrahedral,atom_center,configured_structure,configured_certificate,single,extractable_configured_elements,1,1,,,,true
acs_stereomolgraph,VS077,tetrahedral,tetrahedral,atom_center,configured_structure,configured_certificate,single,extractable_configured_elements,1,1,,,,true
acs_stereomolgraph,VS080,tetrahedral;tetrahedral,tetrahedral,atom_center,configured_structure,configured_certificate,multiple,extractable_configured_elements,2,2,,,,true
acs_stereomolgraph,VS081,tetrahedral,tetrahedral,atom_center,configured_structure,configured_certificate,single,extractable_configured_elements,1,1,,,,true
acs_stereomolgraph,VS082,tetrahedral;tetrahedral,tetrahedral,atom_center,configured_structure,configured_certificate,multiple,extractable_configured_elements,2,2,,,,true
acs_stereomolgraph,VS083,tetrahedral,tetrahedral,atom_center,configured_structure,configured_certificate,single,extractable_configured_elements,1,1,,,,true
acs_stereomolgraph,VS084,tetrahedral;tetrahedral;tetrahedral;tetrahedral,tetrahedral,atom_center,configured_structure,configured_certificate,multiple,extractable_configured_elements,4,4,,,,true
acs_stereomolgraph,VS085,planar_bond,planar_bond,bond_center,configured_structure,configured_certificate,single,extractable_configured_elements,1,1,,,,true
acs_stereomolgraph,VS087,tetrahedral;tetrahedral;planar_bond;planar_bond,planar_bond;tetrahedral,atom_center;bond_center,configured_structure,configured_certificate,multiple,extractable_configured_elements,4,4,,,,true
acs_stereomolgraph,VS088,tetrahedral;tetrahedral;planar_bond;planar_bond,planar_bond;tetrahedral,atom_center;bond_center,configured_structure,configured_certificate,multiple,extractable_configured_elements,4,4,,,,true
acs_stereomolgraph,VS089,tetrahedral,tetrahedral,atom_center,configured_structure,configured_certificate,single,extractable_configured_elements,1,1,,,,true
acs_stereomolgraph,VS090,tetrahedral,tetrahedral,atom_center,configured_structure,configured_certificate,single,extractable_configured_elements,1,1,,,,true
acs_stereomolgraph,VS091,tetrahedral;tetrahedral;tetrahedral;tetrahedral;tetrahedral;tetrahedral,tetrahedral,atom_center,configured_structure,configured_certificate,multiple,extractable_configured_elements,6,6,,,,true
acs_stereomolgraph,VS092,tetrahedral,tetrahedral,atom_center,configured_structure,configured_certificate,single,extractable_configured_elements,1,1,,,,true
acs_stereomolgraph,VS093,planar_bond;planar_bond,planar_bond,bond_center,configured_structure,configured_certificate,multiple,extractable_configured_elements,2,2,,,,true
acs_stereomolgraph,VS094,tetrahedral,tetrahedral,atom_center,configured_structure,configured_certificate,single,extractable_configured_elements,1,1,,,,true
acs_stereomolgraph,VS095,tetrahedral,tetrahedral,atom_center,configured_structure,configured_certificate,single,extractable_configured_elements,1,1,,,,true
acs_stereomolgraph,VS096,planar_bond,planar_bond,bond_center,configured_structure,configured_certificate,single,extractable_configured_elements,1,1,,,,true
acs_stereomolgraph,VS097,tetrahedral,tetrahedral,atom_center,configured_structure,configured_certificate,single,extractable_configured_elements,1,1,,,,true
acs_stereomolgraph,VS098,tetrahedral;tetrahedral;tetrahedral,tetrahedral,atom_center,configured_structure,configured_certificate,multiple,extractable_configured_elements,3,3,,,,true
acs_stereomolgraph,VS099,tetrahedral,tetrahedral,atom_center,configured_structure,configured_certificate,single,extractable_configured_elements,1,1,,,,true
acs_stereomolgraph,VS100,planar_bond;planar_bond,planar_bond,bond_center,configured_structure,configured_certificate,multiple,extractable_configured_elements,2,2,,,,true
acs_stereomolgraph,VS101,planar_bond;planar_bond,planar_bond,bond_center,configured_structure,configured_certificate,multiple,extractable_configured_elements,2,2,,,,true
acs_stereomolgraph,VS102,tetrahedral;tetrahedral;tetrahedral;tetrahedral,tetrahedral,atom_center,configured_structure,configured_certificate,multiple,extractable_configured_elements,4,4,,,,true
acs_stereomolgraph,VS103,tetrahedral;tetrahedral;tetrahedral;tetrahedral,tetrahedral,atom_center,configured_structure,configured_certificate,multiple,extractable_configured_elements,4,4,,,,true
acs_stereomolgraph,VS104,tetrahedral,tetrahedral,atom_center,configured_structure,configured_certificate,single,extractable_configured_elements,1,1,,,,true
acs_stereomolgraph,VS105,tetrahedral;tetrahedral;tetrahedral;tetrahedral;tetrahedral,tetrahedral,atom_center,configured_structure,configured_certificate,multiple,extractable_configured_elements,5,5,,,,true
acs_stereomolgraph,VS106,tetrahedral;tetrahedral,tetrahedral,atom_center,configured_structure,configured_certificate,multiple,extractable_configured_elements,2,2,,,,true
acs_stereomolgraph,VS107,planar_bond;planar_bond;planar_bond,planar_bond,bond_center,configured_structure,configured_certificate,multiple,extractable_configured_elements,3,3,,,,true
acs_stereomolgraph,VS108,tetrahedral;tetrahedral,tetrahedral,atom_center,configured_structure,configured_certificate,multiple,extractable_configured_elements,2,2,,,,true
acs_stereomolgraph,VS109,tetrahedral,tetrahedral,atom_center,configured_structure,configured_certificate,single,extractable_configured_elements,1,1,,,,true
acs_stereomolgraph,VS110,planar_bond,planar_bond,bond_center,configured_structure,configured_certificate,single,extractable_configured_elements,1,1,,,,true
acs_stereomolgraph,VS111,tetrahedral;tetrahedral;tetrahedral;tetrahedral,tetrahedral,atom_center,configured_structure,configured_certificate,multiple,extractable_configured_elements,4,4,,,,true
acs_stereomolgraph,VS112,tetrahedral;tetrahedral,tetrahedral,atom_center,configured_structure,configured_certificate,multiple,extractable_configured_elements,2,2,,,,true
acs_stereomolgraph,VS113,tetrahedral;tetrahedral,tetrahedral,atom_center,configured_structure,configured_certificate,multiple,extractable_configured_elements,2,2,,,,true
acs_stereomolgraph,VS114,planar_bond,planar_bond,bond_center,configured_structure,configured_certificate,single,extractable_configured_elements,1,1,,,,true
acs_stereomolgraph,VS115,tetrahedral;tetrahedral;tetrahedral;tetrahedral;tetrahedral,tetrahedral,atom_center,configured_structure,configured_certificate,multiple,extractable_configured_elements,5,5,,,,true
acs_stereomolgraph,VS116,tetrahedral;tetrahedral,tetrahedral,atom_center,configured_structure,configured_certificate,multiple,extractable_configured_elements,2,2,,,,true
acs_stereomolgraph,VS117,planar_bond,planar_bond,bond_center,configured_structure,configured_certificate,single,extractable_configured_elements,1,1,,,,true
acs_stereomolgraph,VS121,planar_bond,planar_bond,bond_center,configured_structure,configured_certificate,single,extractable_configured_elements,1,1,,,,true
acs_stereomolgraph,VS122,tetrahedral,tetrahedral,atom_center,configured_structure,configured_certificate,single,extractable_configured_elements,1,1,,,,true
acs_stereomolgraph,VS123,tetrahedral,tetrahedral,atom_center,configured_structure,configured_certificate,single,extractable_configured_elements,1,1,,,,true
acs_stereomolgraph,VS125,tetrahedral;tetrahedral;planar_bond,planar_bond;tetrahedral,atom_center;bond_center,configured_structure,configured_certificate,multiple,extractable_configured_elements,3,3,,,,true
acs_stereomolgraph,VS126,tetrahedral;tetrahedral;tetrahedral;tetrahedral;tetrahedral;tetrahedral;planar_bond;planar_bond;planar_bond;planar_bond,planar_bond;tetrahedral,atom_center;bond_center,configured_structure,configured_certificate,multiple,extractable_configured_elements,10,10,,,,true
acs_stereomolgraph,VS127,tetrahedral;tetrahedral;tetrahedral;tetrahedral;tetrahedral;tetrahedral;planar_bond;planar_bond;planar_bond;planar_bond,planar_bond;tetrahedral,atom_center;bond_center,configured_structure,configured_certificate,multiple,extractable_configured_elements,10,10,,,,true
acs_stereomolgraph,VS128,tetrahedral;tetrahedral;tetrahedral,tetrahedral,atom_center,configured_structure,configured_certificate,multiple,extractable_configured_elements,3,3,,,,true
acs_stereomolgraph,VS129,tetrahedral;tetrahedral;tetrahedral,tetrahedral,atom_center,configured_structure,configured_certificate,multiple,extractable_configured_elements,3,3,,,,true
acs_stereomolgraph,VS130,tetrahedral,tetrahedral,atom_center,configured_structure,configured_certificate,single,extractable_configured_elements,1,1,,,,true
acs_stereomolgraph,VS131,tetrahedral;tetrahedral,tetrahedral,atom_center,configured_structure,configured_certificate,multiple,extractable_configured_elements,2,2,,,,true
acs_stereomolgraph,VS133,tetrahedral,tetrahedral,atom_center,configured_structure,configured_certificate,single,extractable_configured_elements,1,1,,,,true
acs_stereomolgraph,VS134,tetrahedral,tetrahedral,atom_center,configured_structure,configured_certificate,single,extractable_configured_elements,1,1,,,,true
acs_stereomolgraph,VS136,tetrahedral;tetrahedral,tetrahedral,atom_center,configured_structure,configured_certificate,multiple,extractable_configured_elements,2,2,,,,true
acs_stereomolgraph,VS137,planar_bond,planar_bond,bond_center,configured_structure,configured_certificate,single,extractable_configured_elements,1,1,,,,true
acs_stereomolgraph,VS138,tetrahedral,tetrahedral,atom_center,configured_structure,configured_certificate,single,extractable_configured_elements,1,1,,,,true
acs_stereomolgraph,VS139,tetrahedral,tetrahedral,atom_center,configured_structure,configured_certificate,single,extractable_configured_elements,1,1,,,,true
acs_stereomolgraph,VS140,planar_bond,planar_bond,bond_center,configured_structure,configured_certificate,single,extractable_configured_elements,1,1,,,,true
acs_stereomolgraph,VS142,tetrahedral,tetrahedral,atom_center,configured_structure,configured_certificate,single,extractable_configured_elements,1,1,,,,true
acs_stereomolgraph,VS143,tetrahedral;tetrahedral;tetrahedral,tetrahedral,atom_center,configured_structure,configured_certificate,multiple,extractable_configured_elements,3,3,,,,true
acs_stereomolgraph,VS145,tetrahedral,tetrahedral,atom_center,configured_structure,configured_certificate,single,extractable_configured_elements,1,1,,,,true
acs_stereomolgraph,VS146,tetrahedral;tetrahedral;planar_bond;planar_bond;planar_bond;planar_bond,planar_bond;tetrahedral,atom_center;bond_center,configured_structure,configured_certificate,multiple,extractable_configured_elements,6,6,,,,true
acs_stereomolgraph,VS147,tetrahedral,tetrahedral,atom_center,configured_structure,configured_certificate,single,extractable_configured_elements,1,1,,,,true
acs_stereomolgraph,VS148,planar_bond,planar_bond,bond_center,configured_structure,configured_certificate,single,extractable_configured_elements,1,1,,,,true
acs_stereomolgraph,VS149,tetrahedral,tetrahedral,atom_center,configured_structure,configured_certificate,single,extractable_configured_elements,1,1,,,,true
acs_stereomolgraph,VS150,tetrahedral;tetrahedral,tetrahedral,atom_center,configured_structure,configured_certificate,multiple,extractable_configured_elements,2,2,,,,true
acs_stereomolgraph,VS151,tetrahedral,tetrahedral,atom_center,configured_structure,configured_certificate,single,extractable_configured_elements,1,1,,,,true
acs_stereomolgraph,VS152,tetrahedral;tetrahedral;tetrahedral;tetrahedral,tetrahedral,atom_center,configured_structure,configured_certificate,multiple,extractable_configured_elements,4,4,,,,true
acs_stereomolgraph,VS153,planar_bond;planar_bond,planar_bond,bond_center,configured_structure,configured_certificate,multiple,extractable_configured_elements,2,2,,,,true
acs_stereomolgraph,VS156,tetrahedral,tetrahedral,atom_center,configured_structure,configured_certificate,single,extractable_configured_elements,1,1,,,,true
acs_stereomolgraph,VS157,tetrahedral;tetrahedral;planar_bond;planar_bond,planar_bond;tetrahedral,atom_center;bond_center,configured_structure,configured_certificate,multiple,extractable_configured_elements,4,4,,,,true
acs_stereomolgraph,VS159,tetrahedral;tetrahedral;tetrahedral;tetrahedral,tetrahedral,atom_center,configured_structure,configured_certificate,multiple,extractable_configured_elements,4,4,,,,true
acs_stereomolgraph,VS160,tetrahedral;tetrahedral;tetrahedral,tetrahedral,atom_center,configured_structure,configured_certificate,multiple,extractable_configured_elements,3,3,,,,true
acs_stereomolgraph,VS161,tetrahedral;planar_bond,planar_bond;tetrahedral,atom_center;bond_center,configured_structure,configured_certificate,multiple,extractable_configured_elements,2,2,,,,true
acs_stereomolgraph,VS162,tetrahedral,tetrahedral,atom_center,configured_structure,configured_certificate,single,extractable_configured_elements,1,1,,,,true
acs_stereomolgraph,VS163,tetrahedral;tetrahedral,tetrahedral,atom_center,configured_structure,configured_certificate,multiple,extractable_configured_elements,2,2,,,,true
acs_stereomolgraph,VS165,tetrahedral,tetrahedral,atom_center,configured_structure,configured_certificate,single,extractable_configured_elements,1,1,,,,true
acs_stereomolgraph,VS167,tetrahedral,tetrahedral,atom_center,configured_structure,configured_certificate,single,extractable_configured_elements,1,1,,,,true
acs_stereomolgraph,VS168,tetrahedral;tetrahedral,tetrahedral,atom_center,configured_structure,configured_certificate,multiple,extractable_configured_elements,2,2,,,,true
acs_stereomolgraph,VS169,tetrahedral;tetrahedral,tetrahedral,atom_center,configured_structure,configured_certificate,multiple,extractable_configured_elements,2,2,,,,true
acs_stereomolgraph,VS170,tetrahedral,tetrahedral,atom_center,configured_structure,configured_certificate,single,extractable_configured_elements,1,1,,,,true
acs_stereomolgraph,VS171,tetrahedral,tetrahedral,atom_center,configured_structure,configured_certificate,single,extractable_configured_elements,1,1,,,,true
acs_stereomolgraph,VS172,tetrahedral;tetrahedral,tetrahedral,atom_center,configured_structure,configured_certificate,multiple,extractable_configured_elements,2,2,,,,true
acs_stereomolgraph,VS173,tetrahedral;planar_bond;planar_bond;planar_bond,planar_bond;tetrahedral,atom_center;bond_center,configured_structure,configured_certificate,multiple,extractable_configured_elements,4,4,,,,true
acs_stereomolgraph,VS174,tetrahedral;tetrahedral,tetrahedral,atom_center,configured_structure,configured_certificate,multiple,extractable_configured_elements,2,2,,,,true
acs_stereomolgraph,VS191,tetrahedral;planar_bond;planar_bond;planar_bond;planar_bond;planar_bond,planar_bond;tetrahedral,atom_center;bond_center,configured_structure,configured_certificate,multiple,extractable_configured_elements,6,6,,,,true
acs_stereomolgraph,VS192,tetrahedral;planar_bond;planar_bond,planar_bond;tetrahedral,atom_center;bond_center,configured_structure,configured_certificate,multiple,extractable_configured_elements,3,3,,,,true
acs_stereomolgraph,VS193,tetrahedral;planar_bond;planar_bond,planar_bond;tetrahedral,atom_center;bond_center,configured_structure,configured_certificate,multiple,extractable_configured_elements,3,3,,,,true
acs_stereomolgraph,VS194,tetrahedral;planar_bond;planar_bond,planar_bond;tetrahedral,atom_center;bond_center,configured_structure,configured_certificate,multiple,extractable_configured_elements,3,3,,,,true
acs_stereomolgraph,VS195,tetrahedral;planar_bond;planar_bond,planar_bond;tetrahedral,atom_center;bond_center,configured_structure,configured_certificate,multiple,extractable_configured_elements,3,3,,,,true
acs_stereomolgraph,VS196,tetrahedral;tetrahedral;tetrahedral;tetrahedral;tetrahedral;tetrahedral,tetrahedral,atom_center,configured_structure,configured_certificate,multiple,extractable_configured_elements,6,6,,,,true
acs_stereomolgraph,VS197,tetrahedral;tetrahedral;tetrahedral;tetrahedral;tetrahedral;tetrahedral,tetrahedral,atom_center,configured_structure,configured_certificate,multiple,extractable_configured_elements,6,6,,,,true
acs_stereomolgraph,VS198,tetrahedral;tetrahedral;tetrahedral;tetrahedral;tetrahedral;tetrahedral;tetrahedral;tetrahedral;tetrahedral;tetrahedral;tetrahedral;tetrahedral;tetrahedral,tetrahedral,atom_center,configured_structure,configured_certificate,multiple,extractable_configured_elements,13,13,,,,true
acs_stereomolgraph,VS199,tetrahedral;tetrahedral;tetrahedral;tetrahedral;tetrahedral,tetrahedral,atom_center,configured_structure,configured_certificate,multiple,extractable_configured_elements,5,5,,,,true
acs_stereomolgraph,VS200,tetrahedral;tetrahedral;tetrahedral;tetrahedral;tetrahedral,tetrahedral,atom_center,configured_structure,configured_certificate,multiple,extractable_configured_elements,5,5,,,,true
acs_stereomolgraph,VS201,tetrahedral;tetrahedral;tetrahedral;tetrahedral;tetrahedral,tetrahedral,atom_center,configured_structure,configured_certificate,multiple,extractable_configured_elements,5,5,,,,true
acs_stereomolgraph,VS202,tetrahedral;tetrahedral;tetrahedral;tetrahedral;tetrahedral,tetrahedral,atom_center,configured_structure,configured_certificate,multiple,extractable_configured_elements,5,5,,,,true
acs_stereomolgraph,VS203,tetrahedral;tetrahedral;tetrahedral;tetrahedral;tetrahedral;tetrahedral;tetrahedral;tetrahedral;tetrahedral,tetrahedral,atom_center,configured_structure,configured_certificate,multiple,extractable_configured_elements,9,9,,,,true
acs_stereomolgraph,VS204,tetrahedral;tetrahedral;tetrahedral;tetrahedral;tetrahedral;tetrahedral;tetrahedral;tetrahedral;tetrahedral,tetrahedral,atom_center,configured_structure,configured_certificate,multiple,extractable_configured_elements,9,9,,,,true
acs_stereomolgraph,VS205,tetrahedral;tetrahedral;tetrahedral;tetrahedral;tetrahedral;tetrahedral,tetrahedral,atom_center,configured_structure,configured_certificate,multiple,extractable_configured_elements,6,6,,,,true
acs_stereomolgraph,VS206,tetrahedral;tetrahedral;tetrahedral;tetrahedral,tetrahedral,atom_center,configured_structure,configured_certificate,multiple,extractable_configured_elements,4,4,,,,true
acs_stereomolgraph,VS207,tetrahedral;tetrahedral;tetrahedral;tetrahedral,tetrahedral,atom_center,configured_structure,configured_certificate,multiple,extractable_configured_elements,4,4,,,,true
acs_stereomolgraph,VS208,tetrahedral;tetrahedral;tetrahedral;tetrahedral,tetrahedral,atom_center,configured_structure,configured_certificate,multiple,extractable_configured_elements,4,4,,,,true
acs_stereomolgraph,VS209,tetrahedral;tetrahedral;tetrahedral;tetrahedral;tetrahedral;tetrahedral,tetrahedral,atom_center,configured_structure,configured_certificate,multiple,extractable_configured_elements,6,6,,,,true
acs_stereomolgraph,VS210,tetrahedral;tetrahedral;tetrahedral;tetrahedral;tetrahedral;tetrahedral,tetrahedral,atom_center,configured_structure,configured_certificate,multiple,extractable_configured_elements,6,6,,,,true
acs_stereomolgraph,VS211,tetrahedral;tetrahedral,tetrahedral,atom_center,configured_structure,configured_certificate,multiple,extractable_configured_elements,2,2,,,,true
acs_stereomolgraph,VS212,tetrahedral;tetrahedral,tetrahedral,atom_center,configured_structure,configured_certificate,multiple,extractable_configured_elements,2,2,,,,true
acs_stereomolgraph,VS213,tetrahedral;tetrahedral,tetrahedral,atom_center,configured_structure,configured_certificate,multiple,extractable_configured_elements,2,2,,,,true
acs_stereomolgraph,VS215,tetrahedral;tetrahedral,tetrahedral,atom_center,configured_structure,configured_certificate,multiple,extractable_configured_elements,2,2,,,,true
acs_stereomolgraph,VS216,tetrahedral;tetrahedral,tetrahedral,atom_center,configured_structure,configured_certificate,multiple,extractable_configured_elements,2,2,,,,true
acs_stereomolgraph,VS217,tetrahedral;tetrahedral,tetrahedral,atom_center,configured_structure,configured_certificate,multiple,extractable_configured_elements,2,2,,,,true
acs_stereomolgraph,VS218,tetrahedral;tetrahedral,tetrahedral,atom_center,configured_structure,configured_certificate,multiple,extractable_configured_elements,2,2,,,,true
acs_stereomolgraph,VS219,tetrahedral;tetrahedral,tetrahedral,atom_center,configured_structure,configured_certificate,multiple,extractable_configured_elements,2,2,,,,true
acs_stereomolgraph,VS220,tetrahedral;tetrahedral;tetrahedral;tetrahedral,tetrahedral,atom_center,configured_structure,configured_certificate,multiple,extractable_configured_elements,4,4,,,,true
acs_stereomolgraph,VS221,tetrahedral;tetrahedral,tetrahedral,atom_center,configured_structure,configured_certificate,multiple,extractable_configured_elements,2,2,,,,true
acs_stereomolgraph,VS222,tetrahedral;tetrahedral,tetrahedral,atom_center,configured_structure,configured_certificate,multiple,extractable_configured_elements,2,2,,,,true
acs_stereomolgraph,VS223,tetrahedral;tetrahedral;tetrahedral;tetrahedral,tetrahedral,atom_center,configured_structure,configured_certificate,multiple,extractable_configured_elements,4,4,,,,true
acs_stereomolgraph,VS224,tetrahedral;tetrahedral;tetrahedral;tetrahedral,tetrahedral,atom_center,configured_structure,configured_certificate,multiple,extractable_configured_elements,4,4,,,,true
acs_stereomolgraph,VS225,tetrahedral;tetrahedral,tetrahedral,atom_center,configured_structure,configured_certificate,multiple,extractable_configured_elements,2,2,,,,true
acs_stereomolgraph,VS226,tetrahedral;tetrahedral;tetrahedral;tetrahedral;tetrahedral;tetrahedral;tetrahedral;tetrahedral,tetrahedral,atom_center,configured_structure,configured_certificate,multiple,extractable_configured_elements,8,8,,,,true
acs_stereomolgraph,VS227,tetrahedral;tetrahedral;tetrahedral,tetrahedral,atom_center,configured_structure,configured_certificate,multiple,extractable_configured_elements,3,3,,,,true
acs_stereomolgraph,VS228,tetrahedral;tetrahedral;tetrahedral,tetrahedral,atom_center,configured_structure,configured_certificate,multiple,extractable_configured_elements,3,3,,,,true
acs_stereomolgraph,VS229,tetrahedral;tetrahedral;planar_bond,planar_bond;tetrahedral,atom_center;bond_center,configured_structure,configured_certificate,multiple,extractable_configured_elements,3,3,,,,true
acs_stereomolgraph,VS230,tetrahedral;tetrahedral;tetrahedral,tetrahedral,atom_center,configured_structure,configured_certificate,multiple,extractable_configured_elements,3,3,,,,true
acs_stereomolgraph,VS233,tetrahedral;tetrahedral;tetrahedral;tetrahedral;tetrahedral;tetrahedral;tetrahedral;tetrahedral;tetrahedral;tetrahedral;tetrahedral;tetrahedral;tetrahedral;tetrahedral;tetrahedral,tetrahedral,atom_center,configured_structure,configured_certificate,multiple,extractable_configured_elements,15,15,,,,true
acs_stereomolgraph,VS234,tetrahedral;tetrahedral;tetrahedral,tetrahedral,atom_center,configured_structure,configured_certificate,multiple,extractable_configured_elements,3,3,,,,true
acs_stereomolgraph,VS235,tetrahedral;tetrahedral;tetrahedral;tetrahedral,tetrahedral,atom_center,configured_structure,configured_certificate,multiple,extractable_configured_elements,4,4,,,,true
acs_stereomolgraph,VS236,tetrahedral;tetrahedral;tetrahedral,tetrahedral,atom_center,configured_structure,configured_certificate,multiple,extractable_configured_elements,3,3,,,,true
acs_stereomolgraph,VS237,tetrahedral;tetrahedral;tetrahedral,tetrahedral,atom_center,configured_structure,configured_certificate,multiple,extractable_configured_elements,3,3,,,,true
acs_stereomolgraph,VS238,tetrahedral;tetrahedral;tetrahedral,tetrahedral,atom_center,configured_structure,configured_certificate,multiple,extractable_configured_elements,3,3,,,,true
acs_stereomolgraph,VS239,tetrahedral;tetrahedral;tetrahedral;tetrahedral;tetrahedral;tetrahedral;tetrahedral;tetrahedral;tetrahedral,tetrahedral,atom_center,configured_structure,configured_certificate,multiple,extractable_configured_elements,9,9,,,,true
acs_stereomolgraph,VS240,tetrahedral;tetrahedral;planar_bond;planar_bond,planar_bond;tetrahedral,atom_center;bond_center,configured_structure,configured_certificate,multiple,extractable_configured_elements,4,4,,,,true
acs_stereomolgraph,VS241,tetrahedral;tetrahedral;tetrahedral,tetrahedral,atom_center,configured_structure,configured_certificate,multiple,extractable_configured_elements,3,3,,,,true
acs_stereomolgraph,VS242,tetrahedral;tetrahedral;tetrahedral;tetrahedral;tetrahedral;tetrahedral;tetrahedral;tetrahedral;tetrahedral;tetrahedral;tetrahedral;tetrahedral;tetrahedral;tetrahedral;tetrahedral;tetrahedral;tetrahedral;tetrahedral;tetrahedral;tetrahedral;tetrahedral,tetrahedral,atom_center,configured_structure,configured_certificate,multiple,extractable_configured_elements,21,21,,,,true
acs_stereomolgraph,VS244,tetrahedral;tetrahedral;tetrahedral;tetrahedral;tetrahedral,tetrahedral,atom_center,configured_structure,configured_certificate,multiple,extractable_configured_elements,5,5,,,,true
acs_stereomolgraph,VS245,tetrahedral;tetrahedral;tetrahedral;tetrahedral;planar_bond,planar_bond;tetrahedral,atom_center;bond_center,configured_structure,configured_certificate,multiple,extractable_configured_elements,5,5,,,,true
acs_stereomolgraph,VS249,tetrahedral;tetrahedral;tetrahedral;tetrahedral;tetrahedral;tetrahedral;tetrahedral;tetrahedral;tetrahedral;tetrahedral;tetrahedral;tetrahedral;tetrahedral;tetrahedral;tetrahedral;tetrahedral;tetrahedral;tetrahedral;tetrahedral,tetrahedral,atom_center,configured_structure,configured_certificate,multiple,extractable_configured_elements,19,19,,,,true
acs_stereomolgraph,VS250,tetrahedral;tetrahedral;tetrahedral;tetrahedral;tetrahedral;tetrahedral;tetrahedral;tetrahedral;tetrahedral;tetrahedral;tetrahedral;tetrahedral;tetrahedral;tetrahedral;tetrahedral;tetrahedral;tetrahedral;tetrahedral;tetrahedral,tetrahedral,atom_center,configured_structure,configured_certificate,multiple,extractable_configured_elements,19,19,,,,true
acs_stereomolgraph,VS251,tetrahedral;tetrahedral;tetrahedral;tetrahedral;tetrahedral;tetrahedral,tetrahedral,atom_center,configured_structure,configured_certificate,multiple,extractable_configured_elements,6,6,,,,true
acs_stereomolgraph,VS252,tetrahedral;tetrahedral;tetrahedral;tetrahedral,tetrahedral,atom_center,configured_structure,configured_certificate,multiple,extractable_configured_elements,4,4,,,,true
acs_stereomolgraph,VS253,tetrahedral;tetrahedral;tetrahedral;tetrahedral;tetrahedral;tetrahedral,tetrahedral,atom_center,configured_structure,configured_certificate,multiple,extractable_configured_elements,6,6,,,,true
acs_stereomolgraph,VS254,tetrahedral;tetrahedral;tetrahedral;tetrahedral;tetrahedral;tetrahedral,tetrahedral,atom_center,configured_structure,configured_certificate,multiple,extractable_configured_elements,6,6,,,,true
acs_stereomolgraph,VS255,tetrahedral;tetrahedral;tetrahedral;tetrahedral;tetrahedral;tetrahedral,tetrahedral,atom_center,configured_structure,configured_certificate,multiple,extractable_configured_elements,6,6,,,,true
acs_stereomolgraph,VS256,tetrahedral;tetrahedral;tetrahedral;tetrahedral,tetrahedral,atom_center,configured_structure,configured_certificate,multiple,extractable_configured_elements,4,4,,,,true
acs_stereomolgraph,VS257,tetrahedral;tetrahedral;tetrahedral,tetrahedral,atom_center,configured_structure,configured_certificate,multiple,extractable_configured_elements,3,3,,,,true
acs_stereomolgraph,VS258,tetrahedral;tetrahedral;tetrahedral,tetrahedral,atom_center,configured_structure,configured_certificate,multiple,extractable_configured_elements,3,3,,,,true
acs_stereomolgraph,VS259,tetrahedral;tetrahedral;tetrahedral;tetrahedral;tetrahedral;planar_bond,planar_bond;tetrahedral,atom_center;bond_center,configured_structure,configured_certificate,multiple,extractable_configured_elements,6,6,,,,true
acs_stereomolgraph,VS260,tetrahedral;tetrahedral;tetrahedral;tetrahedral;tetrahedral,tetrahedral,atom_center,configured_structure,configured_certificate,multiple,extractable_configured_elements,5,5,,,,true
acs_stereomolgraph,VS261,tetrahedral;tetrahedral;tetrahedral;tetrahedral;tetrahedral;tetrahedral;tetrahedral;tetrahedral;tetrahedral;tetrahedral;tetrahedral;tetrahedral;tetrahedral;tetrahedral;tetrahedral;tetrahedral;tetrahedral;tetrahedral;tetrahedral;tetrahedral;tetrahedral;tetrahedral;tetrahedral;tetrahedral;tetrahedral,tetrahedral,atom_center,configured_structure,configured_certificate,multiple,extractable_configured_elements,25,25,,,,true
acs_stereomolgraph,VS262,tetrahedral;tetrahedral;tetrahedral;tetrahedral;tetrahedral;tetrahedral;tetrahedral;tetrahedral;tetrahedral;tetrahedral;tetrahedral;tetrahedral;tetrahedral;tetrahedral;tetrahedral,tetrahedral,atom_center,configured_structure,configured_certificate,multiple,extractable_configured_elements,15,15,,,,true
acs_stereomolgraph,VS263,tetrahedral;tetrahedral;tetrahedral;tetrahedral;tetrahedral;tetrahedral;tetrahedral;tetrahedral;tetrahedral;tetrahedral;tetrahedral;tetrahedral;tetrahedral;tetrahedral;tetrahedral;tetrahedral;tetrahedral;tetrahedral;tetrahedral;tetrahedral;tetrahedral;tetrahedral;tetrahedral;tetrahedral;tetrahedral,tetrahedral,atom_center,configured_structure,configured_certificate,multiple,extractable_configured_elements,25,25,,,,true
acs_stereomolgraph,VS264,tetrahedral;tetrahedral;tetrahedral;tetrahedral;tetrahedral;tetrahedral;tetrahedral;tetrahedral;tetrahedral;tetrahedral;tetrahedral;tetrahedral;tetrahedral;tetrahedral;tetrahedral;tetrahedral;tetrahedral;tetrahedral;tetrahedral;tetrahedral;tetrahedral;tetrahedral;tetrahedral,tetrahedral,atom_center,configured_structure,configured_certificate,multiple,extractable_configured_elements,23,23,,,,true
acs_stereomolgraph,VS265,tetrahedral;tetrahedral;tetrahedral;tetrahedral;tetrahedral;tetrahedral;tetrahedral;tetrahedral;tetrahedral;tetrahedral;tetrahedral;tetrahedral;tetrahedral;tetrahedral;tetrahedral;tetrahedral;tetrahedral;tetrahedral;tetrahedral;tetrahedral;tetrahedral;tetrahedral;tetrahedral;tetrahedral,tetrahedral,atom_center,configured_structure,configured_certificate,multiple,extractable_configured_elements,24,24,,,,true
acs_stereomolgraph,VS266,tetrahedral;tetrahedral;tetrahedral;tetrahedral;tetrahedral;tetrahedral;tetrahedral;tetrahedral;tetrahedral;tetrahedral;tetrahedral;tetrahedral;tetrahedral;tetrahedral;tetrahedral;tetrahedral;tetrahedral;tetrahedral;tetrahedral;tetrahedral;tetrahedral;tetrahedral,tetrahedral,atom_center,configured_structure,configured_certificate,multiple,extractable_configured_elements,22,22,,,,true
acs_stereomolgraph,VS267,tetrahedral;tetrahedral;tetrahedral;tetrahedral;tetrahedral;tetrahedral;tetrahedral;tetrahedral;tetrahedral;tetrahedral;tetrahedral;tetrahedral;tetrahedral;tetrahedral;tetrahedral;tetrahedral;tetrahedral;tetrahedral;tetrahedral;tetrahedral;tetrahedral;tetrahedral;tetrahedral,tetrahedral,atom_center,configured_structure,configured_certificate,multiple,extractable_configured_elements,23,23,,,,true
acs_stereomolgraph,VS268,tetrahedral;tetrahedral;tetrahedral;tetrahedral;tetrahedral;tetrahedral;tetrahedral;tetrahedral;tetrahedral;tetrahedral;tetrahedral;tetrahedral;tetrahedral;tetrahedral;tetrahedral;tetrahedral;tetrahedral;tetrahedral;tetrahedral;tetrahedral;tetrahedral;tetrahedral;tetrahedral;tetrahedral;tetrahedral,tetrahedral,atom_center,configured_structure,configured_certificate,multiple,extractable_configured_elements,25,25,,,,true
acs_stereomolgraph,VS269,tetrahedral;tetrahedral;tetrahedral;tetrahedral;tetrahedral;tetrahedral;tetrahedral;tetrahedral;tetrahedral;tetrahedral;tetrahedral;tetrahedral;tetrahedral;tetrahedral;tetrahedral;tetrahedral;tetrahedral;tetrahedral;tetrahedral,tetrahedral,atom_center,configured_structure,configured_certificate,multiple,extractable_configured_elements,19,19,,,,true
acs_stereomolgraph,VS270,tetrahedral;tetrahedral;tetrahedral;tetrahedral;tetrahedral;tetrahedral;tetrahedral;tetrahedral;tetrahedral;tetrahedral;tetrahedral;tetrahedral;tetrahedral;tetrahedral;tetrahedral;tetrahedral;tetrahedral;tetrahedral;tetrahedral,tetrahedral,atom_center,configured_structure,configured_certificate,multiple,extractable_configured_elements,19,19,,,,true
acs_stereomolgraph,VS271,tetrahedral;tetrahedral;tetrahedral;tetrahedral;tetrahedral;tetrahedral;tetrahedral;tetrahedral;tetrahedral;tetrahedral;tetrahedral,tetrahedral,atom_center,configured_structure,configured_certificate,multiple,extractable_configured_elements,11,11,,,,true
acs_stereomolgraph,VS272,tetrahedral;tetrahedral;tetrahedral;tetrahedral;tetrahedral;tetrahedral;tetrahedral;tetrahedral;tetrahedral;tetrahedral;tetrahedral;tetrahedral;tetrahedral;tetrahedral;tetrahedral;tetrahedral;planar_bond;planar_bond,planar_bond;tetrahedral,atom_center;bond_center,configured_structure,configured_certificate,multiple,extractable_configured_elements,18,18,,,,true
acs_stereomolgraph,VS273,tetrahedral;tetrahedral;tetrahedral;tetrahedral;tetrahedral;tetrahedral;tetrahedral;tetrahedral;tetrahedral;tetrahedral;tetrahedral;tetrahedral;tetrahedral;tetrahedral;tetrahedral;tetrahedral;tetrahedral;tetrahedral,tetrahedral,atom_center,configured_structure,configured_certificate,multiple,extractable_configured_elements,18,18,,,,true
acs_stereomolgraph,VS274,tetrahedral;tetrahedral;tetrahedral;tetrahedral;tetrahedral;tetrahedral;tetrahedral;tetrahedral;tetrahedral;tetrahedral;tetrahedral;tetrahedral;tetrahedral;tetrahedral;tetrahedral;tetrahedral;tetrahedral;tetrahedral;tetrahedral,tetrahedral,atom_center,configured_structure,configured_certificate,multiple,extractable_configured_elements,19,19,,,,true
acs_stereomolgraph,VS275,tetrahedral;tetrahedral;tetrahedral;tetrahedral;tetrahedral;tetrahedral;tetrahedral;tetrahedral;tetrahedral;tetrahedral;tetrahedral;tetrahedral;tetrahedral;tetrahedral;tetrahedral;tetrahedral;tetrahedral;tetrahedral;tetrahedral;tetrahedral;tetrahedral,tetrahedral,atom_center,configured_structure,configured_certificate,multiple,extractable_configured_elements,21,21,,,,true
acs_stereomolgraph,VS276,tetrahedral;tetrahedral;tetrahedral;tetrahedral;tetrahedral;tetrahedral;tetrahedral,tetrahedral,atom_center,configured_structure,configured_certificate,multiple,extractable_configured_elements,7,7,,,,true
acs_stereomolgraph,VS277,tetrahedral;tetrahedral;tetrahedral;tetrahedral;tetrahedral;tetrahedral;tetrahedral;tetrahedral;tetrahedral;tetrahedral;tetrahedral;tetrahedral;tetrahedral;tetrahedral;tetrahedral;tetrahedral;tetrahedral;tetrahedral;tetrahedral,tetrahedral,atom_center,configured_structure,configured_certificate,multiple,extractable_configured_elements,19,19,,,,true
acs_stereomolgraph,VS278,tetrahedral;tetrahedral;tetrahedral;tetrahedral;tetrahedral;tetrahedral;tetrahedral;tetrahedral;tetrahedral;tetrahedral;tetrahedral;tetrahedral;tetrahedral;tetrahedral;tetrahedral;tetrahedral;tetrahedral;tetrahedral;tetrahedral;tetrahedral;tetrahedral,tetrahedral,atom_center,configured_structure,configured_certificate,multiple,extractable_configured_elements,21,21,,,,true
acs_stereomolgraph,VS279,tetrahedral;tetrahedral;tetrahedral;tetrahedral,tetrahedral,atom_center,configured_structure,configured_certificate,multiple,extractable_configured_elements,4,4,,,,true
acs_stereomolgraph,VS286,tetrahedral;tetrahedral,tetrahedral,atom_center,configured_structure,configured_certificate,multiple,extractable_configured_elements,2,2,,,,true
acs_stereomolgraph,VS293,planar_bond;planar_bond;planar_bond,planar_bond,bond_center,configured_structure,configured_certificate,multiple,extractable_configured_elements,3,3,,,,true
acs_stereomolgraph,VS294,tetrahedral;tetrahedral;tetrahedral;tetrahedral,tetrahedral,atom_center,configured_structure,configured_certificate,multiple,extractable_configured_elements,4,4,,,,true
acs_stereomolgraph,VS295,tetrahedral;tetrahedral;tetrahedral;tetrahedral,tetrahedral,atom_center,configured_structure,configured_certificate,multiple,extractable_configured_elements,4,4,,,,true
acs_stereomolgraph,VS296,tetrahedral;tetrahedral,tetrahedral,atom_center,configured_structure,configured_certificate,multiple,extractable_configured_elements,2,2,,,,true
acs_stereomolgraph,VS297,tetrahedral;tetrahedral,tetrahedral,atom_center,configured_structure,configured_certificate,multiple,extractable_configured_elements,2,2,,,,true
acs_stereomolgraph,VS298,tetrahedral;tetrahedral,tetrahedral,atom_center,configured_structure,configured_certificate,multiple,extractable_configured_elements,2,2,,,,true
cip_validation_suite,VS001,TH,tetrahedral,atom_center,external_local_labels_not_redistributed,external_configured_input_pending_checkout,no_reference_rs,reference_rs_positions_only,,,0,0,,false
cip_validation_suite,VS003,TH,tetrahedral,atom_center,external_local_labels_not_redistributed,external_configured_input_pending_checkout,no_reference_rs,reference_rs_positions_only,,,0,0,,false
cip_validation_suite,VS005,TH,tetrahedral,atom_center,external_local_labels_not_redistributed,external_configured_input_pending_checkout,no_reference_rs,reference_rs_positions_only,,,0,0,,false
cip_validation_suite,VS006,TH,tetrahedral,atom_center,external_local_labels_not_redistributed,external_configured_input_pending_checkout,no_reference_rs,reference_rs_positions_only,,,0,0,,false
cip_validation_suite,VS007,TH,tetrahedral,atom_center,external_local_labels_not_redistributed,external_configured_input_pending_checkout,no_reference_rs,reference_rs_positions_only,,,0,0,,false
cip_validation_suite,VS008,TH,tetrahedral,atom_center,external_local_labels_not_redistributed,external_configured_input_pending_checkout,no_reference_rs,reference_rs_positions_only,,,0,0,,false
cip_validation_suite,VS009,TH,tetrahedral,atom_center,external_local_labels_not_redistributed,external_configured_input_pending_checkout,no_reference_rs,reference_rs_positions_only,,,0,0,,false
cip_validation_suite,VS010,HE,helical,path,external_local_labels_not_redistributed,external_configured_input_pending_checkout,no_reference_rs,reference_rs_positions_only,,,0,0,,false
cip_validation_suite,VS011,HE,helical,path,external_local_labels_not_redistributed,external_configured_input_pending_checkout,no_reference_rs,reference_rs_positions_only,,,0,0,,false
cip_validation_suite,VS012,TH,tetrahedral,atom_center,external_local_labels_not_redistributed,external_configured_input_pending_checkout,no_reference_rs,reference_rs_positions_only,,,0,0,,false
cip_validation_suite,VS013,CT,planar_bond,bond_center,external_local_labels_not_redistributed,external_configured_input_pending_checkout,no_reference_rs,reference_rs_positions_only,,,0,0,,false
cip_validation_suite,VS014,TH,tetrahedral,atom_center,external_local_labels_not_redistributed,external_configured_input_pending_checkout,single,reference_rs_positions_only,,,1,1,,false
cip_validation_suite,VS015,TH,tetrahedral,atom_center,external_local_labels_not_redistributed,external_configured_input_pending_checkout,single,reference_rs_positions_only,,,1,1,,false
cip_validation_suite,VS016,TH,tetrahedral,atom_center,external_local_labels_not_redistributed,external_configured_input_pending_checkout,multiple,reference_rs_positions_only,,,2,2,,false
cip_validation_suite,VS017,TH,tetrahedral,atom_center,external_local_labels_not_redistributed,external_configured_input_pending_checkout,multiple,reference_rs_positions_only,,,2,2,,false
cip_validation_suite,VS018,CT;TH,planar_bond;tetrahedral,atom_center;bond_center,external_local_labels_not_redistributed,external_configured_input_pending_checkout,multiple,reference_rs_positions_only,,,2,2,,false
cip_validation_suite,VS019,CT,planar_bond,bond_center,external_local_labels_not_redistributed,external_configured_input_pending_checkout,no_reference_rs,reference_rs_positions_only,,,0,0,,false
cip_validation_suite,VS020,CT,planar_bond,bond_center,external_local_labels_not_redistributed,external_configured_input_pending_checkout,no_reference_rs,reference_rs_positions_only,,,0,0,,false
cip_validation_suite,VS021,TH,tetrahedral,atom_center,external_local_labels_not_redistributed,external_configured_input_pending_checkout,single,reference_rs_positions_only,,,1,1,,false
cip_validation_suite,VS022,TH,tetrahedral,atom_center,external_local_labels_not_redistributed,external_configured_input_pending_checkout,single,reference_rs_positions_only,,,1,1,,false
cip_validation_suite,VS023,AT,atrop_bond,bond_axis,external_local_labels_not_redistributed,external_configured_input_pending_checkout,no_reference_rs,reference_rs_positions_only,,,0,0,,false
cip_validation_suite,VS024,TH,tetrahedral,atom_center,external_local_labels_not_redistributed,external_configured_input_pending_checkout,multiple,reference_rs_positions_only,,,4,4,,false
cip_validation_suite,VS025,TH,tetrahedral,atom_center,external_local_labels_not_redistributed,external_configured_input_pending_checkout,single,reference_rs_positions_only,,,1,1,,false
cip_validation_suite,VS026,CT;TH,planar_bond;tetrahedral,atom_center;bond_center,external_local_labels_not_redistributed,external_configured_input_pending_checkout,multiple,reference_rs_positions_only,,,2,2,,false
cip_validation_suite,VS027,TH,tetrahedral,atom_center,external_local_labels_not_redistributed,external_configured_input_pending_checkout,multiple,reference_rs_positions_only,,,2,2,,false
cip_validation_suite,VS028,TH,tetrahedral,atom_center,external_local_labels_not_redistributed,external_configured_input_pending_checkout,multiple,reference_rs_positions_only,,,3,3,,false
cip_validation_suite,VS029,TH,tetrahedral,atom_center,external_local_labels_not_redistributed,external_configured_input_pending_checkout,multiple,reference_rs_positions_only,,,3,3,,false
cip_validation_suite,VS030,TH,tetrahedral,atom_center,external_local_labels_not_redistributed,external_configured_input_pending_checkout,multiple,reference_rs_positions_only,,,3,3,,false
cip_validation_suite,VS031,TH,tetrahedral,atom_center,external_local_labels_not_redistributed,external_configured_input_pending_checkout,single,reference_rs_positions_only,,,1,1,,false
cip_validation_suite,VS032,CT;TH,planar_bond;tetrahedral,atom_center;bond_center,external_local_labels_not_redistributed,external_configured_input_pending_checkout,single,reference_rs_positions_only,,,1,1,,false
cip_validation_suite,VS033,CT;TH,planar_bond;tetrahedral,atom_center;bond_center,external_local_labels_not_redistributed,external_configured_input_pending_checkout,single,reference_rs_positions_only,,,1,1,,false
cip_validation_suite,VS034,TH,tetrahedral,atom_center,external_local_labels_not_redistributed,external_configured_input_pending_checkout,multiple,reference_rs_positions_only,,,3,3,,false
cip_validation_suite,VS035,TH,tetrahedral,atom_center,external_local_labels_not_redistributed,external_configured_input_pending_checkout,multiple,reference_rs_positions_only,,,3,3,,false
cip_validation_suite,VS036,CT,planar_bond,bond_center,external_local_labels_not_redistributed,external_configured_input_pending_checkout,no_reference_rs,reference_rs_positions_only,,,0,0,,false
cip_validation_suite,VS037,TH,tetrahedral,atom_center,external_local_labels_not_redistributed,external_configured_input_pending_checkout,single,reference_rs_positions_only,,,1,1,,false
cip_validation_suite,VS038,TH,tetrahedral,atom_center,external_local_labels_not_redistributed,external_configured_input_pending_checkout,single,reference_rs_positions_only,,,1,1,,false
cip_validation_suite,VS039,TH,tetrahedral,atom_center,external_local_labels_not_redistributed,external_configured_input_pending_checkout,single,reference_rs_positions_only,,,1,1,,false
cip_validation_suite,VS040,TH,tetrahedral,atom_center,external_local_labels_not_redistributed,external_configured_input_pending_checkout,multiple,reference_rs_positions_only,,,5,5,,false
cip_validation_suite,VS041,CT,planar_bond,bond_center,external_local_labels_not_redistributed,external_configured_input_pending_checkout,no_reference_rs,reference_rs_positions_only,,,0,0,,false
cip_validation_suite,VS042,CT,planar_bond,bond_center,external_local_labels_not_redistributed,external_configured_input_pending_checkout,no_reference_rs,reference_rs_positions_only,,,0,0,,false
cip_validation_suite,VS043,TH,tetrahedral,atom_center,external_local_labels_not_redistributed,external_configured_input_pending_checkout,multiple,reference_rs_positions_only,,,2,2,,false
cip_validation_suite,VS044,CT,planar_bond,bond_center,external_local_labels_not_redistributed,external_configured_input_pending_checkout,no_reference_rs,reference_rs_positions_only,,,0,0,,false
cip_validation_suite,VS045,TH,tetrahedral,atom_center,external_local_labels_not_redistributed,external_configured_input_pending_checkout,single,reference_rs_positions_only,,,1,1,,false
cip_validation_suite,VS046,TH,tetrahedral,atom_center,external_local_labels_not_redistributed,external_configured_input_pending_checkout,multiple,reference_rs_positions_only,,,2,2,,false
cip_validation_suite,VS047,TH,tetrahedral,atom_center,external_local_labels_not_redistributed,external_configured_input_pending_checkout,multiple,reference_rs_positions_only,,,2,2,,false
cip_validation_suite,VS048,TH,tetrahedral,atom_center,external_local_labels_not_redistributed,external_configured_input_pending_checkout,multiple,reference_rs_positions_only,,,2,2,,false
cip_validation_suite,VS049,CT,planar_bond,bond_center,external_local_labels_not_redistributed,external_configured_input_pending_checkout,no_reference_rs,reference_rs_positions_only,,,0,0,,false
cip_validation_suite,VS050,TH,tetrahedral,atom_center,external_local_labels_not_redistributed,external_configured_input_pending_checkout,multiple,reference_rs_positions_only,,,4,4,,false
cip_validation_suite,VS051,TH,tetrahedral,atom_center,external_local_labels_not_redistributed,external_configured_input_pending_checkout,multiple,reference_rs_positions_only,,,3,3,,false
cip_validation_suite,VS052,TH,tetrahedral,atom_center,external_local_labels_not_redistributed,external_configured_input_pending_checkout,multiple,reference_rs_positions_only,,,3,3,,false
cip_validation_suite,VS053,CT;TH,planar_bond;tetrahedral,atom_center;bond_center,external_local_labels_not_redistributed,external_configured_input_pending_checkout,single,reference_rs_positions_only,,,1,1,,false
cip_validation_suite,VS054,TH,tetrahedral,atom_center,external_local_labels_not_redistributed,external_configured_input_pending_checkout,single,reference_rs_positions_only,,,1,1,,false
cip_validation_suite,VS055,AT,atrop_bond,bond_axis,external_local_labels_not_redistributed,external_configured_input_pending_checkout,no_reference_rs,reference_rs_positions_only,,,0,0,,false
cip_validation_suite,VS056,TH,tetrahedral,atom_center,external_local_labels_not_redistributed,external_configured_input_pending_checkout,multiple,reference_rs_positions_only,,,2,2,,false
cip_validation_suite,VS057,AT,atrop_bond,bond_axis,external_local_labels_not_redistributed,external_configured_input_pending_checkout,no_reference_rs,reference_rs_positions_only,,,0,0,,false
cip_validation_suite,VS058,CT,planar_bond,bond_center,external_local_labels_not_redistributed,external_configured_input_pending_checkout,no_reference_rs,reference_rs_positions_only,,,0,0,,false
cip_validation_suite,VS059,TH,tetrahedral,atom_center,external_local_labels_not_redistributed,external_configured_input_pending_checkout,single,reference_rs_positions_only,,,1,1,,false
cip_validation_suite,VS060,CT,planar_bond,bond_center,external_local_labels_not_redistributed,external_configured_input_pending_checkout,no_reference_rs,reference_rs_positions_only,,,0,0,,false
cip_validation_suite,VS061,CT,planar_bond,bond_center,external_local_labels_not_redistributed,external_configured_input_pending_checkout,no_reference_rs,reference_rs_positions_only,,,0,0,,false
cip_validation_suite,VS062,CT;TH,planar_bond;tetrahedral,atom_center;bond_center,external_local_labels_not_redistributed,external_configured_input_pending_checkout,no_reference_rs,reference_rs_positions_only,,,0,0,,false
cip_validation_suite,VS063,CT4;TH,extended_cis_trans;tetrahedral,atom_center;extended_cumulene_path,external_local_labels_not_redistributed,external_configured_input_pending_checkout,multiple,reference_rs_positions_only,,,2,2,,false
cip_validation_suite,VS064,TH,tetrahedral,atom_center,external_local_labels_not_redistributed,external_configured_input_pending_checkout,single,reference_rs_positions_only,,,1,1,,false
cip_validation_suite,VS065,TH,tetrahedral,atom_center,external_local_labels_not_redistributed,external_configured_input_pending_checkout,multiple,reference_rs_positions_only,,,4,4,,false
cip_validation_suite,VS066,TH,tetrahedral,atom_center,external_local_labels_not_redistributed,external_configured_input_pending_checkout,multiple,reference_rs_positions_only,,,2,2,,false
cip_validation_suite,VS067,TH,tetrahedral,atom_center,external_local_labels_not_redistributed,external_configured_input_pending_checkout,multiple,reference_rs_positions_only,,,2,2,,false
cip_validation_suite,VS068,TH,tetrahedral,atom_center,external_local_labels_not_redistributed,external_configured_input_pending_checkout,single,reference_rs_positions_only,,,1,1,,false
cip_validation_suite,VS069,TH,tetrahedral,atom_center,external_local_labels_not_redistributed,external_configured_input_pending_checkout,multiple,reference_rs_positions_only,,,2,2,,false
cip_validation_suite,VS070,TH,tetrahedral,atom_center,external_local_labels_not_redistributed,external_configured_input_pending_checkout,multiple,reference_rs_positions_only,,,8,8,,false
cip_validation_suite,VS071,TH,tetrahedral,atom_center,external_local_labels_not_redistributed,external_configured_input_pending_checkout,single,reference_rs_positions_only,,,1,1,,false
cip_validation_suite,VS072,AT;TH,atrop_bond;tetrahedral,atom_center;bond_axis,external_local_labels_not_redistributed,external_configured_input_pending_checkout,single,reference_rs_positions_only,,,1,1,,false
cip_validation_suite,VS073,AT,atrop_bond,bond_axis,external_local_labels_not_redistributed,external_configured_input_pending_checkout,no_reference_rs,reference_rs_positions_only,,,0,0,,false
cip_validation_suite,VS074,TH,tetrahedral,atom_center,external_local_labels_not_redistributed,external_configured_input_pending_checkout,single,reference_rs_positions_only,,,1,1,,false
cip_validation_suite,VS075,TH,tetrahedral,atom_center,external_local_labels_not_redistributed,external_configured_input_pending_checkout,multiple,reference_rs_positions_only,,,5,5,,false
cip_validation_suite,VS076,TH,tetrahedral,atom_center,external_local_labels_not_redistributed,external_configured_input_pending_checkout,single,reference_rs_positions_only,,,1,1,,false
cip_validation_suite,VS077,TH,tetrahedral,atom_center,external_local_labels_not_redistributed,external_configured_input_pending_checkout,single,reference_rs_positions_only,,,1,1,,false
cip_validation_suite,VS078,TH;TH3,cumulene_axis;tetrahedral,atom_center;axis_path,external_local_labels_not_redistributed,external_configured_input_pending_checkout,single,reference_rs_positions_only,,,1,1,,false
cip_validation_suite,VS079,TH3,cumulene_axis,axis_path,external_local_labels_not_redistributed,external_configured_input_pending_checkout,no_reference_rs,reference_rs_positions_only,,,0,0,,false
cip_validation_suite,VS080,TH,tetrahedral,atom_center,external_local_labels_not_redistributed,external_configured_input_pending_checkout,multiple,reference_rs_positions_only,,,2,2,,false
cip_validation_suite,VS081,TH,tetrahedral,atom_center,external_local_labels_not_redistributed,external_configured_input_pending_checkout,single,reference_rs_positions_only,,,1,1,,false
cip_validation_suite,VS082,TH,tetrahedral,atom_center,external_local_labels_not_redistributed,external_configured_input_pending_checkout,multiple,reference_rs_positions_only,,,2,2,,false
cip_validation_suite,VS083,TH,tetrahedral,atom_center,external_local_labels_not_redistributed,external_configured_input_pending_checkout,single,reference_rs_positions_only,,,1,1,,false
cip_validation_suite,VS084,TH,tetrahedral,atom_center,external_local_labels_not_redistributed,external_configured_input_pending_checkout,multiple,reference_rs_positions_only,,,4,4,,false
cip_validation_suite,VS085,CT,planar_bond,bond_center,external_local_labels_not_redistributed,external_configured_input_pending_checkout,no_reference_rs,reference_rs_positions_only,,,0,0,,false
cip_validation_suite,VS086,AT,atrop_bond,bond_axis,external_local_labels_not_redistributed,external_configured_input_pending_checkout,no_reference_rs,reference_rs_positions_only,,,0,0,,false
cip_validation_suite,VS087,CT;TH,planar_bond;tetrahedral,atom_center;bond_center,external_local_labels_not_redistributed,external_configured_input_pending_checkout,multiple,reference_rs_positions_only,,,2,2,,false
cip_validation_suite,VS088,CT;TH,planar_bond;tetrahedral,atom_center;bond_center,external_local_labels_not_redistributed,external_configured_input_pending_checkout,multiple,reference_rs_positions_only,,,2,2,,false
cip_validation_suite,VS089,TH,tetrahedral,atom_center,external_local_labels_not_redistributed,external_configured_input_pending_checkout,single,reference_rs_positions_only,,,1,1,,false
cip_validation_suite,VS090,TH,tetrahedral,atom_center,external_local_labels_not_redistributed,external_configured_input_pending_checkout,single,reference_rs_positions_only,,,1,1,,false
cip_validation_suite,VS091,TH,tetrahedral,atom_center,external_local_labels_not_redistributed,external_configured_input_pending_checkout,multiple,reference_rs_positions_only,,,6,6,,false
cip_validation_suite,VS092,TH,tetrahedral,atom_center,external_local_labels_not_redistributed,external_configured_input_pending_checkout,single,reference_rs_positions_only,,,1,1,,false
cip_validation_suite,VS093,CT,planar_bond,bond_center,external_local_labels_not_redistributed,external_configured_input_pending_checkout,no_reference_rs,reference_rs_positions_only,,,0,0,,false
cip_validation_suite,VS094,TH,tetrahedral,atom_center,external_local_labels_not_redistributed,external_configured_input_pending_checkout,single,reference_rs_positions_only,,,1,1,,false
cip_validation_suite,VS095,TH,tetrahedral,atom_center,external_local_labels_not_redistributed,external_configured_input_pending_checkout,single,reference_rs_positions_only,,,1,1,,false
cip_validation_suite,VS096,CT,planar_bond,bond_center,external_local_labels_not_redistributed,external_configured_input_pending_checkout,no_reference_rs,reference_rs_positions_only,,,0,0,,false
cip_validation_suite,VS097,TH,tetrahedral,atom_center,external_local_labels_not_redistributed,external_configured_input_pending_checkout,single,reference_rs_positions_only,,,1,1,,false
cip_validation_suite,VS098,TH,tetrahedral,atom_center,external_local_labels_not_redistributed,external_configured_input_pending_checkout,multiple,reference_rs_positions_only,,,3,3,,false
cip_validation_suite,VS099,TH,tetrahedral,atom_center,external_local_labels_not_redistributed,external_configured_input_pending_checkout,single,reference_rs_positions_only,,,1,1,,false
cip_validation_suite,VS100,CT,planar_bond,bond_center,external_local_labels_not_redistributed,external_configured_input_pending_checkout,no_reference_rs,reference_rs_positions_only,,,0,0,,false
cip_validation_suite,VS101,CT,planar_bond,bond_center,external_local_labels_not_redistributed,external_configured_input_pending_checkout,no_reference_rs,reference_rs_positions_only,,,0,0,,false
cip_validation_suite,VS102,TH,tetrahedral,atom_center,external_local_labels_not_redistributed,external_configured_input_pending_checkout,multiple,reference_rs_positions_only,,,4,4,,false
cip_validation_suite,VS103,TH,tetrahedral,atom_center,external_local_labels_not_redistributed,external_configured_input_pending_checkout,multiple,reference_rs_positions_only,,,4,4,,false
cip_validation_suite,VS104,TH,tetrahedral,atom_center,external_local_labels_not_redistributed,external_configured_input_pending_checkout,single,reference_rs_positions_only,,,1,1,,false
cip_validation_suite,VS105,TH,tetrahedral,atom_center,external_local_labels_not_redistributed,external_configured_input_pending_checkout,multiple,reference_rs_positions_only,,,5,5,,false
cip_validation_suite,VS106,TH,tetrahedral,atom_center,external_local_labels_not_redistributed,external_configured_input_pending_checkout,multiple,reference_rs_positions_only,,,2,2,,false
cip_validation_suite,VS107,CT,planar_bond,bond_center,external_local_labels_not_redistributed,external_configured_input_pending_checkout,no_reference_rs,reference_rs_positions_only,,,0,0,,false
cip_validation_suite,VS108,TH,tetrahedral,atom_center,external_local_labels_not_redistributed,external_configured_input_pending_checkout,multiple,reference_rs_positions_only,,,2,2,,false
cip_validation_suite,VS109,TH,tetrahedral,atom_center,external_local_labels_not_redistributed,external_configured_input_pending_checkout,single,reference_rs_positions_only,,,1,1,,false
cip_validation_suite,VS110,CT,planar_bond,bond_center,external_local_labels_not_redistributed,external_configured_input_pending_checkout,no_reference_rs,reference_rs_positions_only,,,0,0,,false
cip_validation_suite,VS111,TH,tetrahedral,atom_center,external_local_labels_not_redistributed,external_configured_input_pending_checkout,multiple,reference_rs_positions_only,,,4,4,,false
cip_validation_suite,VS112,TH,tetrahedral,atom_center,external_local_labels_not_redistributed,external_configured_input_pending_checkout,multiple,reference_rs_positions_only,,,2,2,,false
cip_validation_suite,VS113,TH,tetrahedral,atom_center,external_local_labels_not_redistributed,external_configured_input_pending_checkout,multiple,reference_rs_positions_only,,,2,2,,false
cip_validation_suite,VS114,CT,planar_bond,bond_center,external_local_labels_not_redistributed,external_configured_input_pending_checkout,no_reference_rs,reference_rs_positions_only,,,0,0,,false
cip_validation_suite,VS115,TH,tetrahedral,atom_center,external_local_labels_not_redistributed,external_configured_input_pending_checkout,multiple,reference_rs_positions_only,,,5,5,,false
cip_validation_suite,VS116,TH,tetrahedral,atom_center,external_local_labels_not_redistributed,external_configured_input_pending_checkout,multiple,reference_rs_positions_only,,,2,2,,false
cip_validation_suite,VS117,CT,planar_bond,bond_center,external_local_labels_not_redistributed,external_configured_input_pending_checkout,no_reference_rs,reference_rs_positions_only,,,0,0,,false
cip_validation_suite,VS118,CT4,extended_cis_trans,extended_cumulene_path,external_local_labels_not_redistributed,external_configured_input_pending_checkout,no_reference_rs,reference_rs_positions_only,,,0,0,,false
cip_validation_suite,VS119,TH,tetrahedral,atom_center,external_local_labels_not_redistributed,external_configured_input_pending_checkout,multiple,reference_rs_positions_only,,,2,2,,false
cip_validation_suite,VS120,TH;TH3,cumulene_axis;tetrahedral,atom_center;axis_path,external_local_labels_not_redistributed,external_configured_input_pending_checkout,multiple,reference_rs_positions_only,,,2,2,,false
cip_validation_suite,VS121,CT,planar_bond,bond_center,external_local_labels_not_redistributed,external_configured_input_pending_checkout,no_reference_rs,reference_rs_positions_only,,,0,0,,false
cip_validation_suite,VS122,TH,tetrahedral,atom_center,external_local_labels_not_redistributed,external_configured_input_pending_checkout,single,reference_rs_positions_only,,,1,1,,false
cip_validation_suite,VS123,TH,tetrahedral,atom_center,external_local_labels_not_redistributed,external_configured_input_pending_checkout,single,reference_rs_positions_only,,,1,1,,false
cip_validation_suite,VS124,TH,tetrahedral,atom_center,external_local_labels_not_redistributed,external_configured_input_pending_checkout,multiple,reference_rs_positions_only,,,2,2,,false
cip_validation_suite,VS125,CT;TH,planar_bond;tetrahedral,atom_center;bond_center,external_local_labels_not_redistributed,external_configured_input_pending_checkout,multiple,reference_rs_positions_only,,,2,2,,false
cip_validation_suite,VS126,CT;TH,planar_bond;tetrahedral,atom_center;bond_center,external_local_labels_not_redistributed,external_configured_input_pending_checkout,multiple,reference_rs_positions_only,,,6,6,,false
cip_validation_suite,VS127,CT;TH,planar_bond;tetrahedral,atom_center;bond_center,external_local_labels_not_redistributed,external_configured_input_pending_checkout,multiple,reference_rs_positions_only,,,6,6,,false
cip_validation_suite,VS128,TH,tetrahedral,atom_center,external_local_labels_not_redistributed,external_configured_input_pending_checkout,multiple,reference_rs_positions_only,,,3,3,,false
cip_validation_suite,VS129,TH,tetrahedral,atom_center,external_local_labels_not_redistributed,external_configured_input_pending_checkout,multiple,reference_rs_positions_only,,,3,3,,false
cip_validation_suite,VS130,TH,tetrahedral,atom_center,external_local_labels_not_redistributed,external_configured_input_pending_checkout,single,reference_rs_positions_only,,,1,1,,false
cip_validation_suite,VS131,TH,tetrahedral,atom_center,external_local_labels_not_redistributed,external_configured_input_pending_checkout,multiple,reference_rs_positions_only,,,2,2,,false
cip_validation_suite,VS132,TH,tetrahedral,atom_center,external_local_labels_not_redistributed,external_configured_input_pending_checkout,multiple,reference_rs_positions_only,,,2,0,,false
cip_validation_suite,VS133,TH,tetrahedral,atom_center,external_local_labels_not_redistributed,external_configured_input_pending_checkout,single,reference_rs_positions_only,,,1,1,,false
cip_validation_suite,VS134,TH,tetrahedral,atom_center,external_local_labels_not_redistributed,external_configured_input_pending_checkout,single,reference_rs_positions_only,,,1,1,,false
cip_validation_suite,VS135,CT4,extended_cis_trans,extended_cumulene_path,external_local_labels_not_redistributed,external_configured_input_pending_checkout,no_reference_rs,reference_rs_positions_only,,,0,0,,false
cip_validation_suite,VS136,TH,tetrahedral,atom_center,external_local_labels_not_redistributed,external_configured_input_pending_checkout,multiple,reference_rs_positions_only,,,2,2,,false
cip_validation_suite,VS137,CT,planar_bond,bond_center,external_local_labels_not_redistributed,external_configured_input_pending_checkout,no_reference_rs,reference_rs_positions_only,,,0,0,,false
cip_validation_suite,VS138,TH,tetrahedral,atom_center,external_local_labels_not_redistributed,external_configured_input_pending_checkout,single,reference_rs_positions_only,,,1,1,,false
cip_validation_suite,VS139,TH,tetrahedral,atom_center,external_local_labels_not_redistributed,external_configured_input_pending_checkout,single,reference_rs_positions_only,,,1,1,,false
cip_validation_suite,VS140,CT,planar_bond,bond_center,external_local_labels_not_redistributed,external_configured_input_pending_checkout,no_reference_rs,reference_rs_positions_only,,,0,0,,false
cip_validation_suite,VS141,TH5;CT,cumulene_axis;planar_bond,axis_path;bond_center,external_local_labels_not_redistributed,external_configured_input_pending_checkout,no_reference_rs,reference_rs_positions_only,,,0,0,,false
cip_validation_suite,VS142,TH,tetrahedral,atom_center,external_local_labels_not_redistributed,external_configured_input_pending_checkout,single,reference_rs_positions_only,,,1,1,,false
cip_validation_suite,VS143,TH,tetrahedral,atom_center,external_local_labels_not_redistributed,external_configured_input_pending_checkout,multiple,reference_rs_positions_only,,,3,3,,false
cip_validation_suite,VS144,TH3,cumulene_axis,axis_path,external_local_labels_not_redistributed,external_configured_input_pending_checkout,no_reference_rs,reference_rs_positions_only,,,0,0,,false
cip_validation_suite,VS145,TH,tetrahedral,atom_center,external_local_labels_not_redistributed,external_configured_input_pending_checkout,single,reference_rs_positions_only,,,1,1,,false
cip_validation_suite,VS146,CT;TH,planar_bond;tetrahedral,atom_center;bond_center,external_local_labels_not_redistributed,external_configured_input_pending_checkout,multiple,reference_rs_positions_only,,,2,2,,false
cip_validation_suite,VS147,TH,tetrahedral,atom_center,external_local_labels_not_redistributed,external_configured_input_pending_checkout,single,reference_rs_positions_only,,,1,1,,false
cip_validation_suite,VS148,CT,planar_bond,bond_center,external_local_labels_not_redistributed,external_configured_input_pending_checkout,no_reference_rs,reference_rs_positions_only,,,0,0,,false
cip_validation_suite,VS149,TH,tetrahedral,atom_center,external_local_labels_not_redistributed,external_configured_input_pending_checkout,single,reference_rs_positions_only,,,1,1,,false
cip_validation_suite,VS150,TH,tetrahedral,atom_center,external_local_labels_not_redistributed,external_configured_input_pending_checkout,multiple,reference_rs_positions_only,,,2,2,,false
cip_validation_suite,VS151,TH,tetrahedral,atom_center,external_local_labels_not_redistributed,external_configured_input_pending_checkout,single,reference_rs_positions_only,,,1,1,,false
cip_validation_suite,VS152,TH,tetrahedral,atom_center,external_local_labels_not_redistributed,external_configured_input_pending_checkout,multiple,reference_rs_positions_only,,,4,4,,false
cip_validation_suite,VS153,CT,planar_bond,bond_center,external_local_labels_not_redistributed,external_configured_input_pending_checkout,no_reference_rs,reference_rs_positions_only,,,0,0,,false
cip_validation_suite,VS154,CT;CT4,extended_cis_trans;planar_bond,bond_center;extended_cumulene_path,external_local_labels_not_redistributed,external_configured_input_pending_checkout,no_reference_rs,reference_rs_positions_only,,,0,0,,false
cip_validation_suite,VS155,CT,planar_bond,bond_center,external_local_labels_not_redistributed,external_configured_input_pending_checkout,no_reference_rs,reference_rs_positions_only,,,0,0,,false
cip_validation_suite,VS156,TH,tetrahedral,atom_center,external_local_labels_not_redistributed,external_configured_input_pending_checkout,single,reference_rs_positions_only,,,1,1,,false
cip_validation_suite,VS157,CT;TH,planar_bond;tetrahedral,atom_center;bond_center,external_local_labels_not_redistributed,external_configured_input_pending_checkout,multiple,reference_rs_positions_only,,,2,2,,false
cip_validation_suite,VS158,AT,atrop_bond,bond_axis,external_local_labels_not_redistributed,external_configured_input_pending_checkout,no_reference_rs,reference_rs_positions_only,,,0,0,,false
cip_validation_suite,VS159,TH,tetrahedral,atom_center,external_local_labels_not_redistributed,external_configured_input_pending_checkout,multiple,reference_rs_positions_only,,,4,4,,false
cip_validation_suite,VS160,TH,tetrahedral,atom_center,external_local_labels_not_redistributed,external_configured_input_pending_checkout,multiple,reference_rs_positions_only,,,3,3,,false
cip_validation_suite,VS161,CT;TH,planar_bond;tetrahedral,atom_center;bond_center,external_local_labels_not_redistributed,external_configured_input_pending_checkout,single,reference_rs_positions_only,,,1,1,,false
cip_validation_suite,VS162,TH,tetrahedral,atom_center,external_local_labels_not_redistributed,external_configured_input_pending_checkout,single,reference_rs_positions_only,,,1,1,,false
cip_validation_suite,VS163,TH,tetrahedral,atom_center,external_local_labels_not_redistributed,external_configured_input_pending_checkout,multiple,reference_rs_positions_only,,,2,2,,false
cip_validation_suite,VS164,CT4;TH,extended_cis_trans;tetrahedral,atom_center;extended_cumulene_path,external_local_labels_not_redistributed,external_configured_input_pending_checkout,single,reference_rs_positions_only,,,1,1,,false
cip_validation_suite,VS165,TH,tetrahedral,atom_center,external_local_labels_not_redistributed,external_configured_input_pending_checkout,single,reference_rs_positions_only,,,1,1,,false
cip_validation_suite,VS166,TH5,cumulene_axis,axis_path,external_local_labels_not_redistributed,external_configured_input_pending_checkout,no_reference_rs,reference_rs_positions_only,,,0,0,,false
cip_validation_suite,VS167,TH,tetrahedral,atom_center,external_local_labels_not_redistributed,external_configured_input_pending_checkout,single,reference_rs_positions_only,,,1,1,,false
cip_validation_suite,VS168,TH,tetrahedral,atom_center,external_local_labels_not_redistributed,external_configured_input_pending_checkout,multiple,reference_rs_positions_only,,,2,2,,false
cip_validation_suite,VS169,TH,tetrahedral,atom_center,external_local_labels_not_redistributed,external_configured_input_pending_checkout,multiple,reference_rs_positions_only,,,2,2,,false
cip_validation_suite,VS170,TH,tetrahedral,atom_center,external_local_labels_not_redistributed,external_configured_input_pending_checkout,single,reference_rs_positions_only,,,1,1,,false
cip_validation_suite,VS171,TH,tetrahedral,atom_center,external_local_labels_not_redistributed,external_configured_input_pending_checkout,single,reference_rs_positions_only,,,1,1,,false
cip_validation_suite,VS172,TH,tetrahedral,atom_center,external_local_labels_not_redistributed,external_configured_input_pending_checkout,multiple,reference_rs_positions_only,,,2,2,,false
cip_validation_suite,VS173,CT;TH,planar_bond;tetrahedral,atom_center;bond_center,external_local_labels_not_redistributed,external_configured_input_pending_checkout,single,reference_rs_positions_only,,,1,1,,false
cip_validation_suite,VS174,TH,tetrahedral,atom_center,external_local_labels_not_redistributed,external_configured_input_pending_checkout,multiple,reference_rs_positions_only,,,2,2,,false
cip_validation_suite,VS175,TH,tetrahedral,atom_center,external_local_labels_not_redistributed,external_configured_input_pending_checkout,single,reference_rs_positions_only,,,1,1,,false
cip_validation_suite,VS176,CT,planar_bond,bond_center,external_local_labels_not_redistributed,external_configured_input_pending_checkout,no_reference_rs,reference_rs_positions_only,,,0,0,,false
cip_validation_suite,VS177,TH,tetrahedral,atom_center,external_local_labels_not_redistributed,external_configured_input_pending_checkout,single,reference_rs_positions_only,,,1,1,,false
cip_validation_suite,VS178,TH,tetrahedral,atom_center,external_local_labels_not_redistributed,external_configured_input_pending_checkout,single,reference_rs_positions_only,,,1,1,,false
cip_validation_suite,VS179,TH,tetrahedral,atom_center,external_local_labels_not_redistributed,external_configured_input_pending_checkout,single,reference_rs_positions_only,,,1,1,,false
cip_validation_suite,VS180,TH,tetrahedral,atom_center,external_local_labels_not_redistributed,external_configured_input_pending_checkout,single,reference_rs_positions_only,,,1,1,,false
cip_validation_suite,VS181,TH,tetrahedral,atom_center,external_local_labels_not_redistributed,external_configured_input_pending_checkout,single,reference_rs_positions_only,,,1,1,,false
cip_validation_suite,VS182,TH,tetrahedral,atom_center,external_local_labels_not_redistributed,external_configured_input_pending_checkout,single,reference_rs_positions_only,,,1,1,,false
cip_validation_suite,VS183,TH,tetrahedral,atom_center,external_local_labels_not_redistributed,external_configured_input_pending_checkout,single,reference_rs_positions_only,,,1,1,,false
cip_validation_suite,VS184,CT,planar_bond,bond_center,external_local_labels_not_redistributed,external_configured_input_pending_checkout,no_reference_rs,reference_rs_positions_only,,,0,0,,false
cip_validation_suite,VS185,CT,planar_bond,bond_center,external_local_labels_not_redistributed,external_configured_input_pending_checkout,no_reference_rs,reference_rs_positions_only,,,0,0,,false
cip_validation_suite,VS186,TH,tetrahedral,atom_center,external_local_labels_not_redistributed,external_configured_input_pending_checkout,single,reference_rs_positions_only,,,1,1,,false
cip_validation_suite,VS187,TH,tetrahedral,atom_center,external_local_labels_not_redistributed,external_configured_input_pending_checkout,single,reference_rs_positions_only,,,1,1,,false
cip_validation_suite,VS188,CT,planar_bond,bond_center,external_local_labels_not_redistributed,external_configured_input_pending_checkout,no_reference_rs,reference_rs_positions_only,,,0,0,,false
cip_validation_suite,VS189,CT,planar_bond,bond_center,external_local_labels_not_redistributed,external_configured_input_pending_checkout,no_reference_rs,reference_rs_positions_only,,,0,0,,false
cip_validation_suite,VS190,CT,planar_bond,bond_center,external_local_labels_not_redistributed,external_configured_input_pending_checkout,no_reference_rs,reference_rs_positions_only,,,0,0,,false
cip_validation_suite,VS191,CT;TH,planar_bond;tetrahedral,atom_center;bond_center,external_local_labels_not_redistributed,external_configured_input_pending_checkout,single,reference_rs_positions_only,,,1,0,,false
cip_validation_suite,VS192,CT;TH,planar_bond;tetrahedral,atom_center;bond_center,external_local_labels_not_redistributed,external_configured_input_pending_checkout,single,reference_rs_positions_only,,,1,0,,false
cip_validation_suite,VS193,CT;TH,planar_bond;tetrahedral,atom_center;bond_center,external_local_labels_not_redistributed,external_configured_input_pending_checkout,single,reference_rs_positions_only,,,1,0,,false
cip_validation_suite,VS194,CT;TH,planar_bond;tetrahedral,atom_center;bond_center,external_local_labels_not_redistributed,external_configured_input_pending_checkout,single,reference_rs_positions_only,,,1,0,,false
cip_validation_suite,VS195,CT;TH,planar_bond;tetrahedral,atom_center;bond_center,external_local_labels_not_redistributed,external_configured_input_pending_checkout,single,reference_rs_positions_only,,,1,0,,false
cip_validation_suite,VS196,TH,tetrahedral,atom_center,external_local_labels_not_redistributed,external_configured_input_pending_checkout,multiple,reference_rs_positions_only,,,6,0,,false
cip_validation_suite,VS197,TH,tetrahedral,atom_center,external_local_labels_not_redistributed,external_configured_input_pending_checkout,multiple,reference_rs_positions_only,,,6,0,,false
cip_validation_suite,VS198,TH,tetrahedral,atom_center,external_local_labels_not_redistributed,external_configured_input_pending_checkout,multiple,reference_rs_positions_only,,,13,12,,false
cip_validation_suite,VS199,TH,tetrahedral,atom_center,external_local_labels_not_redistributed,external_configured_input_pending_checkout,multiple,reference_rs_positions_only,,,5,4,,false
cip_validation_suite,VS200,TH,tetrahedral,atom_center,external_local_labels_not_redistributed,external_configured_input_pending_checkout,multiple,reference_rs_positions_only,,,5,4,,false
cip_validation_suite,VS201,TH,tetrahedral,atom_center,external_local_labels_not_redistributed,external_configured_input_pending_checkout,multiple,reference_rs_positions_only,,,5,4,,false
cip_validation_suite,VS202,TH,tetrahedral,atom_center,external_local_labels_not_redistributed,external_configured_input_pending_checkout,multiple,reference_rs_positions_only,,,5,4,,false
cip_validation_suite,VS203,TH,tetrahedral,atom_center,external_local_labels_not_redistributed,external_configured_input_pending_checkout,multiple,reference_rs_positions_only,,,9,8,,false
cip_validation_suite,VS204,TH,tetrahedral,atom_center,external_local_labels_not_redistributed,external_configured_input_pending_checkout,multiple,reference_rs_positions_only,,,9,8,,false
cip_validation_suite,VS205,TH,tetrahedral,atom_center,external_local_labels_not_redistributed,external_configured_input_pending_checkout,multiple,reference_rs_positions_only,,,6,0,,false
cip_validation_suite,VS206,TH,tetrahedral,atom_center,external_local_labels_not_redistributed,external_configured_input_pending_checkout,multiple,reference_rs_positions_only,,,4,0,,false
cip_validation_suite,VS207,TH,tetrahedral,atom_center,external_local_labels_not_redistributed,external_configured_input_pending_checkout,multiple,reference_rs_positions_only,,,6,0,,false
cip_validation_suite,VS208,TH,tetrahedral,atom_center,external_local_labels_not_redistributed,external_configured_input_pending_checkout,multiple,reference_rs_positions_only,,,4,0,,false
cip_validation_suite,VS209,TH,tetrahedral,atom_center,external_local_labels_not_redistributed,external_configured_input_pending_checkout,multiple,reference_rs_positions_only,,,6,0,,false
cip_validation_suite,VS210,TH,tetrahedral,atom_center,external_local_labels_not_redistributed,external_configured_input_pending_checkout,multiple,reference_rs_positions_only,,,6,0,,false
cip_validation_suite,VS211,TH,tetrahedral,atom_center,external_local_labels_not_redistributed,external_configured_input_pending_checkout,multiple,reference_rs_positions_only,,,2,0,,false
cip_validation_suite,VS212,TH,tetrahedral,atom_center,external_local_labels_not_redistributed,external_configured_input_pending_checkout,multiple,reference_rs_positions_only,,,2,0,,false
cip_validation_suite,VS213,TH,tetrahedral,atom_center,external_local_labels_not_redistributed,external_configured_input_pending_checkout,multiple,reference_rs_positions_only,,,2,0,,false
cip_validation_suite,VS214,CT;TH,planar_bond;tetrahedral,atom_center;bond_center,external_local_labels_not_redistributed,external_configured_input_pending_checkout,multiple,reference_rs_positions_only,,,2,0,,false
cip_validation_suite,VS215,TH,tetrahedral,atom_center,external_local_labels_not_redistributed,external_configured_input_pending_checkout,multiple,reference_rs_positions_only,,,2,2,,false
cip_validation_suite,VS216,TH,tetrahedral,atom_center,external_local_labels_not_redistributed,external_configured_input_pending_checkout,multiple,reference_rs_positions_only,,,2,2,,false
cip_validation_suite,VS217,TH,tetrahedral,atom_center,external_local_labels_not_redistributed,external_configured_input_pending_checkout,multiple,reference_rs_positions_only,,,2,2,,false
cip_validation_suite,VS218,TH,tetrahedral,atom_center,external_local_labels_not_redistributed,external_configured_input_pending_checkout,multiple,reference_rs_positions_only,,,2,2,,false
cip_validation_suite,VS219,TH,tetrahedral,atom_center,external_local_labels_not_redistributed,external_configured_input_pending_checkout,multiple,reference_rs_positions_only,,,2,0,,false
cip_validation_suite,VS220,TH,tetrahedral,atom_center,external_local_labels_not_redistributed,external_configured_input_pending_checkout,multiple,reference_rs_positions_only,,,4,0,,false
cip_validation_suite,VS221,TH,tetrahedral,atom_center,external_local_labels_not_redistributed,external_configured_input_pending_checkout,multiple,reference_rs_positions_only,,,2,0,,false
cip_validation_suite,VS222,TH,tetrahedral,atom_center,external_local_labels_not_redistributed,external_configured_input_pending_checkout,multiple,reference_rs_positions_only,,,2,0,,false
cip_validation_suite,VS223,TH,tetrahedral,atom_center,external_local_labels_not_redistributed,external_configured_input_pending_checkout,multiple,reference_rs_positions_only,,,4,0,,false
cip_validation_suite,VS224,TH,tetrahedral,atom_center,external_local_labels_not_redistributed,external_configured_input_pending_checkout,multiple,reference_rs_positions_only,,,4,0,,false
cip_validation_suite,VS225,TH,tetrahedral,atom_center,external_local_labels_not_redistributed,external_configured_input_pending_checkout,multiple,reference_rs_positions_only,,,2,0,,false
cip_validation_suite,VS226,TH,tetrahedral,atom_center,external_local_labels_not_redistributed,external_configured_input_pending_checkout,multiple,reference_rs_positions_only,,,10,0,,false
cip_validation_suite,VS227,TH,tetrahedral,atom_center,external_local_labels_not_redistributed,external_configured_input_pending_checkout,multiple,reference_rs_positions_only,,,3,2,,false
cip_validation_suite,VS228,TH,tetrahedral,atom_center,external_local_labels_not_redistributed,external_configured_input_pending_checkout,multiple,reference_rs_positions_only,,,3,2,,false
cip_validation_suite,VS229,CT;TH,planar_bond;tetrahedral,atom_center;bond_center,external_local_labels_not_redistributed,external_configured_input_pending_checkout,multiple,reference_rs_positions_only,,,2,2,,false
cip_validation_suite,VS230,TH,tetrahedral,atom_center,external_local_labels_not_redistributed,external_configured_input_pending_checkout,multiple,reference_rs_positions_only,,,3,2,,false
cip_validation_suite,VS231,TH;TH3,cumulene_axis;tetrahedral,atom_center;axis_path,external_local_labels_not_redistributed,external_configured_input_pending_checkout,single,reference_rs_positions_only,,,1,0,,false
cip_validation_suite,VS232,TH3,cumulene_axis,axis_path,external_local_labels_not_redistributed,external_configured_input_pending_checkout,no_reference_rs,reference_rs_positions_only,,,0,0,,false
cip_validation_suite,VS233,TH,tetrahedral,atom_center,external_local_labels_not_redistributed,external_configured_input_pending_checkout,multiple,reference_rs_positions_only,,,15,12,,false
cip_validation_suite,VS234,TH,tetrahedral,atom_center,external_local_labels_not_redistributed,external_configured_input_pending_checkout,multiple,reference_rs_positions_only,,,3,2,,false
cip_validation_suite,VS235,TH,tetrahedral,atom_center,external_local_labels_not_redistributed,external_configured_input_pending_checkout,multiple,reference_rs_positions_only,,,4,3,,false
cip_validation_suite,VS236,TH,tetrahedral,atom_center,external_local_labels_not_redistributed,external_configured_input_pending_checkout,multiple,reference_rs_positions_only,,,3,2,,false
cip_validation_suite,VS237,TH,tetrahedral,atom_center,external_local_labels_not_redistributed,external_configured_input_pending_checkout,multiple,reference_rs_positions_only,,,3,2,,false
cip_validation_suite,VS238,TH,tetrahedral,atom_center,external_local_labels_not_redistributed,external_configured_input_pending_checkout,multiple,reference_rs_positions_only,,,3,2,,false
cip_validation_suite,VS239,TH,tetrahedral,atom_center,external_local_labels_not_redistributed,external_configured_input_pending_checkout,multiple,reference_rs_positions_only,,,9,8,,false
cip_validation_suite,VS240,CT;TH,planar_bond;tetrahedral,atom_center;bond_center,external_local_labels_not_redistributed,external_configured_input_pending_checkout,multiple,reference_rs_positions_only,,,2,0,,false
cip_validation_suite,VS241,TH,tetrahedral,atom_center,external_local_labels_not_redistributed,external_configured_input_pending_checkout,multiple,reference_rs_positions_only,,,3,2,,false
cip_validation_suite,VS242,TH,tetrahedral,atom_center,external_local_labels_not_redistributed,external_configured_input_pending_checkout,multiple,reference_rs_positions_only,,,21,16,,false
cip_validation_suite,VS243,TH;TH3,cumulene_axis;tetrahedral,atom_center;axis_path,external_local_labels_not_redistributed,external_configured_input_pending_checkout,multiple,reference_rs_positions_only,,,2,2,,false
cip_validation_suite,VS244,TH,tetrahedral,atom_center,external_local_labels_not_redistributed,external_configured_input_pending_checkout,multiple,reference_rs_positions_only,,,5,4,,false
cip_validation_suite,VS245,CT;TH,planar_bond;tetrahedral,atom_center;bond_center,external_local_labels_not_redistributed,external_configured_input_pending_checkout,multiple,reference_rs_positions_only,,,4,4,,false
cip_validation_suite,VS246,CT;TH,planar_bond;tetrahedral,atom_center;bond_center,external_local_labels_not_redistributed,external_configured_input_pending_checkout,single,reference_rs_positions_only,,,1,0,,false
cip_validation_suite,VS247,CT;TH,planar_bond;tetrahedral,atom_center;bond_center,external_local_labels_not_redistributed,external_configured_input_pending_checkout,single,reference_rs_positions_only,,,1,0,,false
cip_validation_suite,VS248,CT;TH,planar_bond;tetrahedral,atom_center;bond_center,external_local_labels_not_redistributed,external_configured_input_pending_checkout,single,reference_rs_positions_only,,,1,0,,false
cip_validation_suite,VS249,TH,tetrahedral,atom_center,external_local_labels_not_redistributed,external_configured_input_pending_checkout,multiple,reference_rs_positions_only,,,19,14,,false
cip_validation_suite,VS250,TH,tetrahedral,atom_center,external_local_labels_not_redistributed,external_configured_input_pending_checkout,multiple,reference_rs_positions_only,,,19,14,,false
cip_validation_suite,VS251,TH,tetrahedral,atom_center,external_local_labels_not_redistributed,external_configured_input_pending_checkout,multiple,reference_rs_positions_only,,,6,4,,false
cip_validation_suite,VS252,TH,tetrahedral,atom_center,external_local_labels_not_redistributed,external_configured_input_pending_checkout,multiple,reference_rs_positions_only,,,4,0,,false
cip_validation_suite,VS253,TH,tetrahedral,atom_center,external_local_labels_not_redistributed,external_configured_input_pending_checkout,multiple,reference_rs_positions_only,,,6,0,,false
cip_validation_suite,VS254,TH,tetrahedral,atom_center,external_local_labels_not_redistributed,external_configured_input_pending_checkout,multiple,reference_rs_positions_only,,,6,0,,false
cip_validation_suite,VS255,TH,tetrahedral,atom_center,external_local_labels_not_redistributed,external_configured_input_pending_checkout,multiple,reference_rs_positions_only,,,6,0,,false
cip_validation_suite,VS256,TH,tetrahedral,atom_center,external_local_labels_not_redistributed,external_configured_input_pending_checkout,multiple,reference_rs_positions_only,,,4,0,,false
cip_validation_suite,VS257,TH,tetrahedral,atom_center,external_local_labels_not_redistributed,external_configured_input_pending_checkout,multiple,reference_rs_positions_only,,,3,1,,false
cip_validation_suite,VS258,TH,tetrahedral,atom_center,external_local_labels_not_redistributed,external_configured_input_pending_checkout,multiple,reference_rs_positions_only,,,3,1,,false
cip_validation_suite,VS259,CT;TH,planar_bond;tetrahedral,atom_center;bond_center,external_local_labels_not_redistributed,external_configured_input_pending_checkout,multiple,reference_rs_positions_only,,,5,1,,false
cip_validation_suite,VS260,TH,tetrahedral,atom_center,external_local_labels_not_redistributed,external_configured_input_pending_checkout,multiple,reference_rs_positions_only,,,5,3,,false
cip_validation_suite,VS261,TH,tetrahedral,atom_center,external_local_labels_not_redistributed,external_configured_input_pending_checkout,multiple,reference_rs_positions_only,,,25,18,,false
cip_validation_suite,VS262,TH,tetrahedral,atom_center,external_local_labels_not_redistributed,external_configured_input_pending_checkout,multiple,reference_rs_positions_only,,,15,12,,false
cip_validation_suite,VS263,TH,tetrahedral,atom_center,external_local_labels_not_redistributed,external_configured_input_pending_checkout,multiple,reference_rs_positions_only,,,25,18,,false
cip_validation_suite,VS264,TH,tetrahedral,atom_center,external_local_labels_not_redistributed,external_configured_input_pending_checkout,multiple,reference_rs_positions_only,,,23,18,,false
cip_validation_suite,VS265,TH,tetrahedral,atom_center,external_local_labels_not_redistributed,external_configured_input_pending_checkout,multiple,reference_rs_positions_only,,,24,17,,false
cip_validation_suite,VS266,TH,tetrahedral,atom_center,external_local_labels_not_redistributed,external_configured_input_pending_checkout,multiple,reference_rs_positions_only,,,22,17,,false
cip_validation_suite,VS267,TH,tetrahedral,atom_center,external_local_labels_not_redistributed,external_configured_input_pending_checkout,multiple,reference_rs_positions_only,,,23,18,,false
cip_validation_suite,VS268,TH,tetrahedral,atom_center,external_local_labels_not_redistributed,external_configured_input_pending_checkout,multiple,reference_rs_positions_only,,,25,18,,false
cip_validation_suite,VS269,TH,tetrahedral,atom_center,external_local_labels_not_redistributed,external_configured_input_pending_checkout,multiple,reference_rs_positions_only,,,19,14,,false
cip_validation_suite,VS270,TH,tetrahedral,atom_center,external_local_labels_not_redistributed,external_configured_input_pending_checkout,multiple,reference_rs_positions_only,,,19,14,,false
cip_validation_suite,VS271,TH,tetrahedral,atom_center,external_local_labels_not_redistributed,external_configured_input_pending_checkout,multiple,reference_rs_positions_only,,,11,8,,false
cip_validation_suite,VS272,CT;TH,planar_bond;tetrahedral,atom_center;bond_center,external_local_labels_not_redistributed,external_configured_input_pending_checkout,multiple,reference_rs_positions_only,,,16,12,,false
cip_validation_suite,VS273,TH,tetrahedral,atom_center,external_local_labels_not_redistributed,external_configured_input_pending_checkout,multiple,reference_rs_positions_only,,,18,12,,false
cip_validation_suite,VS274,TH,tetrahedral,atom_center,external_local_labels_not_redistributed,external_configured_input_pending_checkout,multiple,reference_rs_positions_only,,,19,12,,false
cip_validation_suite,VS275,TH,tetrahedral,atom_center,external_local_labels_not_redistributed,external_configured_input_pending_checkout,multiple,reference_rs_positions_only,,,21,14,,false
cip_validation_suite,VS276,TH,tetrahedral,atom_center,external_local_labels_not_redistributed,external_configured_input_pending_checkout,multiple,reference_rs_positions_only,,,7,4,,false
cip_validation_suite,VS277,TH,tetrahedral,atom_center,external_local_labels_not_redistributed,external_configured_input_pending_checkout,multiple,reference_rs_positions_only,,,19,14,,false
cip_validation_suite,VS278,TH,tetrahedral,atom_center,external_local_labels_not_redistributed,external_configured_input_pending_checkout,multiple,reference_rs_positions_only,,,21,14,,false
cip_validation_suite,VS279,TH,tetrahedral,atom_center,external_local_labels_not_redistributed,external_configured_input_pending_checkout,multiple,reference_rs_positions_only,,,5,0,,false
cip_validation_suite,VS280,TH,tetrahedral,atom_center,external_local_labels_not_redistributed,external_configured_input_pending_checkout,multiple,reference_rs_positions_only,,,5,0,,false
cip_validation_suite,VS281,TH,tetrahedral,atom_center,external_local_labels_not_redistributed,external_configured_input_pending_checkout,single,reference_rs_positions_only,,,1,0,,false
cip_validation_suite,VS282,TH,tetrahedral,atom_center,external_local_labels_not_redistributed,external_configured_input_pending_checkout,single,reference_rs_positions_only,,,1,0,,false
cip_validation_suite,VS283,TH,tetrahedral,atom_center,external_local_labels_not_redistributed,external_configured_input_pending_checkout,single,reference_rs_positions_only,,,1,0,,false
cip_validation_suite,VS284,TH,tetrahedral,atom_center,external_local_labels_not_redistributed,external_configured_input_pending_checkout,single,reference_rs_positions_only,,,1,0,,false
cip_validation_suite,VS285,TH,tetrahedral,atom_center,external_local_labels_not_redistributed,external_configured_input_pending_checkout,single,reference_rs_positions_only,,,1,0,,false
cip_validation_suite,VS286,TH,tetrahedral,atom_center,external_local_labels_not_redistributed,external_configured_input_pending_checkout,single,reference_rs_positions_only,,,1,0,,false
cip_validation_suite,VS287,TH3,cumulene_axis,axis_path,external_local_labels_not_redistributed,external_configured_input_pending_checkout,no_reference_rs,reference_rs_positions_only,,,0,0,,false
cip_validation_suite,VS288,TH,tetrahedral,atom_center,external_local_labels_not_redistributed,external_configured_input_pending_checkout,single,reference_rs_positions_only,,,1,0,,false
cip_validation_suite,VS289,TH,tetrahedral,atom_center,external_local_labels_not_redistributed,external_configured_input_pending_checkout,single,reference_rs_positions_only,,,1,0,,false
cip_validation_suite,VS290,TH,tetrahedral,atom_center,external_local_labels_not_redistributed,external_configured_input_pending_checkout,single,reference_rs_positions_only,,,1,0,,false
cip_validation_suite,VS291,TH,tetrahedral,atom_center,external_local_labels_not_redistributed,external_configured_input_pending_checkout,single,reference_rs_positions_only,,,1,0,,false
cip_validation_suite,VS292,TH,tetrahedral,atom_center,external_local_labels_not_redistributed,external_configured_input_pending_checkout,single,reference_rs_positions_only,,,1,0,,false
cip_validation_suite,VS293,CT;TH,planar_bond;tetrahedral,atom_center;bond_center,external_local_labels_not_redistributed,external_configured_input_pending_checkout,single,reference_rs_positions_only,,,1,0,,false
cip_validation_suite,VS294,TH,tetrahedral,atom_center,external_local_labels_not_redistributed,external_configured_input_pending_checkout,multiple,reference_rs_positions_only,,,5,4,,false
cip_validation_suite,VS295,TH,tetrahedral,atom_center,external_local_labels_not_redistributed,external_configured_input_pending_checkout,multiple,reference_rs_positions_only,,,5,4,,false
cip_validation_suite,VS296,TH,tetrahedral,atom_center,external_local_labels_not_redistributed,external_configured_input_pending_checkout,multiple,reference_rs_positions_only,,,3,0,,false
cip_validation_suite,VS297,TH,tetrahedral,atom_center,external_local_labels_not_redistributed,external_configured_input_pending_checkout,multiple,reference_rs_positions_only,,,3,0,,false
cip_validation_suite,VS298,TH,tetrahedral,atom_center,external_local_labels_not_redistributed,external_configured_input_pending_checkout,multiple,reference_rs_positions_only,,,3,0,,false
cip_validation_suite,VS299,CT;TH,planar_bond;tetrahedral,atom_center;bond_center,external_local_labels_not_redistributed,external_configured_input_pending_checkout,single,reference_rs_positions_only,,,1,0,,false
cip_validation_suite,VS300,TH,tetrahedral,atom_center,external_local_labels_not_redistributed,external_configured_input_pending_checkout,multiple,reference_rs_positions_only,,,3,0,,false
chiralfinder_rota,RotA-0000,Nonbiaryl,axis_locus_unresolved,axis,locus_only_no_handedness,support_canonicalization_only,multiple,reference_axis_loci,2,0,,,2,true
chiralfinder_rota,RotA-0001,Nonbiaryl,axis_locus_unresolved,axis,locus_only_no_handedness,support_canonicalization_only,single,reference_axis_loci,1,0,,,1,true
chiralfinder_rota,RotA-0002,Biaryl structure,atrop_bond,bond_axis,locus_only_no_handedness,support_canonicalization_only,single,reference_axis_loci,1,0,,,1,true
chiralfinder_rota,RotA-0003,Biaryl structure,atrop_bond,bond_axis,locus_only_no_handedness,support_canonicalization_only,single,reference_axis_loci,1,0,,,1,true
chiralfinder_rota,RotA-0004,Biaryl structure,atrop_bond,bond_axis,locus_only_no_handedness,support_canonicalization_only,single,reference_axis_loci,1,0,,,1,true
chiralfinder_rota,RotA-0005,Biaryl structure,atrop_bond,bond_axis,locus_only_no_handedness,support_canonicalization_only,single,reference_axis_loci,1,0,,,1,true
chiralfinder_rota,RotA-0006,Biaryl structure,atrop_bond,bond_axis,locus_only_no_handedness,support_canonicalization_only,single,reference_axis_loci,1,0,,,1,true
chiralfinder_rota,RotA-0007,Biaryl structure,atrop_bond,bond_axis,locus_only_no_handedness,support_canonicalization_only,single,reference_axis_loci,1,0,,,1,true
chiralfinder_rota,RotA-0008,Biaryl structure,atrop_bond,bond_axis,locus_only_no_handedness,support_canonicalization_only,single,reference_axis_loci,1,0,,,1,true
chiralfinder_rota,RotA-0009,Biaryl structure,atrop_bond,bond_axis,locus_only_no_handedness,support_canonicalization_only,single,reference_axis_loci,1,0,,,1,true
chiralfinder_rota,RotA-0010,Biaryl structure,atrop_bond,bond_axis,locus_only_no_handedness,support_canonicalization_only,single,reference_axis_loci,1,0,,,1,true
chiralfinder_rota,RotA-0011,Biaryl structure,atrop_bond,bond_axis,locus_only_no_handedness,support_canonicalization_only,single,reference_axis_loci,1,0,,,1,true
chiralfinder_rota,RotA-0012,Biaryl structure,atrop_bond,bond_axis,locus_only_no_handedness,support_canonicalization_only,single,reference_axis_loci,1,0,,,1,true
chiralfinder_rota,RotA-0013,Biaryl structure,atrop_bond,bond_axis,locus_only_no_handedness,support_canonicalization_only,single,reference_axis_loci,1,0,,,1,true
chiralfinder_rota,RotA-0014,Biaryl structure,atrop_bond,bond_axis,locus_only_no_handedness,support_canonicalization_only,single,reference_axis_loci,1,0,,,1,true
chiralfinder_rota,RotA-0015,Allene-like structure,cumulene_axis,axis_path,locus_only_no_handedness,support_canonicalization_only,single,reference_axis_loci,1,0,,,1,true
chiralfinder_rota,RotA-0016,Allene-like structure,cumulene_axis,axis_path,locus_only_no_handedness,support_canonicalization_only,single,reference_axis_loci,1,0,,,1,true
chiralfinder_rota,RotA-0017,Allene-like structure,cumulene_axis,axis_path,locus_only_no_handedness,support_canonicalization_only,single,reference_axis_loci,1,0,,,1,true
chiralfinder_rota,RotA-0018,Allene-like structure,cumulene_axis,axis_path,locus_only_no_handedness,support_canonicalization_only,single,reference_axis_loci,1,0,,,1,true
chiralfinder_rota,RotA-0019,Allene-like structure,cumulene_axis,axis_path,locus_only_no_handedness,support_canonicalization_only,single,reference_axis_loci,1,0,,,1,true
chiralfinder_rota,RotA-0020,Allene-like structure,cumulene_axis,axis_path,locus_only_no_handedness,support_canonicalization_only,single,reference_axis_loci,1,0,,,1,true
chiralfinder_rota,RotA-0021,Allene-like structure,cumulene_axis,axis_path,locus_only_no_handedness,support_canonicalization_only,single,reference_axis_loci,1,0,,,1,true
chiralfinder_rota,RotA-0022,Allene-like structure,cumulene_axis,axis_path,locus_only_no_handedness,support_canonicalization_only,single,reference_axis_loci,1,0,,,1,true
chiralfinder_rota,RotA-0023,Allene-like structure,cumulene_axis,axis_path,locus_only_no_handedness,support_canonicalization_only,single,reference_axis_loci,1,0,,,1,true
chiralfinder_rota,RotA-0024,Allene-like structure,cumulene_axis,axis_path,locus_only_no_handedness,support_canonicalization_only,single,reference_axis_loci,1,0,,,1,true
chiralfinder_rota,RotA-0025,Allene-like structure,cumulene_axis,axis_path,locus_only_no_handedness,support_canonicalization_only,single,reference_axis_loci,1,0,,,1,true
chiralfinder_rota,RotA-0026,Allene-like structure,cumulene_axis,axis_path,locus_only_no_handedness,support_canonicalization_only,single,reference_axis_loci,1,0,,,1,true
chiralfinder_rota,RotA-0027,Biaryl structure,atrop_bond,bond_axis,locus_only_no_handedness,support_canonicalization_only,single,reference_axis_loci,1,0,,,1,true
chiralfinder_rota,RotA-0028,Biaryl structure,atrop_bond,bond_axis,locus_only_no_handedness,support_canonicalization_only,single,reference_axis_loci,1,0,,,1,true
chiralfinder_rota,RotA-0029,Biaryl structure,atrop_bond,bond_axis,locus_only_no_handedness,support_canonicalization_only,single,reference_axis_loci,1,0,,,1,true
chiralfinder_rota,RotA-0030,Biaryl structure,atrop_bond,bond_axis,locus_only_no_handedness,support_canonicalization_only,single,reference_axis_loci,1,0,,,1,true
chiralfinder_rota,RotA-0031,Biaryl structure,atrop_bond,bond_axis,locus_only_no_handedness,support_canonicalization_only,single,reference_axis_loci,1,0,,,1,true
chiralfinder_rota,RotA-0032,Biaryl structure,atrop_bond,bond_axis,locus_only_no_handedness,support_canonicalization_only,single,reference_axis_loci,1,0,,,1,true
chiralfinder_rota,RotA-0033,Biaryl structure,atrop_bond,bond_axis,locus_only_no_handedness,support_canonicalization_only,single,reference_axis_loci,1,0,,,1,true
chiralfinder_rota,RotA-0034,Biaryl structure,atrop_bond,bond_axis,locus_only_no_handedness,support_canonicalization_only,single,reference_axis_loci,1,0,,,1,true
chiralfinder_rota,RotA-0035,Biaryl structure,atrop_bond,bond_axis,locus_only_no_handedness,support_canonicalization_only,single,reference_axis_loci,1,0,,,1,true
chiralfinder_rota,RotA-0036,Biaryl structure,atrop_bond,bond_axis,locus_only_no_handedness,support_canonicalization_only,single,reference_axis_loci,1,0,,,1,true
chiralfinder_rota,RotA-0037,Heterobiaryl (C-N),atrop_bond,bond_axis,locus_only_no_handedness,support_canonicalization_only,single,reference_axis_loci,1,0,,,1,true
chiralfinder_rota,RotA-0038,Heterobiaryl (C-N),atrop_bond,bond_axis,locus_only_no_handedness,support_canonicalization_only,single,reference_axis_loci,1,0,,,1,true
chiralfinder_rota,RotA-0039,Heterobiaryl (C-N),atrop_bond,bond_axis,locus_only_no_handedness,support_canonicalization_only,single,reference_axis_loci,1,0,,,1,true
chiralfinder_rota,RotA-0040,Heterobiaryl (C-N),atrop_bond,bond_axis,locus_only_no_handedness,support_canonicalization_only,single,reference_axis_loci,1,0,,,1,true
chiralfinder_rota,RotA-0041,Heterobiaryl (C-N),atrop_bond,bond_axis,locus_only_no_handedness,support_canonicalization_only,single,reference_axis_loci,1,0,,,1,true
chiralfinder_rota,RotA-0042,Heterobiaryl (C-N),atrop_bond,bond_axis,locus_only_no_handedness,support_canonicalization_only,single,reference_axis_loci,1,0,,,1,true
chiralfinder_rota,RotA-0043,Heterobiaryl (C-N),atrop_bond,bond_axis,locus_only_no_handedness,support_canonicalization_only,single,reference_axis_loci,1,0,,,1,true
chiralfinder_rota,RotA-0044,Biaryl structure,atrop_bond,bond_axis,locus_only_no_handedness,support_canonicalization_only,single,reference_axis_loci,1,0,,,1,true
chiralfinder_rota,RotA-0045,Heterobiaryl (C-N),atrop_bond,bond_axis,locus_only_no_handedness,support_canonicalization_only,single,reference_axis_loci,1,0,,,1,true
chiralfinder_rota,RotA-0046,Heterobiaryl (C-N),atrop_bond,bond_axis,locus_only_no_handedness,support_canonicalization_only,single,reference_axis_loci,1,0,,,1,true
chiralfinder_rota,RotA-0047,Heterobiaryl (C-N),atrop_bond,bond_axis,locus_only_no_handedness,support_canonicalization_only,single,reference_axis_loci,1,0,,,1,true
chiralfinder_rota,RotA-0048,Heterobiaryl (C-N),atrop_bond,bond_axis,locus_only_no_handedness,support_canonicalization_only,single,reference_axis_loci,1,0,,,1,true
chiralfinder_rota,RotA-0049,Heterobiaryl (C-N),atrop_bond,bond_axis,locus_only_no_handedness,support_canonicalization_only,single,reference_axis_loci,1,0,,,1,true
chiralfinder_rota,RotA-0050,Heterobiaryl (C-N),atrop_bond,bond_axis,locus_only_no_handedness,support_canonicalization_only,single,reference_axis_loci,1,0,,,1,true
chiralfinder_rota,RotA-0051,Heterobiaryl (C-N),atrop_bond,bond_axis,locus_only_no_handedness,support_canonicalization_only,single,reference_axis_loci,1,0,,,1,true
chiralfinder_rota,RotA-0052,Biaryl structure,atrop_bond,bond_axis,locus_only_no_handedness,support_canonicalization_only,single,reference_axis_loci,1,0,,,1,true
chiralfinder_rota,RotA-0053,Biaryl structure,atrop_bond,bond_axis,locus_only_no_handedness,support_canonicalization_only,single,reference_axis_loci,1,0,,,1,true
chiralfinder_rota,RotA-0054,Biaryl structure,atrop_bond,bond_axis,locus_only_no_handedness,support_canonicalization_only,single,reference_axis_loci,1,0,,,1,true
chiralfinder_rota,RotA-0055,Biaryl structure,atrop_bond,bond_axis,locus_only_no_handedness,support_canonicalization_only,single,reference_axis_loci,1,0,,,1,true
chiralfinder_rota,RotA-0056,Biaryl structure,atrop_bond,bond_axis,locus_only_no_handedness,support_canonicalization_only,single,reference_axis_loci,1,0,,,1,true
chiralfinder_rota,RotA-0057,Biaryl structure,atrop_bond,bond_axis,locus_only_no_handedness,support_canonicalization_only,single,reference_axis_loci,1,0,,,1,true
chiralfinder_rota,RotA-0058,Biaryl structure,atrop_bond,bond_axis,locus_only_no_handedness,support_canonicalization_only,single,reference_axis_loci,1,0,,,1,true
chiralfinder_rota,RotA-0059,Biaryl structure,atrop_bond,bond_axis,locus_only_no_handedness,support_canonicalization_only,single,reference_axis_loci,1,0,,,1,true
chiralfinder_rota,RotA-0060,Biaryl structure,atrop_bond,bond_axis,locus_only_no_handedness,support_canonicalization_only,single,reference_axis_loci,1,0,,,1,true
chiralfinder_rota,RotA-0061,Biaryl structure,atrop_bond,bond_axis,locus_only_no_handedness,support_canonicalization_only,single,reference_axis_loci,1,0,,,1,true
chiralfinder_rota,RotA-0062,Biaryl structure,atrop_bond,bond_axis,locus_only_no_handedness,support_canonicalization_only,single,reference_axis_loci,1,0,,,1,true
chiralfinder_rota,RotA-0063,Biaryl structure,atrop_bond,bond_axis,locus_only_no_handedness,support_canonicalization_only,single,reference_axis_loci,1,0,,,1,true
chiralfinder_rota,RotA-0064,Heterobiaryl (C-N),atrop_bond,bond_axis,locus_only_no_handedness,support_canonicalization_only,single,reference_axis_loci,1,0,,,1,true
chiralfinder_rota,RotA-0065,Allene-like structure,cumulene_axis,axis_path,locus_only_no_handedness,support_canonicalization_only,single,reference_axis_loci,1,0,,,1,true
chiralfinder_rota,RotA-0066,Biaryl structure,atrop_bond,bond_axis,locus_only_no_handedness,support_canonicalization_only,single,reference_axis_loci,1,0,,,1,true
chiralfinder_rota,RotA-0067,Biaryl structure,atrop_bond,bond_axis,locus_only_no_handedness,support_canonicalization_only,single,reference_axis_loci,1,0,,,1,true
chiralfinder_rota,RotA-0068,Biaryl structure,atrop_bond,bond_axis,locus_only_no_handedness,support_canonicalization_only,single,reference_axis_loci,1,0,,,1,true
chiralfinder_rota,RotA-0069,Biaryl structure,atrop_bond,bond_axis,locus_only_no_handedness,support_canonicalization_only,single,reference_axis_loci,1,0,,,1,true
chiralfinder_rota,RotA-0070,Biaryl structure,atrop_bond,bond_axis,locus_only_no_handedness,support_canonicalization_only,single,reference_axis_loci,1,0,,,1,true
chiralfinder_rota,RotA-0071,Biaryl structure,atrop_bond,bond_axis,locus_only_no_handedness,support_canonicalization_only,single,reference_axis_loci,1,0,,,1,true
chiralfinder_rota,RotA-0072,Biaryl structure,atrop_bond,bond_axis,locus_only_no_handedness,support_canonicalization_only,single,reference_axis_loci,1,0,,,1,true
chiralfinder_rota,RotA-0073,Biaryl structure,atrop_bond,bond_axis,locus_only_no_handedness,support_canonicalization_only,single,reference_axis_loci,1,0,,,1,true
chiralfinder_rota,RotA-0074,Biaryl structure,atrop_bond,bond_axis,locus_only_no_handedness,support_canonicalization_only,single,reference_axis_loci,1,0,,,1,true
chiralfinder_rota,RotA-0075,Biaryl structure,atrop_bond,bond_axis,locus_only_no_handedness,support_canonicalization_only,single,reference_axis_loci,1,0,,,1,true
chiralfinder_rota,RotA-0076,Heterobiaryl (C-N),atrop_bond,bond_axis,locus_only_no_handedness,support_canonicalization_only,single,reference_axis_loci,1,0,,,1,true
chiralfinder_rota,RotA-0077,Heterobiaryl (C-N),atrop_bond,bond_axis,locus_only_no_handedness,support_canonicalization_only,single,reference_axis_loci,1,0,,,1,true
chiralfinder_rota,RotA-0078,Heterobiaryl (C-N),atrop_bond,bond_axis,locus_only_no_handedness,support_canonicalization_only,single,reference_axis_loci,1,0,,,1,true
chiralfinder_rota,RotA-0079,Heterobiaryl (C-N),atrop_bond,bond_axis,locus_only_no_handedness,support_canonicalization_only,single,reference_axis_loci,1,0,,,1,true
chiralfinder_rota,RotA-0080,Heterobiaryl (C-N),atrop_bond,bond_axis,locus_only_no_handedness,support_canonicalization_only,single,reference_axis_loci,1,0,,,1,true
chiralfinder_rota,RotA-0081,Heterobiaryl (C-N),atrop_bond,bond_axis,locus_only_no_handedness,support_canonicalization_only,single,reference_axis_loci,1,0,,,1,true
chiralfinder_rota,RotA-0082,Heterobiaryl (C-N),atrop_bond,bond_axis,locus_only_no_handedness,support_canonicalization_only,single,reference_axis_loci,1,0,,,1,true
chiralfinder_rota,RotA-0083,Biaryl structure,atrop_bond,bond_axis,locus_only_no_handedness,support_canonicalization_only,single,reference_axis_loci,1,0,,,1,true
chiralfinder_rota,RotA-0084,Biaryl structure,atrop_bond,bond_axis,locus_only_no_handedness,support_canonicalization_only,single,reference_axis_loci,1,0,,,1,true
chiralfinder_rota,RotA-0085,Biaryl structure,atrop_bond,bond_axis,locus_only_no_handedness,support_canonicalization_only,single,reference_axis_loci,1,0,,,1,true
chiralfinder_rota,RotA-0086,Biaryl structure,atrop_bond,bond_axis,locus_only_no_handedness,support_canonicalization_only,single,reference_axis_loci,1,0,,,1,true
chiralfinder_rota,RotA-0087,Biaryl structure,atrop_bond,bond_axis,locus_only_no_handedness,support_canonicalization_only,single,reference_axis_loci,1,0,,,1,true
chiralfinder_rota,RotA-0088,Biaryl structure,atrop_bond,bond_axis,locus_only_no_handedness,support_canonicalization_only,single,reference_axis_loci,1,0,,,1,true
chiralfinder_rota,RotA-0089,Biaryl structure,atrop_bond,bond_axis,locus_only_no_handedness,support_canonicalization_only,single,reference_axis_loci,1,0,,,1,true
chiralfinder_rota,RotA-0090,Biaryl structure,atrop_bond,bond_axis,locus_only_no_handedness,support_canonicalization_only,single,reference_axis_loci,1,0,,,1,true
chiralfinder_rota,RotA-0091,Biaryl structure,atrop_bond,bond_axis,locus_only_no_handedness,support_canonicalization_only,single,reference_axis_loci,1,0,,,1,true
chiralfinder_rota,RotA-0092,Biaryl structure,atrop_bond,bond_axis,locus_only_no_handedness,support_canonicalization_only,single,reference_axis_loci,1,0,,,1,true
chiralfinder_rota,RotA-0093,Biaryl structure,atrop_bond,bond_axis,locus_only_no_handedness,support_canonicalization_only,single,reference_axis_loci,1,0,,,1,true
chiralfinder_rota,RotA-0094,Biaryl structure,atrop_bond,bond_axis,locus_only_no_handedness,support_canonicalization_only,single,reference_axis_loci,1,0,,,1,true
chiralfinder_rota,RotA-0095,Biaryl structure,atrop_bond,bond_axis,locus_only_no_handedness,support_canonicalization_only,single,reference_axis_loci,1,0,,,1,true
chiralfinder_rota,RotA-0096,Allene-like structure,cumulene_axis,axis_path,locus_only_no_handedness,support_canonicalization_only,single,reference_axis_loci,1,0,,,1,true
chiralfinder_rota,RotA-0097,Biaryl structure,atrop_bond,bond_axis,locus_only_no_handedness,support_canonicalization_only,single,reference_axis_loci,1,0,,,1,true
chiralfinder_rota,RotA-0098,Biaryl structure,atrop_bond,bond_axis,locus_only_no_handedness,support_canonicalization_only,single,reference_axis_loci,1,0,,,1,true
chiralfinder_rota,RotA-0099,Biaryl structure,atrop_bond,bond_axis,locus_only_no_handedness,support_canonicalization_only,single,reference_axis_loci,1,0,,,1,true
chiralfinder_rota,RotA-0100,Biaryl structure,atrop_bond,bond_axis,locus_only_no_handedness,support_canonicalization_only,single,reference_axis_loci,1,0,,,1,true
chiralfinder_rota,RotA-0101,Biaryl structure,atrop_bond,bond_axis,locus_only_no_handedness,support_canonicalization_only,single,reference_axis_loci,1,0,,,1,true
chiralfinder_rota,RotA-0102,Biaryl structure,atrop_bond,bond_axis,locus_only_no_handedness,support_canonicalization_only,single,reference_axis_loci,1,0,,,1,true
chiralfinder_rota,RotA-0103,Biaryl structure,atrop_bond,bond_axis,locus_only_no_handedness,support_canonicalization_only,single,reference_axis_loci,1,0,,,1,true
chiralfinder_rota,RotA-0104,Biaryl structure,atrop_bond,bond_axis,locus_only_no_handedness,support_canonicalization_only,single,reference_axis_loci,1,0,,,1,true
chiralfinder_rota,RotA-0105,Biaryl structure,atrop_bond,bond_axis,locus_only_no_handedness,support_canonicalization_only,single,reference_axis_loci,1,0,,,1,true
chiralfinder_rota,RotA-0106,Biaryl structure,atrop_bond,bond_axis,locus_only_no_handedness,support_canonicalization_only,single,reference_axis_loci,1,0,,,1,true
chiralfinder_rota,RotA-0107,Biaryl structure,atrop_bond,bond_axis,locus_only_no_handedness,support_canonicalization_only,single,reference_axis_loci,1,0,,,1,true
chiralfinder_rota,RotA-0108,Biaryl structure,atrop_bond,bond_axis,locus_only_no_handedness,support_canonicalization_only,single,reference_axis_loci,1,0,,,1,true
chiralfinder_rota,RotA-0109,Biaryl structure,atrop_bond,bond_axis,locus_only_no_handedness,support_canonicalization_only,single,reference_axis_loci,1,0,,,1,true
chiralfinder_rota,RotA-0110,Biaryl structure,atrop_bond,bond_axis,locus_only_no_handedness,support_canonicalization_only,single,reference_axis_loci,1,0,,,1,true
chiralfinder_rota,RotA-0111,Biaryl structure,atrop_bond,bond_axis,locus_only_no_handedness,support_canonicalization_only,single,reference_axis_loci,1,0,,,1,true
chiralfinder_rota,RotA-0112,Spiral atom and chain,axis_locus_unresolved,path,locus_only_no_handedness,support_canonicalization_only,single,reference_axis_loci,1,0,,,1,true
chiralfinder_rota,RotA-0113,Biaryl structure,atrop_bond,bond_axis,locus_only_no_handedness,support_canonicalization_only,single,reference_axis_loci,1,0,,,1,true
chiralfinder_rota,RotA-0114,Biaryl structure,atrop_bond,bond_axis,locus_only_no_handedness,support_canonicalization_only,single,reference_axis_loci,1,0,,,1,true
chiralfinder_rota,RotA-0115,Biaryl structure,atrop_bond,bond_axis,locus_only_no_handedness,support_canonicalization_only,single,reference_axis_loci,1,0,,,1,true
chiralfinder_rota,RotA-0116,Biaryl structure,atrop_bond,bond_axis,locus_only_no_handedness,support_canonicalization_only,single,reference_axis_loci,1,0,,,1,true
chiralfinder_rota,RotA-0117,Biaryl structure,atrop_bond,bond_axis,locus_only_no_handedness,support_canonicalization_only,single,reference_axis_loci,1,0,,,1,true
chiralfinder_rota,RotA-0118,Biaryl structure,atrop_bond,bond_axis,locus_only_no_handedness,support_canonicalization_only,single,reference_axis_loci,1,0,,,1,true
chiralfinder_rota,RotA-0119,Biaryl structure,atrop_bond,bond_axis,locus_only_no_handedness,support_canonicalization_only,single,reference_axis_loci,1,0,,,1,true
chiralfinder_rota,RotA-0120,Biaryl structure,atrop_bond,bond_axis,locus_only_no_handedness,support_canonicalization_only,single,reference_axis_loci,1,0,,,1,true
chiralfinder_rota,RotA-0121,Biaryl structure,atrop_bond,bond_axis,locus_only_no_handedness,support_canonicalization_only,single,reference_axis_loci,1,0,,,1,true
chiralfinder_rota,RotA-0122,Biaryl structure,atrop_bond,bond_axis,locus_only_no_handedness,support_canonicalization_only,single,reference_axis_loci,1,0,,,1,true
chiralfinder_rota,RotA-0123,Biaryl structure,atrop_bond,bond_axis,locus_only_no_handedness,support_canonicalization_only,single,reference_axis_loci,1,0,,,1,true
chiralfinder_rota,RotA-0124,Biaryl structure,atrop_bond,bond_axis,locus_only_no_handedness,support_canonicalization_only,single,reference_axis_loci,1,0,,,1,true
chiralfinder_rota,RotA-0125,Biaryl structure,atrop_bond,bond_axis,locus_only_no_handedness,support_canonicalization_only,single,reference_axis_loci,1,0,,,1,true
chiralfinder_rota,RotA-0126,Biaryl structure,atrop_bond,bond_axis,locus_only_no_handedness,support_canonicalization_only,single,reference_axis_loci,1,0,,,1,true
chiralfinder_rota,RotA-0127,Biaryl structure,atrop_bond,bond_axis,locus_only_no_handedness,support_canonicalization_only,single,reference_axis_loci,1,0,,,1,true
chiralfinder_rota,RotA-0128,Spiral atom and chain,axis_locus_unresolved,path,locus_only_no_handedness,support_canonicalization_only,single,reference_axis_loci,1,0,,,1,true
chiralfinder_rota,RotA-0129,Allene-like structure,cumulene_axis,axis_path,locus_only_no_handedness,support_canonicalization_only,single,reference_axis_loci,1,0,,,1,true
chiralfinder_rota,RotA-0130,Heterobiaryl (C-C),atrop_bond,bond_axis,locus_only_no_handedness,support_canonicalization_only,single,reference_axis_loci,1,0,,,1,true
chiralfinder_rota,RotA-0131,Heterobiaryl (C-C),atrop_bond,bond_axis,locus_only_no_handedness,support_canonicalization_only,single,reference_axis_loci,1,0,,,1,true
chiralfinder_rota,RotA-0132,Nonbiaryl,axis_locus_unresolved,axis,locus_only_no_handedness,support_canonicalization_only,single,reference_axis_loci,1,0,,,1,true
chiralfinder_rota,RotA-0133,Nonbiaryl,axis_locus_unresolved,axis,locus_only_no_handedness,support_canonicalization_only,single,reference_axis_loci,1,0,,,1,true
chiralfinder_rota,RotA-0134,Nonbiaryl,axis_locus_unresolved,axis,locus_only_no_handedness,support_canonicalization_only,single,reference_axis_loci,1,0,,,1,true
chiralfinder_rota,RotA-0135,Heterobiaryl (C-N),atrop_bond,bond_axis,locus_only_no_handedness,support_canonicalization_only,single,reference_axis_loci,1,0,,,1,true
chiralfinder_rota,RotA-0136,Biaryl structure,atrop_bond,bond_axis,locus_only_no_handedness,support_canonicalization_only,single,reference_axis_loci,1,0,,,1,true
chiralfinder_rota,RotA-0137,Biaryl structure,atrop_bond,bond_axis,locus_only_no_handedness,support_canonicalization_only,single,reference_axis_loci,1,0,,,1,true
chiralfinder_rota,RotA-0138,Biaryl structure,atrop_bond,bond_axis,locus_only_no_handedness,support_canonicalization_only,single,reference_axis_loci,1,0,,,1,true
chiralfinder_rota,RotA-0139,Biaryl structure,atrop_bond,bond_axis,locus_only_no_handedness,support_canonicalization_only,single,reference_axis_loci,1,0,,,1,true
chiralfinder_rota,RotA-0140,Biaryl structure,atrop_bond,bond_axis,locus_only_no_handedness,support_canonicalization_only,single,reference_axis_loci,1,0,,,1,true
chiralfinder_rota,RotA-0141,Biaryl structure,atrop_bond,bond_axis,locus_only_no_handedness,support_canonicalization_only,single,reference_axis_loci,1,0,,,1,true
chiralfinder_rota,RotA-0142,Biaryl structure,atrop_bond,bond_axis,locus_only_no_handedness,support_canonicalization_only,single,reference_axis_loci,1,0,,,1,true
chiralfinder_rota,RotA-0143,Heterobiaryl (C-N),atrop_bond,bond_axis,locus_only_no_handedness,support_canonicalization_only,single,reference_axis_loci,1,0,,,1,true
chiralfinder_rota,RotA-0144,Heterobiaryl (C-N),atrop_bond,bond_axis,locus_only_no_handedness,support_canonicalization_only,single,reference_axis_loci,1,0,,,1,true
chiralfinder_rota,RotA-0145,Heterobiaryl (C-N),atrop_bond,bond_axis,locus_only_no_handedness,support_canonicalization_only,single,reference_axis_loci,1,0,,,1,true
chiralfinder_rota,RotA-0146,Heterobiaryl (C-N),atrop_bond,bond_axis,locus_only_no_handedness,support_canonicalization_only,single,reference_axis_loci,1,0,,,1,true
chiralfinder_rota,RotA-0147,Heterobiaryl (C-N),atrop_bond,bond_axis,locus_only_no_handedness,support_canonicalization_only,single,reference_axis_loci,1,0,,,1,true
chiralfinder_rota,RotA-0148,Nonbiaryl,axis_locus_unresolved,axis,locus_only_no_handedness,support_canonicalization_only,single,reference_axis_loci,1,0,,,1,true
chiralfinder_rota,RotA-0149,Nonbiaryl,axis_locus_unresolved,axis,locus_only_no_handedness,support_canonicalization_only,single,reference_axis_loci,1,0,,,1,true
chiralfinder_rota,RotA-0150,Biaryl structure,atrop_bond,bond_axis,locus_only_no_handedness,support_canonicalization_only,single,reference_axis_loci,1,0,,,1,true
chiralfinder_rota,RotA-0151,Nonbiaryl,axis_locus_unresolved,axis,locus_only_no_handedness,support_canonicalization_only,single,reference_axis_loci,1,0,,,1,true
chiralfinder_rota,RotA-0152,Biaryl structure,atrop_bond,bond_axis,locus_only_no_handedness,support_canonicalization_only,single,reference_axis_loci,1,0,,,1,true
chiralfinder_rota,RotA-0153,Heterobiaryl (C-C),atrop_bond,bond_axis,locus_only_no_handedness,support_canonicalization_only,single,reference_axis_loci,1,0,,,1,true
chiralfinder_rota,RotA-0154,Chiral atom pair,axis_locus_unresolved,axis,locus_only_no_handedness,support_canonicalization_only,single,reference_axis_loci,1,0,,,1,true
chiralfinder_rota,RotA-0155,Biaryl structure,atrop_bond,bond_axis,locus_only_no_handedness,support_canonicalization_only,single,reference_axis_loci,1,0,,,1,true
chiralfinder_rota,RotA-0156,Biaryl structure,atrop_bond,bond_axis,locus_only_no_handedness,support_canonicalization_only,single,reference_axis_loci,1,0,,,1,true
chiralfinder_rota,RotA-0157,Spiral atom and chain,axis_locus_unresolved,path,locus_only_no_handedness,support_canonicalization_only,single,reference_axis_loci,1,0,,,1,true
chiralfinder_rota,RotA-0158,Biaryl structure,atrop_bond,bond_axis,locus_only_no_handedness,support_canonicalization_only,single,reference_axis_loci,1,0,,,1,true
chiralfinder_rota,RotA-0159,Biaryl structure,atrop_bond,bond_axis,locus_only_no_handedness,support_canonicalization_only,single,reference_axis_loci,1,0,,,1,true
chiralfinder_rota,RotA-0160,Biaryl structure,atrop_bond,bond_axis,locus_only_no_handedness,support_canonicalization_only,single,reference_axis_loci,1,0,,,1,true
chiralfinder_rota,RotA-0161,Biaryl structure,atrop_bond,bond_axis,locus_only_no_handedness,support_canonicalization_only,single,reference_axis_loci,1,0,,,1,true
chiralfinder_rota,RotA-0162,Biaryl structure,atrop_bond,bond_axis,locus_only_no_handedness,support_canonicalization_only,single,reference_axis_loci,1,0,,,1,true
chiralfinder_rota,RotA-0163,Biaryl structure,atrop_bond,bond_axis,locus_only_no_handedness,support_canonicalization_only,single,reference_axis_loci,1,0,,,1,true
chiralfinder_rota,RotA-0164,Biaryl structure,atrop_bond,bond_axis,locus_only_no_handedness,support_canonicalization_only,single,reference_axis_loci,1,0,,,1,true
chiralfinder_rota,RotA-0165,Biaryl structure,atrop_bond,bond_axis,locus_only_no_handedness,support_canonicalization_only,single,reference_axis_loci,1,0,,,1,true
chiralfinder_rota,RotA-0166,Biaryl structure,atrop_bond,bond_axis,locus_only_no_handedness,support_canonicalization_only,single,reference_axis_loci,1,0,,,1,true
chiralfinder_rota,RotA-0167,Biaryl structure,atrop_bond,bond_axis,locus_only_no_handedness,support_canonicalization_only,single,reference_axis_loci,1,0,,,1,true
chiralfinder_rota,RotA-0168,Biaryl structure,atrop_bond,bond_axis,locus_only_no_handedness,support_canonicalization_only,single,reference_axis_loci,1,0,,,1,true
chiralfinder_rota,RotA-0169,Biaryl structure,atrop_bond,bond_axis,locus_only_no_handedness,support_canonicalization_only,single,reference_axis_loci,1,0,,,1,true
chiralfinder_rota,RotA-0170,Biaryl structure,atrop_bond,bond_axis,locus_only_no_handedness,support_canonicalization_only,single,reference_axis_loci,1,0,,,1,true
chiralfinder_rota,RotA-0171,Biaryl structure,atrop_bond,bond_axis,locus_only_no_handedness,support_canonicalization_only,single,reference_axis_loci,1,0,,,1,true
chiralfinder_rota,RotA-0172,Biaryl structure,atrop_bond,bond_axis,locus_only_no_handedness,support_canonicalization_only,single,reference_axis_loci,1,0,,,1,true
chiralfinder_rota,RotA-0173,Biaryl structure,atrop_bond,bond_axis,locus_only_no_handedness,support_canonicalization_only,single,reference_axis_loci,1,0,,,1,true
chiralfinder_rota,RotA-0174,Biaryl structure,atrop_bond,bond_axis,locus_only_no_handedness,support_canonicalization_only,single,reference_axis_loci,1,0,,,1,true
chiralfinder_rota,RotA-0175,Biaryl structure,atrop_bond,bond_axis,locus_only_no_handedness,support_canonicalization_only,single,reference_axis_loci,1,0,,,1,true
chiralfinder_rota,RotA-0176,Biaryl structure,atrop_bond,bond_axis,locus_only_no_handedness,support_canonicalization_only,single,reference_axis_loci,1,0,,,1,true
chiralfinder_rota,RotA-0177,Biaryl structure,atrop_bond,bond_axis,locus_only_no_handedness,support_canonicalization_only,single,reference_axis_loci,1,0,,,1,true
chiralfinder_rota,RotA-0178,Biaryl structure,atrop_bond,bond_axis,locus_only_no_handedness,support_canonicalization_only,single,reference_axis_loci,1,0,,,1,true
chiralfinder_rota,RotA-0179,Biaryl structure,atrop_bond,bond_axis,locus_only_no_handedness,support_canonicalization_only,single,reference_axis_loci,1,0,,,1,true
chiralfinder_rota,RotA-0180,Biaryl structure,atrop_bond,bond_axis,locus_only_no_handedness,support_canonicalization_only,single,reference_axis_loci,1,0,,,1,true
chiralfinder_rota,RotA-0181,Biaryl structure,atrop_bond,bond_axis,locus_only_no_handedness,support_canonicalization_only,single,reference_axis_loci,1,0,,,1,true
chiralfinder_rota,RotA-0182,Biaryl structure,atrop_bond,bond_axis,locus_only_no_handedness,support_canonicalization_only,single,reference_axis_loci,1,0,,,1,true
chiralfinder_rota,RotA-0183,Biaryl structure,atrop_bond,bond_axis,locus_only_no_handedness,support_canonicalization_only,single,reference_axis_loci,1,0,,,1,true
chiralfinder_rota,RotA-0184,Biaryl structure,atrop_bond,bond_axis,locus_only_no_handedness,support_canonicalization_only,single,reference_axis_loci,1,0,,,1,true
chiralfinder_rota,RotA-0185,Biaryl structure,atrop_bond,bond_axis,locus_only_no_handedness,support_canonicalization_only,single,reference_axis_loci,1,0,,,1,true
chiralfinder_rota,RotA-0186,Biaryl structure,atrop_bond,bond_axis,locus_only_no_handedness,support_canonicalization_only,single,reference_axis_loci,1,0,,,1,true
chiralfinder_rota,RotA-0187,Biaryl structure,atrop_bond,bond_axis,locus_only_no_handedness,support_canonicalization_only,single,reference_axis_loci,1,0,,,1,true
chiralfinder_rota,RotA-0188,Biaryl structure,atrop_bond,bond_axis,locus_only_no_handedness,support_canonicalization_only,single,reference_axis_loci,1,0,,,1,true
chiralfinder_rota,RotA-0189,Biaryl structure,atrop_bond,bond_axis,locus_only_no_handedness,support_canonicalization_only,single,reference_axis_loci,1,0,,,1,true
chiralfinder_rota,RotA-0190,Biaryl structure,atrop_bond,bond_axis,locus_only_no_handedness,support_canonicalization_only,single,reference_axis_loci,1,0,,,1,true
chiralfinder_rota,RotA-0191,Biaryl structure,atrop_bond,bond_axis,locus_only_no_handedness,support_canonicalization_only,single,reference_axis_loci,1,0,,,1,true
chiralfinder_rota,RotA-0192,Biaryl structure,atrop_bond,bond_axis,locus_only_no_handedness,support_canonicalization_only,single,reference_axis_loci,1,0,,,1,true
chiralfinder_rota,RotA-0193,Biaryl structure,atrop_bond,bond_axis,locus_only_no_handedness,support_canonicalization_only,single,reference_axis_loci,1,0,,,1,true
chiralfinder_rota,RotA-0194,Biaryl structure,atrop_bond,bond_axis,locus_only_no_handedness,support_canonicalization_only,single,reference_axis_loci,1,0,,,1,true
chiralfinder_rota,RotA-0195,Biaryl structure,atrop_bond,bond_axis,locus_only_no_handedness,support_canonicalization_only,single,reference_axis_loci,1,0,,,1,true
chiralfinder_rota,RotA-0196,Biaryl structure,atrop_bond,bond_axis,locus_only_no_handedness,support_canonicalization_only,single,reference_axis_loci,1,0,,,1,true
chiralfinder_rota,RotA-0197,Chiral atom pair,axis_locus_unresolved,axis,locus_only_no_handedness,support_canonicalization_only,single,reference_axis_loci,1,0,,,1,true
chiralfinder_rota,RotA-0198,Chiral atom pair,axis_locus_unresolved,axis,locus_only_no_handedness,support_canonicalization_only,single,reference_axis_loci,1,0,,,1,true
chiralfinder_rota,RotA-0199,Chiral atom pair,axis_locus_unresolved,axis,locus_only_no_handedness,support_canonicalization_only,single,reference_axis_loci,1,0,,,1,true
chiralfinder_rota,RotA-0200,Chiral atom pair,axis_locus_unresolved,axis,locus_only_no_handedness,support_canonicalization_only,single,reference_axis_loci,1,0,,,1,true
chiralfinder_rota,RotA-0201,Chiral atom pair,axis_locus_unresolved,axis,locus_only_no_handedness,support_canonicalization_only,single,reference_axis_loci,1,0,,,1,true
chiralfinder_rota,RotA-0202,Biaryl structure,atrop_bond,bond_axis,locus_only_no_handedness,support_canonicalization_only,single,reference_axis_loci,1,0,,,1,true
chiralfinder_rota,RotA-0203,Biaryl structure,atrop_bond,bond_axis,locus_only_no_handedness,support_canonicalization_only,multiple,reference_axis_loci,2,0,,,2,true
chiralfinder_rota,RotA-0204,Chiral atom pair,axis_locus_unresolved,axis,locus_only_no_handedness,support_canonicalization_only,single,reference_axis_loci,1,0,,,1,true
chiralfinder_rota,RotA-0205,Chiral atom pair,axis_locus_unresolved,axis,locus_only_no_handedness,support_canonicalization_only,multiple,reference_axis_loci,2,0,,,2,true
chiralfinder_rota,RotA-0206,Chiral atom pair,axis_locus_unresolved,axis,locus_only_no_handedness,support_canonicalization_only,single,reference_axis_loci,1,0,,,1,true
chiralfinder_rota,RotA-0207,Biaryl structure,atrop_bond,bond_axis,locus_only_no_handedness,support_canonicalization_only,single,reference_axis_loci,1,0,,,1,true
chiralfinder_rota,RotA-0208,Biaryl structure,atrop_bond,bond_axis,locus_only_no_handedness,support_canonicalization_only,single,reference_axis_loci,1,0,,,1,true
chiralfinder_rota,RotA-0209,Biaryl structure,atrop_bond,bond_axis,locus_only_no_handedness,support_canonicalization_only,single,reference_axis_loci,1,0,,,1,true
chiralfinder_rota,RotA-0210,Biaryl structure,atrop_bond,bond_axis,locus_only_no_handedness,support_canonicalization_only,single,reference_axis_loci,1,0,,,1,true
chiralfinder_rota,RotA-0211,Biaryl structure,atrop_bond,bond_axis,locus_only_no_handedness,support_canonicalization_only,single,reference_axis_loci,1,0,,,1,true
chiralfinder_rota,RotA-0212,Biaryl structure,atrop_bond,bond_axis,locus_only_no_handedness,support_canonicalization_only,single,reference_axis_loci,1,0,,,1,true
chiralfinder_rota,RotA-0213,Biaryl structure,atrop_bond,bond_axis,locus_only_no_handedness,support_canonicalization_only,single,reference_axis_loci,1,0,,,1,true
chiralfinder_rota,RotA-0214,Biaryl structure,atrop_bond,bond_axis,locus_only_no_handedness,support_canonicalization_only,single,reference_axis_loci,1,0,,,1,true
chiralfinder_rota,RotA-0215,Biaryl structure,atrop_bond,bond_axis,locus_only_no_handedness,support_canonicalization_only,single,reference_axis_loci,1,0,,,1,true
chiralfinder_rota,RotA-0216,Biaryl structure,atrop_bond,bond_axis,locus_only_no_handedness,support_canonicalization_only,single,reference_axis_loci,1,0,,,1,true
chiralfinder_rota,RotA-0217,Biaryl structure,atrop_bond,bond_axis,locus_only_no_handedness,support_canonicalization_only,single,reference_axis_loci,1,0,,,1,true
chiralfinder_rota,RotA-0218,Biaryl structure,atrop_bond,bond_axis,locus_only_no_handedness,support_canonicalization_only,single,reference_axis_loci,1,0,,,1,true
chiralfinder_rota,RotA-0219,Biaryl structure,atrop_bond,bond_axis,locus_only_no_handedness,support_canonicalization_only,single,reference_axis_loci,1,0,,,1,true
chiralfinder_rota,RotA-0220,Biaryl structure,atrop_bond,bond_axis,locus_only_no_handedness,support_canonicalization_only,single,reference_axis_loci,1,0,,,1,true
chiralfinder_rota,RotA-0221,Biaryl structure,atrop_bond,bond_axis,locus_only_no_handedness,support_canonicalization_only,single,reference_axis_loci,1,0,,,1,true
chiralfinder_rota,RotA-0222,Biaryl structure,atrop_bond,bond_axis,locus_only_no_handedness,support_canonicalization_only,single,reference_axis_loci,1,0,,,1,true
chiralfinder_rota,RotA-0223,Biaryl structure,atrop_bond,bond_axis,locus_only_no_handedness,support_canonicalization_only,single,reference_axis_loci,1,0,,,1,true
chiralfinder_rota,RotA-0224,Biaryl structure,atrop_bond,bond_axis,locus_only_no_handedness,support_canonicalization_only,single,reference_axis_loci,1,0,,,1,true
chiralfinder_rota,RotA-0225,Biaryl structure,atrop_bond,bond_axis,locus_only_no_handedness,support_canonicalization_only,single,reference_axis_loci,1,0,,,1,true
chiralfinder_rota,RotA-0226,Biaryl structure,atrop_bond,bond_axis,locus_only_no_handedness,support_canonicalization_only,single,reference_axis_loci,1,0,,,1,true
chiralfinder_rota,RotA-0227,Biaryl structure,atrop_bond,bond_axis,locus_only_no_handedness,support_canonicalization_only,single,reference_axis_loci,1,0,,,1,true
chiralfinder_rota,RotA-0228,Biaryl structure,atrop_bond,bond_axis,locus_only_no_handedness,support_canonicalization_only,single,reference_axis_loci,1,0,,,1,true
chiralfinder_rota,RotA-0229,Biaryl structure,atrop_bond,bond_axis,locus_only_no_handedness,support_canonicalization_only,single,reference_axis_loci,1,0,,,1,true
chiralfinder_rota,RotA-0230,Biaryl structure,atrop_bond,bond_axis,locus_only_no_handedness,support_canonicalization_only,single,reference_axis_loci,1,0,,,1,true
chiralfinder_rota,RotA-0231,Biaryl structure,atrop_bond,bond_axis,locus_only_no_handedness,support_canonicalization_only,single,reference_axis_loci,1,0,,,1,true
chiralfinder_rota,RotA-0232,Biaryl structure,atrop_bond,bond_axis,locus_only_no_handedness,support_canonicalization_only,single,reference_axis_loci,1,0,,,1,true
chiralfinder_rota,RotA-0233,Biaryl structure,atrop_bond,bond_axis,locus_only_no_handedness,support_canonicalization_only,single,reference_axis_loci,1,0,,,1,true
chiralfinder_rota,RotA-0234,Biaryl structure,atrop_bond,bond_axis,locus_only_no_handedness,support_canonicalization_only,single,reference_axis_loci,1,0,,,1,true
chiralfinder_rota,RotA-0235,Biaryl structure,atrop_bond,bond_axis,locus_only_no_handedness,support_canonicalization_only,single,reference_axis_loci,1,0,,,1,true
chiralfinder_rota,RotA-0236,Biaryl structure,atrop_bond,bond_axis,locus_only_no_handedness,support_canonicalization_only,single,reference_axis_loci,1,0,,,1,true
chiralfinder_rota,RotA-0237,Biaryl structure,atrop_bond,bond_axis,locus_only_no_handedness,support_canonicalization_only,single,reference_axis_loci,1,0,,,1,true
chiralfinder_rota,RotA-0238,Biaryl structure,atrop_bond,bond_axis,locus_only_no_handedness,support_canonicalization_only,single,reference_axis_loci,1,0,,,1,true
chiralfinder_rota,RotA-0239,Biaryl structure,atrop_bond,bond_axis,locus_only_no_handedness,support_canonicalization_only,single,reference_axis_loci,1,0,,,1,true
chiralfinder_rota,RotA-0240,Biaryl structure,atrop_bond,bond_axis,locus_only_no_handedness,support_canonicalization_only,single,reference_axis_loci,1,0,,,1,true
chiralfinder_rota,RotA-0241,Biaryl structure,atrop_bond,bond_axis,locus_only_no_handedness,support_canonicalization_only,single,reference_axis_loci,1,0,,,1,true
chiralfinder_rota,RotA-0242,Biaryl structure,atrop_bond,bond_axis,locus_only_no_handedness,support_canonicalization_only,single,reference_axis_loci,1,0,,,1,true
chiralfinder_rota,RotA-0243,Biaryl structure,atrop_bond,bond_axis,locus_only_no_handedness,support_canonicalization_only,single,reference_axis_loci,1,0,,,1,true
chiralfinder_rota,RotA-0244,Biaryl structure,atrop_bond,bond_axis,locus_only_no_handedness,support_canonicalization_only,single,reference_axis_loci,1,0,,,1,true
chiralfinder_rota,RotA-0245,Biaryl structure,atrop_bond,bond_axis,locus_only_no_handedness,support_canonicalization_only,single,reference_axis_loci,1,0,,,1,true
chiralfinder_rota,RotA-0246,Biaryl structure,atrop_bond,bond_axis,locus_only_no_handedness,support_canonicalization_only,single,reference_axis_loci,1,0,,,1,true
chiralfinder_rota,RotA-0247,Biaryl structure,atrop_bond,bond_axis,locus_only_no_handedness,support_canonicalization_only,single,reference_axis_loci,1,0,,,1,true
chiralfinder_rota,RotA-0248,Biaryl structure,atrop_bond,bond_axis,locus_only_no_handedness,support_canonicalization_only,single,reference_axis_loci,1,0,,,1,true
chiralfinder_rota,RotA-0249,Biaryl structure,atrop_bond,bond_axis,locus_only_no_handedness,support_canonicalization_only,single,reference_axis_loci,1,0,,,1,true
chiralfinder_rota,RotA-0250,Biaryl structure,atrop_bond,bond_axis,locus_only_no_handedness,support_canonicalization_only,single,reference_axis_loci,1,0,,,1,true
chiralfinder_rota,RotA-0251,Biaryl structure,atrop_bond,bond_axis,locus_only_no_handedness,support_canonicalization_only,multiple,reference_axis_loci,3,0,,,3,true
chiralfinder_rota,RotA-0252,Biaryl structure,atrop_bond,bond_axis,locus_only_no_handedness,support_canonicalization_only,single,reference_axis_loci,1,0,,,1,true
chiralfinder_rota,RotA-0253,Biaryl structure,atrop_bond,bond_axis,locus_only_no_handedness,support_canonicalization_only,single,reference_axis_loci,1,0,,,1,true
chiralfinder_rota,RotA-0254,Biaryl structure,atrop_bond,bond_axis,locus_only_no_handedness,support_canonicalization_only,single,reference_axis_loci,1,0,,,1,true
chiralfinder_rota,RotA-0255,Chiral atom pair,axis_locus_unresolved,axis,locus_only_no_handedness,support_canonicalization_only,single,reference_axis_loci,1,0,,,1,true
chiralfinder_rota,RotA-0256,Biaryl structure,atrop_bond,bond_axis,locus_only_no_handedness,support_canonicalization_only,single,reference_axis_loci,1,0,,,1,true
chiralfinder_rota,RotA-0257,Biaryl structure,atrop_bond,bond_axis,locus_only_no_handedness,support_canonicalization_only,single,reference_axis_loci,1,0,,,1,true
chiralfinder_rota,RotA-0258,Biaryl structure,atrop_bond,bond_axis,locus_only_no_handedness,support_canonicalization_only,single,reference_axis_loci,1,0,,,1,true
chiralfinder_rota,RotA-0259,Biaryl structure,atrop_bond,bond_axis,locus_only_no_handedness,support_canonicalization_only,single,reference_axis_loci,1,0,,,1,true
chiralfinder_rota,RotA-0260,Biaryl structure,atrop_bond,bond_axis,locus_only_no_handedness,support_canonicalization_only,single,reference_axis_loci,1,0,,,1,true
chiralfinder_rota,RotA-0261,Biaryl structure,atrop_bond,bond_axis,locus_only_no_handedness,support_canonicalization_only,single,reference_axis_loci,1,0,,,1,true
chiralfinder_rota,RotA-0262,Biaryl structure,atrop_bond,bond_axis,locus_only_no_handedness,support_canonicalization_only,multiple,reference_axis_loci,3,0,,,3,true
chiralfinder_rota,RotA-0263,Biaryl structure,atrop_bond,bond_axis,locus_only_no_handedness,support_canonicalization_only,multiple,reference_axis_loci,3,0,,,3,true
chiralfinder_rota,RotA-0264,Biaryl structure,atrop_bond,bond_axis,locus_only_no_handedness,support_canonicalization_only,single,reference_axis_loci,1,0,,,1,true
chiralfinder_rota,RotA-0265,Biaryl structure,atrop_bond,bond_axis,locus_only_no_handedness,support_canonicalization_only,single,reference_axis_loci,1,0,,,1,true
chiralfinder_rota,RotA-0266,Biaryl structure,atrop_bond,bond_axis,locus_only_no_handedness,support_canonicalization_only,single,reference_axis_loci,1,0,,,1,true
chiralfinder_rota,RotA-0267,Biaryl structure,atrop_bond,bond_axis,locus_only_no_handedness,support_canonicalization_only,single,reference_axis_loci,1,0,,,1,true
chiralfinder_rota,RotA-0268,Biaryl structure,atrop_bond,bond_axis,locus_only_no_handedness,support_canonicalization_only,single,reference_axis_loci,1,0,,,1,true
chiralfinder_rota,RotA-0269,Biaryl structure,atrop_bond,bond_axis,locus_only_no_handedness,support_canonicalization_only,single,reference_axis_loci,1,0,,,1,true
chiralfinder_rota,RotA-0270,Biaryl structure,atrop_bond,bond_axis,locus_only_no_handedness,support_canonicalization_only,single,reference_axis_loci,1,0,,,1,true
chiralfinder_rota,RotA-0271,Biaryl structure,atrop_bond,bond_axis,locus_only_no_handedness,support_canonicalization_only,single,reference_axis_loci,1,0,,,1,true
chiralfinder_rota,RotA-0272,Biaryl structure,atrop_bond,bond_axis,locus_only_no_handedness,support_canonicalization_only,single,reference_axis_loci,1,0,,,1,true
chiralfinder_rota,RotA-0273,Biaryl structure,atrop_bond,bond_axis,locus_only_no_handedness,support_canonicalization_only,single,reference_axis_loci,1,0,,,1,true
chiralfinder_rota,RotA-0274,Biaryl structure,atrop_bond,bond_axis,locus_only_no_handedness,support_canonicalization_only,single,reference_axis_loci,1,0,,,1,true
chiralfinder_rota,RotA-0275,Biaryl structure,atrop_bond,bond_axis,locus_only_no_handedness,support_canonicalization_only,single,reference_axis_loci,1,0,,,1,true
chiralfinder_rota,RotA-0276,Biaryl structure,atrop_bond,bond_axis,locus_only_no_handedness,support_canonicalization_only,single,reference_axis_loci,1,0,,,1,true
chiralfinder_rota,RotA-0277,Biaryl structure,atrop_bond,bond_axis,locus_only_no_handedness,support_canonicalization_only,single,reference_axis_loci,1,0,,,1,true
chiralfinder_rota,RotA-0278,Biaryl structure,atrop_bond,bond_axis,locus_only_no_handedness,support_canonicalization_only,single,reference_axis_loci,1,0,,,1,true
chiralfinder_rota,RotA-0279,Biaryl structure,atrop_bond,bond_axis,locus_only_no_handedness,support_canonicalization_only,single,reference_axis_loci,1,0,,,1,true
chiralfinder_rota,RotA-0280,Biaryl structure,atrop_bond,bond_axis,locus_only_no_handedness,support_canonicalization_only,single,reference_axis_loci,1,0,,,1,true
chiralfinder_rota,RotA-0281,Biaryl structure,atrop_bond,bond_axis,locus_only_no_handedness,support_canonicalization_only,multiple,reference_axis_loci,3,0,,,3,true
chiralfinder_rota,RotA-0282,Biaryl structure,atrop_bond,bond_axis,locus_only_no_handedness,support_canonicalization_only,single,reference_axis_loci,1,0,,,1,true
chiralfinder_rota,RotA-0283,Biaryl structure,atrop_bond,bond_axis,locus_only_no_handedness,support_canonicalization_only,single,reference_axis_loci,1,0,,,1,true
chiralfinder_rota,RotA-0284,Biaryl structure,atrop_bond,bond_axis,locus_only_no_handedness,support_canonicalization_only,single,reference_axis_loci,1,0,,,1,true
chiralfinder_rota,RotA-0285,Biaryl structure,atrop_bond,bond_axis,locus_only_no_handedness,support_canonicalization_only,single,reference_axis_loci,1,0,,,1,true
chiralfinder_rota,RotA-0286,Biaryl structure,atrop_bond,bond_axis,locus_only_no_handedness,support_canonicalization_only,single,reference_axis_loci,1,0,,,1,true
chiralfinder_rota,RotA-0287,Biaryl structure,atrop_bond,bond_axis,locus_only_no_handedness,support_canonicalization_only,single,reference_axis_loci,1,0,,,1,true
chiralfinder_rota,RotA-0288,Biaryl structure,atrop_bond,bond_axis,locus_only_no_handedness,support_canonicalization_only,single,reference_axis_loci,1,0,,,1,true
chiralfinder_rota,RotA-0289,Biaryl structure,atrop_bond,bond_axis,locus_only_no_handedness,support_canonicalization_only,single,reference_axis_loci,1,0,,,1,true
chiralfinder_rota,RotA-0290,Biaryl structure,atrop_bond,bond_axis,locus_only_no_handedness,support_canonicalization_only,multiple,reference_axis_loci,2,0,,,2,true
chiralfinder_rota,RotA-0291,Biaryl structure,atrop_bond,bond_axis,locus_only_no_handedness,support_canonicalization_only,single,reference_axis_loci,1,0,,,1,true
chiralfinder_rota,RotA-0292,Biaryl structure,atrop_bond,bond_axis,locus_only_no_handedness,support_canonicalization_only,multiple,reference_axis_loci,2,0,,,2,true
chiralfinder_rota,RotA-0293,Biaryl structure,atrop_bond,bond_axis,locus_only_no_handedness,support_canonicalization_only,single,reference_axis_loci,1,0,,,1,true
chiralfinder_rota,RotA-0294,Biaryl structure,atrop_bond,bond_axis,locus_only_no_handedness,support_canonicalization_only,single,reference_axis_loci,1,0,,,1,true
chiralfinder_rota,RotA-0295,Biaryl structure,atrop_bond,bond_axis,locus_only_no_handedness,support_canonicalization_only,single,reference_axis_loci,1,0,,,1,true
chiralfinder_rota,RotA-0296,Biaryl structure,atrop_bond,bond_axis,locus_only_no_handedness,support_canonicalization_only,single,reference_axis_loci,1,0,,,1,true
chiralfinder_rota,RotA-0297,Biaryl structure,atrop_bond,bond_axis,locus_only_no_handedness,support_canonicalization_only,single,reference_axis_loci,1,0,,,1,true
chiralfinder_rota,RotA-0298,Biaryl structure,atrop_bond,bond_axis,locus_only_no_handedness,support_canonicalization_only,single,reference_axis_loci,1,0,,,1,true
chiralfinder_rota,RotA-0299,Biaryl structure,atrop_bond,bond_axis,locus_only_no_handedness,support_canonicalization_only,single,reference_axis_loci,1,0,,,1,true
chiralfinder_rota,RotA-0300,Biaryl structure,atrop_bond,bond_axis,locus_only_no_handedness,support_canonicalization_only,single,reference_axis_loci,1,0,,,1,true
chiralfinder_rota,RotA-0301,Chiral atom pair,axis_locus_unresolved,axis,locus_only_no_handedness,support_canonicalization_only,multiple,reference_axis_loci,2,0,,,2,true
chiralfinder_rota,RotA-0302,Chiral atom pair,axis_locus_unresolved,axis,locus_only_no_handedness,support_canonicalization_only,multiple,reference_axis_loci,2,0,,,2,true
chiralfinder_rota,RotA-0303,Biaryl structure,atrop_bond,bond_axis,locus_only_no_handedness,support_canonicalization_only,single,reference_axis_loci,1,0,,,1,true
chiralfinder_rota,RotA-0304,Biaryl structure,atrop_bond,bond_axis,locus_only_no_handedness,support_canonicalization_only,single,reference_axis_loci,1,0,,,1,true
chiralfinder_rota,RotA-0305,Biaryl structure,atrop_bond,bond_axis,locus_only_no_handedness,support_canonicalization_only,single,reference_axis_loci,1,0,,,1,true
chiralfinder_rota,RotA-0306,Biaryl structure,atrop_bond,bond_axis,locus_only_no_handedness,support_canonicalization_only,single,reference_axis_loci,1,0,,,1,true
chiralfinder_rota,RotA-0307,Biaryl structure,atrop_bond,bond_axis,locus_only_no_handedness,support_canonicalization_only,single,reference_axis_loci,1,0,,,1,true
chiralfinder_rota,RotA-0308,Biaryl structure,atrop_bond,bond_axis,locus_only_no_handedness,support_canonicalization_only,single,reference_axis_loci,1,0,,,1,true
chiralfinder_rota,RotA-0309,Biaryl structure,atrop_bond,bond_axis,locus_only_no_handedness,support_canonicalization_only,multiple,reference_axis_loci,3,0,,,3,true
chiralfinder_rota,RotA-0310,Biaryl structure,atrop_bond,bond_axis,locus_only_no_handedness,support_canonicalization_only,single,reference_axis_loci,1,0,,,1,true
chiralfinder_rota,RotA-0311,Biaryl structure,atrop_bond,bond_axis,locus_only_no_handedness,support_canonicalization_only,single,reference_axis_loci,1,0,,,1,true
chiralfinder_rota,RotA-0312,Biaryl structure,atrop_bond,bond_axis,locus_only_no_handedness,support_canonicalization_only,single,reference_axis_loci,1,0,,,1,true
chiralfinder_rota,RotA-0313,Biaryl structure,atrop_bond,bond_axis,locus_only_no_handedness,support_canonicalization_only,multiple,reference_axis_loci,3,0,,,3,true
chiralfinder_rota,RotA-0314,Biaryl structure,atrop_bond,bond_axis,locus_only_no_handedness,support_canonicalization_only,single,reference_axis_loci,1,0,,,1,true
chiralfinder_rota,RotA-0315,Biaryl structure,atrop_bond,bond_axis,locus_only_no_handedness,support_canonicalization_only,single,reference_axis_loci,1,0,,,1,true
chiralfinder_rota,RotA-0316,Biaryl structure,atrop_bond,bond_axis,locus_only_no_handedness,support_canonicalization_only,single,reference_axis_loci,1,0,,,1,true
chiralfinder_rota,RotA-0317,Biaryl structure,atrop_bond,bond_axis,locus_only_no_handedness,support_canonicalization_only,single,reference_axis_loci,1,0,,,1,true
chiralfinder_rota,RotA-0318,Biaryl structure,atrop_bond,bond_axis,locus_only_no_handedness,support_canonicalization_only,single,reference_axis_loci,1,0,,,1,true
chiralfinder_rota,RotA-0319,Spiral atom and chain,axis_locus_unresolved,path,locus_only_no_handedness,support_canonicalization_only,single,reference_axis_loci,1,0,,,1,true
chiralfinder_rota,RotA-0320,Spiral atom and chain,axis_locus_unresolved,path,locus_only_no_handedness,support_canonicalization_only,single,reference_axis_loci,1,0,,,1,true
chiralfinder_rota,RotA-0321,Biaryl structure,atrop_bond,bond_axis,locus_only_no_handedness,support_canonicalization_only,single,reference_axis_loci,1,0,,,1,true
chiralfinder_rota,RotA-0322,Biaryl structure,atrop_bond,bond_axis,locus_only_no_handedness,support_canonicalization_only,single,reference_axis_loci,1,0,,,1,true
chiralfinder_rota,RotA-0323,Biaryl structure,atrop_bond,bond_axis,locus_only_no_handedness,support_canonicalization_only,single,reference_axis_loci,1,0,,,1,true
chiralfinder_rota,RotA-0324,Biaryl structure,atrop_bond,bond_axis,locus_only_no_handedness,support_canonicalization_only,single,reference_axis_loci,1,0,,,1,true
chiralfinder_rota,RotA-0325,Biaryl structure,atrop_bond,bond_axis,locus_only_no_handedness,support_canonicalization_only,single,reference_axis_loci,1,0,,,1,true
chiralfinder_rota,RotA-0326,Biaryl structure,atrop_bond,bond_axis,locus_only_no_handedness,support_canonicalization_only,single,reference_axis_loci,1,0,,,1,true
chiralfinder_rota,RotA-0327,Biaryl structure,atrop_bond,bond_axis,locus_only_no_handedness,support_canonicalization_only,multiple,reference_axis_loci,2,0,,,2,true
chiralfinder_rota,RotA-0328,Biaryl structure,atrop_bond,bond_axis,locus_only_no_handedness,support_canonicalization_only,single,reference_axis_loci,1,0,,,1,true
chiralfinder_rota,RotA-0329,Biaryl structure,atrop_bond,bond_axis,locus_only_no_handedness,support_canonicalization_only,single,reference_axis_loci,1,0,,,1,true
chiralfinder_rota,RotA-0330,Biaryl structure,atrop_bond,bond_axis,locus_only_no_handedness,support_canonicalization_only,single,reference_axis_loci,1,0,,,1,true
chiralfinder_rota,RotA-0331,Biaryl structure,atrop_bond,bond_axis,locus_only_no_handedness,support_canonicalization_only,single,reference_axis_loci,1,0,,,1,true
chiralfinder_rota,RotA-0332,Biaryl structure,atrop_bond,bond_axis,locus_only_no_handedness,support_canonicalization_only,single,reference_axis_loci,1,0,,,1,true
chiralfinder_rota,RotA-0333,Biaryl structure,atrop_bond,bond_axis,locus_only_no_handedness,support_canonicalization_only,multiple,reference_axis_loci,3,0,,,3,true
chiralfinder_rota,RotA-0334,Biaryl structure,atrop_bond,bond_axis,locus_only_no_handedness,support_canonicalization_only,single,reference_axis_loci,1,0,,,1,true
chiralfinder_rota,RotA-0335,Biaryl structure,atrop_bond,bond_axis,locus_only_no_handedness,support_canonicalization_only,single,reference_axis_loci,1,0,,,1,true
chiralfinder_rota,RotA-0336,Biaryl structure,atrop_bond,bond_axis,locus_only_no_handedness,support_canonicalization_only,single,reference_axis_loci,1,0,,,1,true
chiralfinder_rota,RotA-0337,Biaryl structure,atrop_bond,bond_axis,locus_only_no_handedness,support_canonicalization_only,single,reference_axis_loci,1,0,,,1,true
chiralfinder_rota,RotA-0338,Biaryl structure,atrop_bond,bond_axis,locus_only_no_handedness,support_canonicalization_only,single,reference_axis_loci,1,0,,,1,true
chiralfinder_rota,RotA-0339,Biaryl structure,atrop_bond,bond_axis,locus_only_no_handedness,support_canonicalization_only,single,reference_axis_loci,1,0,,,1,true
chiralfinder_rota,RotA-0340,Biaryl structure,atrop_bond,bond_axis,locus_only_no_handedness,support_canonicalization_only,single,reference_axis_loci,1,0,,,1,true
chiralfinder_rota,RotA-0341,Biaryl structure,atrop_bond,bond_axis,locus_only_no_handedness,support_canonicalization_only,single,reference_axis_loci,1,0,,,1,true
chiralfinder_rota,RotA-0342,Biaryl structure,atrop_bond,bond_axis,locus_only_no_handedness,support_canonicalization_only,single,reference_axis_loci,1,0,,,1,true
chiralfinder_rota,RotA-0343,Biaryl structure,atrop_bond,bond_axis,locus_only_no_handedness,support_canonicalization_only,single,reference_axis_loci,1,0,,,1,true
chiralfinder_rota,RotA-0344,Biaryl structure,atrop_bond,bond_axis,locus_only_no_handedness,support_canonicalization_only,single,reference_axis_loci,1,0,,,1,true
chiralfinder_rota,RotA-0345,Biaryl structure,atrop_bond,bond_axis,locus_only_no_handedness,support_canonicalization_only,single,reference_axis_loci,1,0,,,1,true
chiralfinder_rota,RotA-0346,Biaryl structure,atrop_bond,bond_axis,locus_only_no_handedness,support_canonicalization_only,single,reference_axis_loci,1,0,,,1,true
chiralfinder_rota,RotA-0347,Spiral atom and chain,axis_locus_unresolved,path,locus_only_no_handedness,support_canonicalization_only,single,reference_axis_loci,1,0,,,1,true
chiralfinder_rota,RotA-0348,Chiral atom pair,axis_locus_unresolved,axis,locus_only_no_handedness,support_canonicalization_only,single,reference_axis_loci,1,0,,,1,true
chiralfinder_rota,RotA-0349,Chiral atom pair,axis_locus_unresolved,axis,locus_only_no_handedness,support_canonicalization_only,single,reference_axis_loci,1,0,,,1,true
chiralfinder_rota,RotA-0350,Chiral atom pair,axis_locus_unresolved,axis,locus_only_no_handedness,support_canonicalization_only,single,reference_axis_loci,1,0,,,1,true
chiralfinder_rota,RotA-0351,Chiral atom pair,axis_locus_unresolved,axis,locus_only_no_handedness,support_canonicalization_only,single,reference_axis_loci,1,0,,,1,true
chiralfinder_rota,RotA-0352,Chiral atom pair,axis_locus_unresolved,axis,locus_only_no_handedness,support_canonicalization_only,single,reference_axis_loci,1,0,,,1,true
chiralfinder_rota,RotA-0353,Chiral atom pair,axis_locus_unresolved,axis,locus_only_no_handedness,support_canonicalization_only,single,reference_axis_loci,1,0,,,1,true
chiralfinder_rota,RotA-0354,Chiral atom pair,axis_locus_unresolved,axis,locus_only_no_handedness,support_canonicalization_only,single,reference_axis_loci,1,0,,,1,true
chiralfinder_rota,RotA-0355,Chiral atom pair,axis_locus_unresolved,axis,locus_only_no_handedness,support_canonicalization_only,single,reference_axis_loci,1,0,,,1,true
chiralfinder_rota,RotA-0356,Chiral atom pair,axis_locus_unresolved,axis,locus_only_no_handedness,support_canonicalization_only,single,reference_axis_loci,1,0,,,1,true
chiralfinder_rota,RotA-0357,Chiral atom pair,axis_locus_unresolved,axis,locus_only_no_handedness,support_canonicalization_only,single,reference_axis_loci,1,0,,,1,true
chiralfinder_rota,RotA-0358,Chiral atom pair,axis_locus_unresolved,axis,locus_only_no_handedness,support_canonicalization_only,single,reference_axis_loci,1,0,,,1,true
chiralfinder_rota,RotA-0359,Chiral atom pair,axis_locus_unresolved,axis,locus_only_no_handedness,support_canonicalization_only,single,reference_axis_loci,1,0,,,1,true
chiralfinder_rota,RotA-0360,Chiral atom pair,axis_locus_unresolved,axis,locus_only_no_handedness,support_canonicalization_only,single,reference_axis_loci,1,0,,,1,true
chiralfinder_rota,RotA-0361,Chiral atom pair,axis_locus_unresolved,axis,locus_only_no_handedness,support_canonicalization_only,single,reference_axis_loci,1,0,,,1,true
chiralfinder_rota,RotA-0362,Chiral atom pair,axis_locus_unresolved,axis,locus_only_no_handedness,support_canonicalization_only,single,reference_axis_loci,1,0,,,1,true
chiralfinder_rota,RotA-0363,Chiral atom pair,axis_locus_unresolved,axis,locus_only_no_handedness,support_canonicalization_only,single,reference_axis_loci,1,0,,,1,true
chiralfinder_rota,RotA-0364,Chiral atom pair,axis_locus_unresolved,axis,locus_only_no_handedness,support_canonicalization_only,single,reference_axis_loci,1,0,,,1,true
chiralfinder_rota,RotA-0365,Chiral atom pair,axis_locus_unresolved,axis,locus_only_no_handedness,support_canonicalization_only,multiple,reference_axis_loci,2,0,,,2,true
chiralfinder_rota,RotA-0366,Chiral atom pair,axis_locus_unresolved,axis,locus_only_no_handedness,support_canonicalization_only,multiple,reference_axis_loci,2,0,,,2,true
chiralfinder_rota,RotA-0367,Chiral atom pair,axis_locus_unresolved,axis,locus_only_no_handedness,support_canonicalization_only,multiple,reference_axis_loci,2,0,,,2,true
chiralfinder_rota,RotA-0368,Chiral atom pair,axis_locus_unresolved,axis,locus_only_no_handedness,support_canonicalization_only,multiple,reference_axis_loci,2,0,,,2,true
chiralfinder_rota,RotA-0369,Chiral atom pair,axis_locus_unresolved,axis,locus_only_no_handedness,support_canonicalization_only,multiple,reference_axis_loci,2,0,,,2,true
chiralfinder_rota,RotA-0370,Chiral atom pair,axis_locus_unresolved,axis,locus_only_no_handedness,support_canonicalization_only,multiple,reference_axis_loci,2,0,,,2,true
chiralfinder_rota,RotA-0371,Chiral atom pair,axis_locus_unresolved,axis,locus_only_no_handedness,support_canonicalization_only,multiple,reference_axis_loci,2,0,,,2,true
chiralfinder_rota,RotA-0372,Chiral atom pair,axis_locus_unresolved,axis,locus_only_no_handedness,support_canonicalization_only,multiple,reference_axis_loci,2,0,,,2,true
chiralfinder_rota,RotA-0373,Chiral atom pair,axis_locus_unresolved,axis,locus_only_no_handedness,support_canonicalization_only,multiple,reference_axis_loci,2,0,,,2,true
chiralfinder_rota,RotA-0374,Chiral atom pair,axis_locus_unresolved,axis,locus_only_no_handedness,support_canonicalization_only,multiple,reference_axis_loci,2,0,,,2,true
chiralfinder_rota,RotA-0375,Chiral atom pair,axis_locus_unresolved,axis,locus_only_no_handedness,support_canonicalization_only,multiple,reference_axis_loci,2,0,,,2,true
chiralfinder_rota,RotA-0376,Chiral atom pair,axis_locus_unresolved,axis,locus_only_no_handedness,support_canonicalization_only,multiple,reference_axis_loci,2,0,,,2,true
chiralfinder_rota,RotA-0377,Chiral atom pair,axis_locus_unresolved,axis,locus_only_no_handedness,support_canonicalization_only,multiple,reference_axis_loci,2,0,,,2,true
chiralfinder_rota,RotA-0378,Chiral atom pair,axis_locus_unresolved,axis,locus_only_no_handedness,support_canonicalization_only,multiple,reference_axis_loci,2,0,,,2,true
chiralfinder_rota,RotA-0379,Chiral atom pair,axis_locus_unresolved,axis,locus_only_no_handedness,support_canonicalization_only,multiple,reference_axis_loci,2,0,,,2,true
chiralfinder_rota,RotA-0380,Chiral atom pair,axis_locus_unresolved,axis,locus_only_no_handedness,support_canonicalization_only,multiple,reference_axis_loci,2,0,,,2,true
chiralfinder_rota,RotA-0381,Biaryl structure,atrop_bond,bond_axis,locus_only_no_handedness,support_canonicalization_only,single,reference_axis_loci,1,0,,,1,true
chiralfinder_rota,RotA-0382,Chiral atom pair,axis_locus_unresolved,axis,locus_only_no_handedness,support_canonicalization_only,multiple,reference_axis_loci,2,0,,,2,true
chiralfinder_rota,RotA-0383,Chiral atom pair,axis_locus_unresolved,axis,locus_only_no_handedness,support_canonicalization_only,multiple,reference_axis_loci,2,0,,,2,true
chiralfinder_rota,RotA-0384,Chiral atom pair,axis_locus_unresolved,axis,locus_only_no_handedness,support_canonicalization_only,multiple,reference_axis_loci,2,0,,,2,true
chiralfinder_rota,RotA-0385,Chiral atom pair,axis_locus_unresolved,axis,locus_only_no_handedness,support_canonicalization_only,multiple,reference_axis_loci,3,0,,,3,true
chiralfinder_rota,RotA-0386,Spiral atom and chain,axis_locus_unresolved,path,locus_only_no_handedness,support_canonicalization_only,single,reference_axis_loci,1,0,,,1,true
chiralfinder_rota,RotA-0387,Spiral atom and chain,axis_locus_unresolved,path,locus_only_no_handedness,support_canonicalization_only,single,reference_axis_loci,1,0,,,1,true
chiralfinder_rota,RotA-0388,Spiral atom and chain,axis_locus_unresolved,path,locus_only_no_handedness,support_canonicalization_only,single,reference_axis_loci,1,0,,,1,true
chiralfinder_rota,RotA-0389,Spiral atom and chain,axis_locus_unresolved,path,locus_only_no_handedness,support_canonicalization_only,single,reference_axis_loci,1,0,,,1,true
chiralfinder_rota,RotA-0390,Chiral atom pair,axis_locus_unresolved,axis,locus_only_no_handedness,support_canonicalization_only,single,reference_axis_loci,1,0,,,1,true
chiralfinder_rota,RotA-0391,Chiral atom pair,axis_locus_unresolved,axis,locus_only_no_handedness,support_canonicalization_only,single,reference_axis_loci,1,0,,,1,true
chiralfinder_rota,RotA-0392,Chiral atom pair,axis_locus_unresolved,axis,locus_only_no_handedness,support_canonicalization_only,single,reference_axis_loci,1,0,,,1,true
chiralfinder_rota,RotA-0393,Chiral atom pair,axis_locus_unresolved,axis,locus_only_no_handedness,support_canonicalization_only,single,reference_axis_loci,1,0,,,1,true
chiralfinder_rota,RotA-0394,Chiral atom pair,axis_locus_unresolved,axis,locus_only_no_handedness,support_canonicalization_only,single,reference_axis_loci,1,0,,,1,true
chiralfinder_rota,RotA-0395,Chiral atom pair,axis_locus_unresolved,axis,locus_only_no_handedness,support_canonicalization_only,single,reference_axis_loci,1,0,,,1,true
chiralfinder_rota,RotA-0396,Chiral atom pair,axis_locus_unresolved,axis,locus_only_no_handedness,support_canonicalization_only,single,reference_axis_loci,1,0,,,1,true
chiralfinder_rota,RotA-0397,Chiral atom pair,axis_locus_unresolved,axis,locus_only_no_handedness,support_canonicalization_only,single,reference_axis_loci,1,0,,,1,true
chiralfinder_rota,RotA-0398,Chiral atom pair,axis_locus_unresolved,axis,locus_only_no_handedness,support_canonicalization_only,single,reference_axis_loci,1,0,,,1,true
chiralfinder_rota,RotA-0399,Chiral atom pair,axis_locus_unresolved,axis,locus_only_no_handedness,support_canonicalization_only,single,reference_axis_loci,1,0,,,1,true
chiralfinder_rota,RotA-0400,Biaryl structure,atrop_bond,bond_axis,locus_only_no_handedness,support_canonicalization_only,multiple,reference_axis_loci,2,0,,,2,true
chiralfinder_rota,RotA-0401,Biaryl structure,atrop_bond,bond_axis,locus_only_no_handedness,support_canonicalization_only,multiple,reference_axis_loci,2,0,,,2,true
chiralfinder_rota,RotA-0402,Biaryl structure,atrop_bond,bond_axis,locus_only_no_handedness,support_canonicalization_only,single,reference_axis_loci,1,0,,,1,true
chiralfinder_rota,RotA-0403,Biaryl structure,atrop_bond,bond_axis,locus_only_no_handedness,support_canonicalization_only,multiple,reference_axis_loci,2,0,,,2,true
chiralfinder_rota,RotA-0404,Biaryl structure,atrop_bond,bond_axis,locus_only_no_handedness,support_canonicalization_only,multiple,reference_axis_loci,2,0,,,2,true
chiralfinder_rota,RotA-0405,Biaryl structure,atrop_bond,bond_axis,locus_only_no_handedness,support_canonicalization_only,single,reference_axis_loci,1,0,,,1,true
chiralfinder_rota,RotA-0406,Biaryl structure,atrop_bond,bond_axis,locus_only_no_handedness,support_canonicalization_only,single,reference_axis_loci,1,0,,,1,true
chiralfinder_rota,RotA-0407,Biaryl structure,atrop_bond,bond_axis,locus_only_no_handedness,support_canonicalization_only,single,reference_axis_loci,1,0,,,1,true
chiralfinder_rota,RotA-0408,Biaryl structure,atrop_bond,bond_axis,locus_only_no_handedness,support_canonicalization_only,single,reference_axis_loci,1,0,,,1,true
chiralfinder_rota,RotA-0409,Biaryl structure,atrop_bond,bond_axis,locus_only_no_handedness,support_canonicalization_only,single,reference_axis_loci,1,0,,,1,true
chiralfinder_rota,RotA-0410,Biaryl structure,atrop_bond,bond_axis,locus_only_no_handedness,support_canonicalization_only,single,reference_axis_loci,1,0,,,1,true
chiralfinder_rota,RotA-0411,Spiral atom and chain,axis_locus_unresolved,path,locus_only_no_handedness,support_canonicalization_only,single,reference_axis_loci,1,0,,,1,true
chiralfinder_rota,RotA-0412,Biaryl structure,atrop_bond,bond_axis,locus_only_no_handedness,support_canonicalization_only,single,reference_axis_loci,1,0,,,1,true
chiralfinder_rota,RotA-0413,Biaryl structure,atrop_bond,bond_axis,locus_only_no_handedness,support_canonicalization_only,single,reference_axis_loci,1,0,,,1,true
chiralfinder_rota,RotA-0414,Biaryl structure,atrop_bond,bond_axis,locus_only_no_handedness,support_canonicalization_only,single,reference_axis_loci,1,0,,,1,true
chiralfinder_rota,RotA-0415,Biaryl structure,atrop_bond,bond_axis,locus_only_no_handedness,support_canonicalization_only,single,reference_axis_loci,1,0,,,1,true
chiralfinder_rota,RotA-0416,Biaryl structure,atrop_bond,bond_axis,locus_only_no_handedness,support_canonicalization_only,single,reference_axis_loci,1,0,,,1,true
chiralfinder_rota,RotA-0417,Biaryl structure,atrop_bond,bond_axis,locus_only_no_handedness,support_canonicalization_only,single,reference_axis_loci,1,0,,,1,true
chiralfinder_rota,RotA-0418,Biaryl structure,atrop_bond,bond_axis,locus_only_no_handedness,support_canonicalization_only,single,reference_axis_loci,1,0,,,1,true
chiralfinder_rota,RotA-0419,Biaryl structure,atrop_bond,bond_axis,locus_only_no_handedness,support_canonicalization_only,single,reference_axis_loci,1,0,,,1,true
chiralfinder_rota,RotA-0420,Biaryl structure,atrop_bond,bond_axis,locus_only_no_handedness,support_canonicalization_only,single,reference_axis_loci,1,0,,,1,true
chiralfinder_rota,RotA-0421,Biaryl structure,atrop_bond,bond_axis,locus_only_no_handedness,support_canonicalization_only,single,reference_axis_loci,1,0,,,1,true
chiralfinder_rota,RotA-0422,Biaryl structure,atrop_bond,bond_axis,locus_only_no_handedness,support_canonicalization_only,single,reference_axis_loci,1,0,,,1,true
chiralfinder_rota,RotA-0423,Biaryl structure,atrop_bond,bond_axis,locus_only_no_handedness,support_canonicalization_only,single,reference_axis_loci,1,0,,,1,true
chiralfinder_rota,RotA-0424,Biaryl structure,atrop_bond,bond_axis,locus_only_no_handedness,support_canonicalization_only,single,reference_axis_loci,1,0,,,1,true
chiralfinder_rota,RotA-0425,Biaryl structure,atrop_bond,bond_axis,locus_only_no_handedness,support_canonicalization_only,single,reference_axis_loci,1,0,,,1,true
chiralfinder_rota,RotA-0426,Biaryl structure,atrop_bond,bond_axis,locus_only_no_handedness,support_canonicalization_only,single,reference_axis_loci,1,0,,,1,true
chiralfinder_rota,RotA-0427,Biaryl structure,atrop_bond,bond_axis,locus_only_no_handedness,support_canonicalization_only,single,reference_axis_loci,1,0,,,1,true
chiralfinder_rota,RotA-0428,Biaryl structure,atrop_bond,bond_axis,locus_only_no_handedness,support_canonicalization_only,single,reference_axis_loci,1,0,,,1,true
chiralfinder_rota,RotA-0429,Biaryl structure,atrop_bond,bond_axis,locus_only_no_handedness,support_canonicalization_only,single,reference_axis_loci,1,0,,,1,true
chiralfinder_rota,RotA-0430,Biaryl structure,atrop_bond,bond_axis,locus_only_no_handedness,support_canonicalization_only,single,reference_axis_loci,1,0,,,1,true
chiralfinder_rota,RotA-0431,Biaryl structure,atrop_bond,bond_axis,locus_only_no_handedness,support_canonicalization_only,single,reference_axis_loci,1,0,,,1,true
chiralfinder_rota,RotA-0432,Biaryl structure,atrop_bond,bond_axis,locus_only_no_handedness,support_canonicalization_only,single,reference_axis_loci,1,0,,,1,true
chiralfinder_rota,RotA-0433,Biaryl structure,atrop_bond,bond_axis,locus_only_no_handedness,support_canonicalization_only,single,reference_axis_loci,1,0,,,1,true
chiralfinder_rota,RotA-0434,Biaryl structure,atrop_bond,bond_axis,locus_only_no_handedness,support_canonicalization_only,single,reference_axis_loci,1,0,,,1,true
chiralfinder_rota,RotA-0435,Biaryl structure,atrop_bond,bond_axis,locus_only_no_handedness,support_canonicalization_only,single,reference_axis_loci,1,0,,,1,true
chiralfinder_rota,RotA-0436,Biaryl structure,atrop_bond,bond_axis,locus_only_no_handedness,support_canonicalization_only,single,reference_axis_loci,1,0,,,1,true
chiralfinder_rota,RotA-0437,Biaryl structure,atrop_bond,bond_axis,locus_only_no_handedness,support_canonicalization_only,single,reference_axis_loci,1,0,,,1,true
chiralfinder_rota,RotA-0438,Biaryl structure,atrop_bond,bond_axis,locus_only_no_handedness,support_canonicalization_only,single,reference_axis_loci,1,0,,,1,true
chiralfinder_rota,RotA-0439,Biaryl structure,atrop_bond,bond_axis,locus_only_no_handedness,support_canonicalization_only,single,reference_axis_loci,1,0,,,1,true
chiralfinder_rota,RotA-0440,Biaryl structure,atrop_bond,bond_axis,locus_only_no_handedness,support_canonicalization_only,single,reference_axis_loci,1,0,,,1,true
chiralfinder_rota,RotA-0441,Biaryl structure,atrop_bond,bond_axis,locus_only_no_handedness,support_canonicalization_only,single,reference_axis_loci,1,0,,,1,true
chiralfinder_rota,RotA-0442,Spiral atom and chain,axis_locus_unresolved,path,locus_only_no_handedness,support_canonicalization_only,single,reference_axis_loci,1,0,,,1,true
chiralfinder_rota,RotA-0443,Biaryl structure,atrop_bond,bond_axis,locus_only_no_handedness,support_canonicalization_only,single,reference_axis_loci,1,0,,,1,true
chiralfinder_rota,RotA-0444,Biaryl structure,atrop_bond,bond_axis,locus_only_no_handedness,support_canonicalization_only,single,reference_axis_loci,1,0,,,1,true
chiralfinder_rota,RotA-0445,Biaryl structure,atrop_bond,bond_axis,locus_only_no_handedness,support_canonicalization_only,single,reference_axis_loci,1,0,,,1,true
chiralfinder_rota,RotA-0446,Biaryl structure,atrop_bond,bond_axis,locus_only_no_handedness,support_canonicalization_only,single,reference_axis_loci,1,0,,,1,true
chiralfinder_rota,RotA-0447,Biaryl structure,atrop_bond,bond_axis,locus_only_no_handedness,support_canonicalization_only,single,reference_axis_loci,1,0,,,1,true
chiralfinder_rota,RotA-0448,Biaryl structure,atrop_bond,bond_axis,locus_only_no_handedness,support_canonicalization_only,single,reference_axis_loci,1,0,,,1,true
chiralfinder_rota,RotA-0449,Biaryl structure,atrop_bond,bond_axis,locus_only_no_handedness,support_canonicalization_only,single,reference_axis_loci,1,0,,,1,true
chiralfinder_rota,RotA-0450,Heterobiaryl (C-N),atrop_bond,bond_axis,locus_only_no_handedness,support_canonicalization_only,single,reference_axis_loci,1,0,,,1,true
chiralfinder_rota,RotA-0451,Heterobiaryl (C-N),atrop_bond,bond_axis,locus_only_no_handedness,support_canonicalization_only,single,reference_axis_loci,1,0,,,1,true
chiralfinder_rota,RotA-0452,Heterobiaryl (C-N),atrop_bond,bond_axis,locus_only_no_handedness,support_canonicalization_only,single,reference_axis_loci,1,0,,,1,true
chiralfinder_rota,RotA-0453,Heterobiaryl (C-N),atrop_bond,bond_axis,locus_only_no_handedness,support_canonicalization_only,single,reference_axis_loci,1,0,,,1,true
chiralfinder_rota,RotA-0454,Heterobiaryl (C-N),atrop_bond,bond_axis,locus_only_no_handedness,support_canonicalization_only,single,reference_axis_loci,1,0,,,1,true
chiralfinder_rota,RotA-0455,Heterobiaryl (C-N),atrop_bond,bond_axis,locus_only_no_handedness,support_canonicalization_only,single,reference_axis_loci,1,0,,,1,true
chiralfinder_rota,RotA-0456,Heterobiaryl (C-N),atrop_bond,bond_axis,locus_only_no_handedness,support_canonicalization_only,single,reference_axis_loci,1,0,,,1,true
chiralfinder_rota,RotA-0457,Heterobiaryl (C-N),atrop_bond,bond_axis,locus_only_no_handedness,support_canonicalization_only,single,reference_axis_loci,1,0,,,1,true
chiralfinder_rota,RotA-0458,Heterobiaryl (C-N),atrop_bond,bond_axis,locus_only_no_handedness,support_canonicalization_only,single,reference_axis_loci,1,0,,,1,true
chiralfinder_rota,RotA-0459,Heterobiaryl (C-N),atrop_bond,bond_axis,locus_only_no_handedness,support_canonicalization_only,single,reference_axis_loci,1,0,,,1,true
chiralfinder_rota,RotA-0460,Heterobiaryl (C-N),atrop_bond,bond_axis,locus_only_no_handedness,support_canonicalization_only,single,reference_axis_loci,1,0,,,1,true
chiralfinder_rota,RotA-0461,Heterobiaryl (C-N),atrop_bond,bond_axis,locus_only_no_handedness,support_canonicalization_only,single,reference_axis_loci,1,0,,,1,true
chiralfinder_rota,RotA-0462,Heterobiaryl (C-N),atrop_bond,bond_axis,locus_only_no_handedness,support_canonicalization_only,single,reference_axis_loci,1,0,,,1,true
chiralfinder_rota,RotA-0463,Heterobiaryl (C-N),atrop_bond,bond_axis,locus_only_no_handedness,support_canonicalization_only,single,reference_axis_loci,1,0,,,1,true
chiralfinder_rota,RotA-0464,Heterobiaryl (C-N),atrop_bond,bond_axis,locus_only_no_handedness,support_canonicalization_only,single,reference_axis_loci,1,0,,,1,true
chiralfinder_rota,RotA-0465,Heterobiaryl (C-N),atrop_bond,bond_axis,locus_only_no_handedness,support_canonicalization_only,single,reference_axis_loci,1,0,,,1,true
chiralfinder_rota,RotA-0466,Heterobiaryl (C-N),atrop_bond,bond_axis,locus_only_no_handedness,support_canonicalization_only,single,reference_axis_loci,1,0,,,1,true
chiralfinder_rota,RotA-0467,Heterobiaryl (C-N),atrop_bond,bond_axis,locus_only_no_handedness,support_canonicalization_only,single,reference_axis_loci,1,0,,,1,true
chiralfinder_rota,RotA-0468,Heterobiaryl (C-N),atrop_bond,bond_axis,locus_only_no_handedness,support_canonicalization_only,single,reference_axis_loci,1,0,,,1,true
chiralfinder_rota,RotA-0469,Heterobiaryl (C-N),atrop_bond,bond_axis,locus_only_no_handedness,support_canonicalization_only,single,reference_axis_loci,1,0,,,1,true
chiralfinder_rota,RotA-0470,Heterobiaryl (C-N),atrop_bond,bond_axis,locus_only_no_handedness,support_canonicalization_only,single,reference_axis_loci,1,0,,,1,true
chiralfinder_rota,RotA-0471,Heterobiaryl (C-N),atrop_bond,bond_axis,locus_only_no_handedness,support_canonicalization_only,single,reference_axis_loci,1,0,,,1,true
chiralfinder_rota,RotA-0472,Heterobiaryl (C-N),atrop_bond,bond_axis,locus_only_no_handedness,support_canonicalization_only,single,reference_axis_loci,1,0,,,1,true
chiralfinder_rota,RotA-0473,Heterobiaryl (C-B),atrop_bond,bond_axis,locus_only_no_handedness,support_canonicalization_only,single,reference_axis_loci,1,0,,,1,true
chiralfinder_rota,RotA-0474,Heterobiaryl (C-B),atrop_bond,bond_axis,locus_only_no_handedness,support_canonicalization_only,single,reference_axis_loci,1,0,,,1,true
chiralfinder_rota,RotA-0475,Heterobiaryl (C-B),atrop_bond,bond_axis,locus_only_no_handedness,support_canonicalization_only,single,reference_axis_loci,1,0,,,1,true
chiralfinder_rota,RotA-0476,Heterobiaryl (C-B),atrop_bond,bond_axis,locus_only_no_handedness,support_canonicalization_only,single,reference_axis_loci,1,0,,,1,true
chiralfinder_rota,RotA-0477,Heterobiaryl (C-B),atrop_bond,bond_axis,locus_only_no_handedness,support_canonicalization_only,single,reference_axis_loci,1,0,,,1,true
chiralfinder_rota,RotA-0478,Heterobiaryl (C-B),atrop_bond,bond_axis,locus_only_no_handedness,support_canonicalization_only,single,reference_axis_loci,1,0,,,1,true
chiralfinder_rota,RotA-0479,Heterobiaryl (C-B),atrop_bond,bond_axis,locus_only_no_handedness,support_canonicalization_only,single,reference_axis_loci,1,0,,,1,true
chiralfinder_rota,RotA-0480,Heterobiaryl (C-B),atrop_bond,bond_axis,locus_only_no_handedness,support_canonicalization_only,single,reference_axis_loci,1,0,,,1,true
chiralfinder_rota,RotA-0481,Heterobiaryl (C-B),atrop_bond,bond_axis,locus_only_no_handedness,support_canonicalization_only,single,reference_axis_loci,1,0,,,1,true
chiralfinder_rota,RotA-0482,Heterobiaryl (C-B),atrop_bond,bond_axis,locus_only_no_handedness,support_canonicalization_only,single,reference_axis_loci,1,0,,,1,true
chiralfinder_rota,RotA-0483,Heterobiaryl (C-B),atrop_bond,bond_axis,locus_only_no_handedness,support_canonicalization_only,single,reference_axis_loci,1,0,,,1,true
chiralfinder_rota,RotA-0484,Heterobiaryl (C-B),atrop_bond,bond_axis,locus_only_no_handedness,support_canonicalization_only,single,reference_axis_loci,1,0,,,1,true
chiralfinder_rota,RotA-0485,Heterobiaryl (C-B),atrop_bond,bond_axis,locus_only_no_handedness,support_canonicalization_only,single,reference_axis_loci,1,0,,,1,true
chiralfinder_rota,RotA-0486,Heterobiaryl (C-B),atrop_bond,bond_axis,locus_only_no_handedness,support_canonicalization_only,single,reference_axis_loci,1,0,,,1,true
chiralfinder_rota,RotA-0487,Heterobiaryl (C-B),atrop_bond,bond_axis,locus_only_no_handedness,support_canonicalization_only,single,reference_axis_loci,1,0,,,1,true
chiralfinder_rota,RotA-0488,Heterobiaryl (C-B),atrop_bond,bond_axis,locus_only_no_handedness,support_canonicalization_only,single,reference_axis_loci,1,0,,,1,true
chiralfinder_rota,RotA-0489,Heterobiaryl (C-B),atrop_bond,bond_axis,locus_only_no_handedness,support_canonicalization_only,single,reference_axis_loci,1,0,,,1,true
chiralfinder_rota,RotA-0490,Heterobiaryl (C-B),atrop_bond,bond_axis,locus_only_no_handedness,support_canonicalization_only,single,reference_axis_loci,1,0,,,1,true
chiralfinder_rota,RotA-0491,Heterobiaryl (C-B),atrop_bond,bond_axis,locus_only_no_handedness,support_canonicalization_only,single,reference_axis_loci,1,0,,,1,true
chiralfinder_rota,RotA-0492,Heterobiaryl (C-B),atrop_bond,bond_axis,locus_only_no_handedness,support_canonicalization_only,single,reference_axis_loci,1,0,,,1,true
chiralfinder_rota,RotA-0493,Heterobiaryl (C-B),atrop_bond,bond_axis,locus_only_no_handedness,support_canonicalization_only,single,reference_axis_loci,1,0,,,1,true
chiralfinder_rota,RotA-0494,Heterobiaryl (C-B),atrop_bond,bond_axis,locus_only_no_handedness,support_canonicalization_only,single,reference_axis_loci,1,0,,,1,true
chiralfinder_rota,RotA-0495,Heterobiaryl (C-B),atrop_bond,bond_axis,locus_only_no_handedness,support_canonicalization_only,single,reference_axis_loci,1,0,,,1,true
chiralfinder_rota,RotA-0496,Heterobiaryl (C-B),atrop_bond,bond_axis,locus_only_no_handedness,support_canonicalization_only,single,reference_axis_loci,1,0,,,1,true
chiralfinder_rota,RotA-0497,Heterobiaryl (C-B),atrop_bond,bond_axis,locus_only_no_handedness,support_canonicalization_only,multiple,reference_axis_loci,2,0,,,2,true
chiralfinder_rota,RotA-0498,Heterobiaryl (C-B),atrop_bond,bond_axis,locus_only_no_handedness,support_canonicalization_only,single,reference_axis_loci,1,0,,,1,true
chiralfinder_rota,RotA-0499,Heterobiaryl (C-B),atrop_bond,bond_axis,locus_only_no_handedness,support_canonicalization_only,single,reference_axis_loci,1,0,,,1,true
chiralfinder_rota,RotA-0500,Heterobiaryl (C-B),atrop_bond,bond_axis,locus_only_no_handedness,support_canonicalization_only,single,reference_axis_loci,1,0,,,1,true
chiralfinder_rota,RotA-0501,Heterobiaryl (C-B),atrop_bond,bond_axis,locus_only_no_handedness,support_canonicalization_only,single,reference_axis_loci,1,0,,,1,true
chiralfinder_rota,RotA-0502,Heterobiaryl (C-B),atrop_bond,bond_axis,locus_only_no_handedness,support_canonicalization_only,single,reference_axis_loci,1,0,,,1,true
chiralfinder_rota,RotA-0503,Heterobiaryl (C-B),atrop_bond,bond_axis,locus_only_no_handedness,support_canonicalization_only,single,reference_axis_loci,1,0,,,1,true
chiralfinder_rota,RotA-0504,Heterobiaryl (C-B),atrop_bond,bond_axis,locus_only_no_handedness,support_canonicalization_only,single,reference_axis_loci,1,0,,,1,true
chiralfinder_rota,RotA-0505,Heterobiaryl (C-B),atrop_bond,bond_axis,locus_only_no_handedness,support_canonicalization_only,single,reference_axis_loci,1,0,,,1,true
chiralfinder_rota,RotA-0506,Heterobiaryl (C-B),atrop_bond,bond_axis,locus_only_no_handedness,support_canonicalization_only,single,reference_axis_loci,1,0,,,1,true
chiralfinder_rota,RotA-0507,Heterobiaryl (C-B),atrop_bond,bond_axis,locus_only_no_handedness,support_canonicalization_only,single,reference_axis_loci,1,0,,,1,true
chiralfinder_rota,RotA-0508,Heterobiaryl (C-B),atrop_bond,bond_axis,locus_only_no_handedness,support_canonicalization_only,single,reference_axis_loci,1,0,,,1,true
chiralfinder_rota,RotA-0509,Heterobiaryl (C-B),atrop_bond,bond_axis,locus_only_no_handedness,support_canonicalization_only,single,reference_axis_loci,1,0,,,1,true
chiralfinder_rota,RotA-0510,Heterobiaryl (C-B),atrop_bond,bond_axis,locus_only_no_handedness,support_canonicalization_only,single,reference_axis_loci,1,0,,,1,true
chiralfinder_rota,RotA-0511,Heterobiaryl (C-B),atrop_bond,bond_axis,locus_only_no_handedness,support_canonicalization_only,single,reference_axis_loci,1,0,,,1,true
chiralfinder_rota,RotA-0512,Heterobiaryl (C-B),atrop_bond,bond_axis,locus_only_no_handedness,support_canonicalization_only,single,reference_axis_loci,1,0,,,1,true
chiralfinder_rota,RotA-0513,Heterobiaryl (C-B),atrop_bond,bond_axis,locus_only_no_handedness,support_canonicalization_only,single,reference_axis_loci,1,0,,,1,true
chiralfinder_rota,RotA-0514,Heterobiaryl (C-B),atrop_bond,bond_axis,locus_only_no_handedness,support_canonicalization_only,single,reference_axis_loci,1,0,,,1,true
chiralfinder_rota,RotA-0515,Heterobiaryl (C-B),atrop_bond,bond_axis,locus_only_no_handedness,support_canonicalization_only,single,reference_axis_loci,1,0,,,1,true
chiralfinder_rota,RotA-0516,Heterobiaryl (C-B),atrop_bond,bond_axis,locus_only_no_handedness,support_canonicalization_only,single,reference_axis_loci,1,0,,,1,true
chiralfinder_rota,RotA-0517,Heterobiaryl (C-B),atrop_bond,bond_axis,locus_only_no_handedness,support_canonicalization_only,single,reference_axis_loci,1,0,,,1,true
chiralfinder_rota,RotA-0518,Heterobiaryl (C-B),atrop_bond,bond_axis,locus_only_no_handedness,support_canonicalization_only,single,reference_axis_loci,1,0,,,1,true
chiralfinder_rota,RotA-0519,Heterobiaryl (C-B),atrop_bond,bond_axis,locus_only_no_handedness,support_canonicalization_only,single,reference_axis_loci,1,0,,,1,true
chiralfinder_rota,RotA-0520,Heterobiaryl (C-B),atrop_bond,bond_axis,locus_only_no_handedness,support_canonicalization_only,single,reference_axis_loci,1,0,,,1,true
chiralfinder_rota,RotA-0521,Heterobiaryl (C-B),atrop_bond,bond_axis,locus_only_no_handedness,support_canonicalization_only,single,reference_axis_loci,1,0,,,1,true
chiralfinder_rota,RotA-0522,Heterobiaryl (C-B),atrop_bond,bond_axis,locus_only_no_handedness,support_canonicalization_only,single,reference_axis_loci,1,0,,,1,true
chiralfinder_rota,RotA-0523,Heterobiaryl (C-B),atrop_bond,bond_axis,locus_only_no_handedness,support_canonicalization_only,single,reference_axis_loci,1,0,,,1,true
chiralfinder_rota,RotA-0524,Heterobiaryl (C-B),atrop_bond,bond_axis,locus_only_no_handedness,support_canonicalization_only,single,reference_axis_loci,1,0,,,1,true
chiralfinder_rota,RotA-0525,Heterobiaryl (C-B),atrop_bond,bond_axis,locus_only_no_handedness,support_canonicalization_only,single,reference_axis_loci,1,0,,,1,true
chiralfinder_rota,RotA-0526,Heterobiaryl (C-B),atrop_bond,bond_axis,locus_only_no_handedness,support_canonicalization_only,single,reference_axis_loci,1,0,,,1,true
chiralfinder_rota,RotA-0527,Heterobiaryl (C-B),atrop_bond,bond_axis,locus_only_no_handedness,support_canonicalization_only,single,reference_axis_loci,1,0,,,1,true
chiralfinder_rota,RotA-0528,Heterobiaryl (C-B),atrop_bond,bond_axis,locus_only_no_handedness,support_canonicalization_only,single,reference_axis_loci,1,0,,,1,true
chiralfinder_rota,RotA-0529,Heterobiaryl (C-B),atrop_bond,bond_axis,locus_only_no_handedness,support_canonicalization_only,single,reference_axis_loci,1,0,,,1,true
chiralfinder_rota,RotA-0530,Heterobiaryl (C-B),atrop_bond,bond_axis,locus_only_no_handedness,support_canonicalization_only,single,reference_axis_loci,1,0,,,1,true
chiralfinder_rota,RotA-0531,Heterobiaryl (C-B),atrop_bond,bond_axis,locus_only_no_handedness,support_canonicalization_only,single,reference_axis_loci,1,0,,,1,true
chiralfinder_rota,RotA-0532,Heterobiaryl (C-B),atrop_bond,bond_axis,locus_only_no_handedness,support_canonicalization_only,single,reference_axis_loci,1,0,,,1,true
chiralfinder_rota,RotA-0533,Heterobiaryl (C-B),atrop_bond,bond_axis,locus_only_no_handedness,support_canonicalization_only,single,reference_axis_loci,1,0,,,1,true
chiralfinder_rota,RotA-0534,Heterobiaryl (C-B),atrop_bond,bond_axis,locus_only_no_handedness,support_canonicalization_only,single,reference_axis_loci,1,0,,,1,true
chiralfinder_rota,RotA-0535,Heterobiaryl (C-B),atrop_bond,bond_axis,locus_only_no_handedness,support_canonicalization_only,single,reference_axis_loci,1,0,,,1,true
chiralfinder_rota,RotA-0536,Heterobiaryl (C-B),atrop_bond,bond_axis,locus_only_no_handedness,support_canonicalization_only,single,reference_axis_loci,1,0,,,1,true
chiralfinder_rota,RotA-0537,Heterobiaryl (C-B),atrop_bond,bond_axis,locus_only_no_handedness,support_canonicalization_only,single,reference_axis_loci,1,0,,,1,true
chiralfinder_rota,RotA-0538,Heterobiaryl (C-B),atrop_bond,bond_axis,locus_only_no_handedness,support_canonicalization_only,single,reference_axis_loci,1,0,,,1,true
chiralfinder_rota,RotA-0539,Heterobiaryl (C-B),atrop_bond,bond_axis,locus_only_no_handedness,support_canonicalization_only,single,reference_axis_loci,1,0,,,1,true
chiralfinder_rota,RotA-0540,Heterobiaryl (C-B),atrop_bond,bond_axis,locus_only_no_handedness,support_canonicalization_only,single,reference_axis_loci,1,0,,,1,true
chiralfinder_rota,RotA-0541,Heterobiaryl (C-B),atrop_bond,bond_axis,locus_only_no_handedness,support_canonicalization_only,single,reference_axis_loci,1,0,,,1,true
chiralfinder_rota,RotA-0542,Heterobiaryl (C-B),atrop_bond,bond_axis,locus_only_no_handedness,support_canonicalization_only,single,reference_axis_loci,1,0,,,1,true
chiralfinder_rota,RotA-0543,Heterobiaryl (C-B),atrop_bond,bond_axis,locus_only_no_handedness,support_canonicalization_only,single,reference_axis_loci,1,0,,,1,true
chiralfinder_rota,RotA-0544,Heterobiaryl (C-B),atrop_bond,bond_axis,locus_only_no_handedness,support_canonicalization_only,single,reference_axis_loci,1,0,,,1,true
chiralfinder_rota,RotA-0545,Heterobiaryl (C-B),atrop_bond,bond_axis,locus_only_no_handedness,support_canonicalization_only,single,reference_axis_loci,1,0,,,1,true
chiralfinder_rota,RotA-0546,Heterobiaryl (C-B),atrop_bond,bond_axis,locus_only_no_handedness,support_canonicalization_only,single,reference_axis_loci,1,0,,,1,true
chiralfinder_rota,RotA-0547,Heterobiaryl (C-B),atrop_bond,bond_axis,locus_only_no_handedness,support_canonicalization_only,single,reference_axis_loci,1,0,,,1,true
chiralfinder_rota,RotA-0548,Heterobiaryl (C-B),atrop_bond,bond_axis,locus_only_no_handedness,support_canonicalization_only,single,reference_axis_loci,1,0,,,1,true
chiralfinder_rota,RotA-0549,Heterobiaryl (C-B),atrop_bond,bond_axis,locus_only_no_handedness,support_canonicalization_only,single,reference_axis_loci,1,0,,,1,true
chiralfinder_rota,RotA-0550,Heterobiaryl (C-B),atrop_bond,bond_axis,locus_only_no_handedness,support_canonicalization_only,single,reference_axis_loci,1,0,,,1,true
chiralfinder_rota,RotA-0551,Heterobiaryl (C-B),atrop_bond,bond_axis,locus_only_no_handedness,support_canonicalization_only,single,reference_axis_loci,1,0,,,1,true
chiralfinder_rota,RotA-0552,Heterobiaryl (C-B),atrop_bond,bond_axis,locus_only_no_handedness,support_canonicalization_only,single,reference_axis_loci,1,0,,,1,true
chiralfinder_rota,RotA-0553,Heterobiaryl (C-B),atrop_bond,bond_axis,locus_only_no_handedness,support_canonicalization_only,single,reference_axis_loci,1,0,,,1,true
chiralfinder_rota,RotA-0554,Heterobiaryl (C-B),atrop_bond,bond_axis,locus_only_no_handedness,support_canonicalization_only,single,reference_axis_loci,1,0,,,1,true
chiralfinder_rota,RotA-0555,Heterobiaryl (C-B),atrop_bond,bond_axis,locus_only_no_handedness,support_canonicalization_only,single,reference_axis_loci,1,0,,,1,true
chiralfinder_rota,RotA-0556,Heterobiaryl (C-B),atrop_bond,bond_axis,locus_only_no_handedness,support_canonicalization_only,single,reference_axis_loci,1,0,,,1,true
chiralfinder_rota,RotA-0557,Heterobiaryl (C-B),atrop_bond,bond_axis,locus_only_no_handedness,support_canonicalization_only,single,reference_axis_loci,1,0,,,1,true
chiralfinder_rota,RotA-0558,Heterobiaryl (C-B),atrop_bond,bond_axis,locus_only_no_handedness,support_canonicalization_only,single,reference_axis_loci,1,0,,,1,true
chiralfinder_rota,RotA-0559,Heterobiaryl (C-B),atrop_bond,bond_axis,locus_only_no_handedness,support_canonicalization_only,single,reference_axis_loci,1,0,,,1,true
chiralfinder_rota,RotA-0560,Heterobiaryl (C-B),atrop_bond,bond_axis,locus_only_no_handedness,support_canonicalization_only,single,reference_axis_loci,1,0,,,1,true
chiralfinder_rota,RotA-0561,Nonbiaryl,axis_locus_unresolved,axis,locus_only_no_handedness,support_canonicalization_only,single,reference_axis_loci,1,0,,,1,true
chiralfinder_rota,RotA-0562,Nonbiaryl,axis_locus_unresolved,axis,locus_only_no_handedness,support_canonicalization_only,single,reference_axis_loci,1,0,,,1,true
chiralfinder_rota,RotA-0563,Nonbiaryl,axis_locus_unresolved,axis,locus_only_no_handedness,support_canonicalization_only,single,reference_axis_loci,1,0,,,1,true
chiralfinder_rota,RotA-0564,Nonbiaryl,axis_locus_unresolved,axis,locus_only_no_handedness,support_canonicalization_only,single,reference_axis_loci,1,0,,,1,true
chiralfinder_rota,RotA-0565,Nonbiaryl,axis_locus_unresolved,axis,locus_only_no_handedness,support_canonicalization_only,single,reference_axis_loci,1,0,,,1,true
chiralfinder_rota,RotA-0566,Nonbiaryl,axis_locus_unresolved,axis,locus_only_no_handedness,support_canonicalization_only,single,reference_axis_loci,1,0,,,1,true
chiralfinder_rota,RotA-0567,Nonbiaryl,axis_locus_unresolved,axis,locus_only_no_handedness,support_canonicalization_only,single,reference_axis_loci,1,0,,,1,true
chiralfinder_rota,RotA-0568,Nonbiaryl,axis_locus_unresolved,axis,locus_only_no_handedness,support_canonicalization_only,single,reference_axis_loci,1,0,,,1,true
chiralfinder_rota,RotA-0569,Nonbiaryl,axis_locus_unresolved,axis,locus_only_no_handedness,support_canonicalization_only,single,reference_axis_loci,1,0,,,1,true
chiralfinder_rota,RotA-0570,Nonbiaryl,axis_locus_unresolved,axis,locus_only_no_handedness,support_canonicalization_only,single,reference_axis_loci,1,0,,,1,true
chiralfinder_rota,RotA-0571,Nonbiaryl,axis_locus_unresolved,axis,locus_only_no_handedness,support_canonicalization_only,single,reference_axis_loci,1,0,,,1,true
chiralfinder_rota,RotA-0572,Nonbiaryl,axis_locus_unresolved,axis,locus_only_no_handedness,support_canonicalization_only,single,reference_axis_loci,1,0,,,1,true
chiralfinder_rota,RotA-0573,Nonbiaryl,axis_locus_unresolved,axis,locus_only_no_handedness,support_canonicalization_only,single,reference_axis_loci,1,0,,,1,true
chiralfinder_rota,RotA-0574,Nonbiaryl,axis_locus_unresolved,axis,locus_only_no_handedness,support_canonicalization_only,single,reference_axis_loci,1,0,,,1,true
chiralfinder_rota,RotA-0575,Nonbiaryl,axis_locus_unresolved,axis,locus_only_no_handedness,support_canonicalization_only,single,reference_axis_loci,1,0,,,1,true
chiralfinder_rota,RotA-0576,Nonbiaryl,axis_locus_unresolved,axis,locus_only_no_handedness,support_canonicalization_only,single,reference_axis_loci,1,0,,,1,true
chiralfinder_rota,RotA-0577,Nonbiaryl,axis_locus_unresolved,axis,locus_only_no_handedness,support_canonicalization_only,single,reference_axis_loci,1,0,,,1,true
chiralfinder_rota,RotA-0578,Nonbiaryl,axis_locus_unresolved,axis,locus_only_no_handedness,support_canonicalization_only,single,reference_axis_loci,1,0,,,1,true
chiralfinder_rota,RotA-0579,Nonbiaryl,axis_locus_unresolved,axis,locus_only_no_handedness,support_canonicalization_only,single,reference_axis_loci,1,0,,,1,true
chiralfinder_rota,RotA-0580,Nonbiaryl,axis_locus_unresolved,axis,locus_only_no_handedness,support_canonicalization_only,single,reference_axis_loci,1,0,,,1,true
chiralfinder_rota,RotA-0581,Nonbiaryl,axis_locus_unresolved,axis,locus_only_no_handedness,support_canonicalization_only,single,reference_axis_loci,1,0,,,1,true
chiralfinder_rota,RotA-0582,Nonbiaryl,axis_locus_unresolved,axis,locus_only_no_handedness,support_canonicalization_only,single,reference_axis_loci,1,0,,,1,true
chiralfinder_rota,RotA-0583,Nonbiaryl,axis_locus_unresolved,axis,locus_only_no_handedness,support_canonicalization_only,single,reference_axis_loci,1,0,,,1,true
chiralfinder_rota,RotA-0584,Nonbiaryl,axis_locus_unresolved,axis,locus_only_no_handedness,support_canonicalization_only,single,reference_axis_loci,1,0,,,1,true
chiralfinder_rota,RotA-0585,Nonbiaryl,axis_locus_unresolved,axis,locus_only_no_handedness,support_canonicalization_only,single,reference_axis_loci,1,0,,,1,true
chiralfinder_rota,RotA-0586,Nonbiaryl,axis_locus_unresolved,axis,locus_only_no_handedness,support_canonicalization_only,single,reference_axis_loci,1,0,,,1,true
chiralfinder_rota,RotA-0587,Nonbiaryl,axis_locus_unresolved,axis,locus_only_no_handedness,support_canonicalization_only,single,reference_axis_loci,1,0,,,1,true
chiralfinder_rota,RotA-0588,Nonbiaryl,axis_locus_unresolved,axis,locus_only_no_handedness,support_canonicalization_only,single,reference_axis_loci,1,0,,,1,true
chiralfinder_rota,RotA-0589,Nonbiaryl,axis_locus_unresolved,axis,locus_only_no_handedness,support_canonicalization_only,single,reference_axis_loci,1,0,,,1,true
chiralfinder_rota,RotA-0590,Nonbiaryl,axis_locus_unresolved,axis,locus_only_no_handedness,support_canonicalization_only,single,reference_axis_loci,1,0,,,1,true
chiralfinder_rota,RotA-0591,Nonbiaryl,axis_locus_unresolved,axis,locus_only_no_handedness,support_canonicalization_only,single,reference_axis_loci,1,0,,,1,true
chiralfinder_rota,RotA-0592,Nonbiaryl,axis_locus_unresolved,axis,locus_only_no_handedness,support_canonicalization_only,single,reference_axis_loci,1,0,,,1,true
chiralfinder_rota,RotA-0593,Nonbiaryl,axis_locus_unresolved,axis,locus_only_no_handedness,support_canonicalization_only,single,reference_axis_loci,1,0,,,1,true
chiralfinder_rota,RotA-0594,Nonbiaryl,axis_locus_unresolved,axis,locus_only_no_handedness,support_canonicalization_only,single,reference_axis_loci,1,0,,,1,true
chiralfinder_rota,RotA-0595,Nonbiaryl,axis_locus_unresolved,axis,locus_only_no_handedness,support_canonicalization_only,single,reference_axis_loci,1,0,,,1,true
chiralfinder_rota,RotA-0596,Nonbiaryl,axis_locus_unresolved,axis,locus_only_no_handedness,support_canonicalization_only,single,reference_axis_loci,1,0,,,1,true
chiralfinder_rota,RotA-0597,Nonbiaryl,axis_locus_unresolved,axis,locus_only_no_handedness,support_canonicalization_only,single,reference_axis_loci,1,0,,,1,true
chiralfinder_rota,RotA-0598,Nonbiaryl,axis_locus_unresolved,axis,locus_only_no_handedness,support_canonicalization_only,single,reference_axis_loci,1,0,,,1,true
chiralfinder_rota,RotA-0599,Nonbiaryl,axis_locus_unresolved,axis,locus_only_no_handedness,support_canonicalization_only,single,reference_axis_loci,1,0,,,1,true
chiralfinder_rota,RotA-0600,Nonbiaryl,axis_locus_unresolved,axis,locus_only_no_handedness,support_canonicalization_only,single,reference_axis_loci,1,0,,,1,true
chiralfinder_rota,RotA-0601,Nonbiaryl,axis_locus_unresolved,axis,locus_only_no_handedness,support_canonicalization_only,single,reference_axis_loci,1,0,,,1,true
chiralfinder_rota,RotA-0602,Nonbiaryl,axis_locus_unresolved,axis,locus_only_no_handedness,support_canonicalization_only,single,reference_axis_loci,1,0,,,1,true
chiralfinder_rota,RotA-0603,Nonbiaryl,axis_locus_unresolved,axis,locus_only_no_handedness,support_canonicalization_only,single,reference_axis_loci,1,0,,,1,true
chiralfinder_rota,RotA-0604,Nonbiaryl,axis_locus_unresolved,axis,locus_only_no_handedness,support_canonicalization_only,single,reference_axis_loci,1,0,,,1,true
chiralfinder_rota,RotA-0605,Nonbiaryl,axis_locus_unresolved,axis,locus_only_no_handedness,support_canonicalization_only,single,reference_axis_loci,1,0,,,1,true
chiralfinder_rota,RotA-0606,Nonbiaryl,axis_locus_unresolved,axis,locus_only_no_handedness,support_canonicalization_only,single,reference_axis_loci,1,0,,,1,true
chiralfinder_rota,RotA-0607,Nonbiaryl,axis_locus_unresolved,axis,locus_only_no_handedness,support_canonicalization_only,single,reference_axis_loci,1,0,,,1,true
chiralfinder_rota,RotA-0608,Nonbiaryl,axis_locus_unresolved,axis,locus_only_no_handedness,support_canonicalization_only,single,reference_axis_loci,1,0,,,1,true
chiralfinder_rota,RotA-0609,Nonbiaryl,axis_locus_unresolved,axis,locus_only_no_handedness,support_canonicalization_only,single,reference_axis_loci,1,0,,,1,true
chiralfinder_rota,RotA-0610,Nonbiaryl,axis_locus_unresolved,axis,locus_only_no_handedness,support_canonicalization_only,single,reference_axis_loci,1,0,,,1,true
chiralfinder_rota,RotA-0611,Nonbiaryl,axis_locus_unresolved,axis,locus_only_no_handedness,support_canonicalization_only,single,reference_axis_loci,1,0,,,1,true
chiralfinder_rota,RotA-0612,Nonbiaryl,axis_locus_unresolved,axis,locus_only_no_handedness,support_canonicalization_only,single,reference_axis_loci,1,0,,,1,true
chiralfinder_rota,RotA-0613,Nonbiaryl,axis_locus_unresolved,axis,locus_only_no_handedness,support_canonicalization_only,single,reference_axis_loci,1,0,,,1,true
chiralfinder_rota,RotA-0614,Nonbiaryl,axis_locus_unresolved,axis,locus_only_no_handedness,support_canonicalization_only,single,reference_axis_loci,1,0,,,1,true
chiralfinder_rota,RotA-0615,Nonbiaryl,axis_locus_unresolved,axis,locus_only_no_handedness,support_canonicalization_only,single,reference_axis_loci,1,0,,,1,true
chiralfinder_rota,RotA-0616,Nonbiaryl,axis_locus_unresolved,axis,locus_only_no_handedness,support_canonicalization_only,single,reference_axis_loci,1,0,,,1,true
chiralfinder_rota,RotA-0617,Nonbiaryl,axis_locus_unresolved,axis,locus_only_no_handedness,support_canonicalization_only,single,reference_axis_loci,1,0,,,1,true
chiralfinder_rota,RotA-0618,Nonbiaryl,axis_locus_unresolved,axis,locus_only_no_handedness,support_canonicalization_only,single,reference_axis_loci,1,0,,,1,true
chiralfinder_rota,RotA-0619,Nonbiaryl,axis_locus_unresolved,axis,locus_only_no_handedness,support_canonicalization_only,single,reference_axis_loci,1,0,,,1,true
chiralfinder_rota,RotA-0620,Nonbiaryl,axis_locus_unresolved,axis,locus_only_no_handedness,support_canonicalization_only,single,reference_axis_loci,1,0,,,1,true
chiralfinder_rota,RotA-0621,Nonbiaryl,axis_locus_unresolved,axis,locus_only_no_handedness,support_canonicalization_only,single,reference_axis_loci,1,0,,,1,true
chiralfinder_rota,RotA-0622,Nonbiaryl,axis_locus_unresolved,axis,locus_only_no_handedness,support_canonicalization_only,single,reference_axis_loci,1,0,,,1,true
chiralfinder_rota,RotA-0623,Nonbiaryl,axis_locus_unresolved,axis,locus_only_no_handedness,support_canonicalization_only,single,reference_axis_loci,1,0,,,1,true
chiralfinder_rota,RotA-0624,Nonbiaryl,axis_locus_unresolved,axis,locus_only_no_handedness,support_canonicalization_only,single,reference_axis_loci,1,0,,,1,true
chiralfinder_rota,RotA-0625,Nonbiaryl,axis_locus_unresolved,axis,locus_only_no_handedness,support_canonicalization_only,single,reference_axis_loci,1,0,,,1,true
chiralfinder_rota,RotA-0626,Nonbiaryl,axis_locus_unresolved,axis,locus_only_no_handedness,support_canonicalization_only,single,reference_axis_loci,1,0,,,1,true
chiralfinder_rota,RotA-0627,Nonbiaryl,axis_locus_unresolved,axis,locus_only_no_handedness,support_canonicalization_only,single,reference_axis_loci,1,0,,,1,true
chiralfinder_rota,RotA-0628,Nonbiaryl,axis_locus_unresolved,axis,locus_only_no_handedness,support_canonicalization_only,single,reference_axis_loci,1,0,,,1,true
chiralfinder_rota,RotA-0629,Nonbiaryl,axis_locus_unresolved,axis,locus_only_no_handedness,support_canonicalization_only,single,reference_axis_loci,1,0,,,1,true
chiralfinder_rota,RotA-0630,Nonbiaryl,axis_locus_unresolved,axis,locus_only_no_handedness,support_canonicalization_only,single,reference_axis_loci,1,0,,,1,true
chiralfinder_rota,RotA-0631,Nonbiaryl,axis_locus_unresolved,axis,locus_only_no_handedness,support_canonicalization_only,single,reference_axis_loci,1,0,,,1,true
chiralfinder_rota,RotA-0632,Nonbiaryl,axis_locus_unresolved,axis,locus_only_no_handedness,support_canonicalization_only,single,reference_axis_loci,1,0,,,1,true
chiralfinder_rota,RotA-0633,Nonbiaryl,axis_locus_unresolved,axis,locus_only_no_handedness,support_canonicalization_only,single,reference_axis_loci,1,0,,,1,true
chiralfinder_rota,RotA-0634,Nonbiaryl,axis_locus_unresolved,axis,locus_only_no_handedness,support_canonicalization_only,single,reference_axis_loci,1,0,,,1,true
chiralfinder_rota,RotA-0635,Nonbiaryl,axis_locus_unresolved,axis,locus_only_no_handedness,support_canonicalization_only,single,reference_axis_loci,1,0,,,1,true
chiralfinder_rota,RotA-0636,Nonbiaryl,axis_locus_unresolved,axis,locus_only_no_handedness,support_canonicalization_only,single,reference_axis_loci,1,0,,,1,true
chiralfinder_rota,RotA-0637,Nonbiaryl,axis_locus_unresolved,axis,locus_only_no_handedness,support_canonicalization_only,single,reference_axis_loci,1,0,,,1,true
chiralfinder_rota,RotA-0638,Nonbiaryl,axis_locus_unresolved,axis,locus_only_no_handedness,support_canonicalization_only,single,reference_axis_loci,1,0,,,1,true
chiralfinder_rota,RotA-0639,Nonbiaryl,axis_locus_unresolved,axis,locus_only_no_handedness,support_canonicalization_only,single,reference_axis_loci,1,0,,,1,true
chiralfinder_rota,RotA-0640,Spiral atom and chain,axis_locus_unresolved,path,locus_only_no_handedness,support_canonicalization_only,single,reference_axis_loci,1,0,,,1,true
chiralfinder_rota,RotA-0641,Spiral atom and chain,axis_locus_unresolved,path,locus_only_no_handedness,support_canonicalization_only,single,reference_axis_loci,1,0,,,1,true
chiralfinder_rota,RotA-0642,Spiral atom and chain,axis_locus_unresolved,path,locus_only_no_handedness,support_canonicalization_only,single,reference_axis_loci,1,0,,,1,true
chiralfinder_rota,RotA-0643,Spiral atom and chain,axis_locus_unresolved,path,locus_only_no_handedness,support_canonicalization_only,single,reference_axis_loci,1,0,,,1,true
chiralfinder_rota,RotA-0644,Spiral atom and chain,axis_locus_unresolved,path,locus_only_no_handedness,support_canonicalization_only,single,reference_axis_loci,1,0,,,1,true
chiralfinder_rota,RotA-0645,Spiral atom and chain,axis_locus_unresolved,path,locus_only_no_handedness,support_canonicalization_only,single,reference_axis_loci,1,0,,,1,true
chiralfinder_rota,RotA-0646,Spiral atom and chain,axis_locus_unresolved,path,locus_only_no_handedness,support_canonicalization_only,single,reference_axis_loci,1,0,,,1,true
chiralfinder_rota,RotA-0647,Spiral atom and chain,axis_locus_unresolved,path,locus_only_no_handedness,support_canonicalization_only,single,reference_axis_loci,1,0,,,1,true
chiralfinder_rota,RotA-0648,Spiral atom and chain,axis_locus_unresolved,path,locus_only_no_handedness,support_canonicalization_only,single,reference_axis_loci,1,0,,,1,true
chiralfinder_rota,RotA-0649,Spiral atom and chain,axis_locus_unresolved,path,locus_only_no_handedness,support_canonicalization_only,single,reference_axis_loci,1,0,,,1,true
