source,record_id,carrier_id,family,carrier_status,raw_local_permutations_expected,raw_local_permutations_checked,canonicalizations_completed,theoretical_configuration_classes,theoretical_class_multiplicities,canonical_classes_observed,representation_invariance_passed,formal_class_separation_passed,global_symmetry_quotient,passed,seconds,issues
cip,VS010,VS010:local:0,helical,confirmed,4,4,4,2,2;2,2,true,true,false,true,0.025771430000531836,
cip,VS011,VS011:local:0,helical,confirmed,4,4,4,2,2;2,2,true,true,false,true,0.02584250800009613,
cip,VS013,VS013:local:0,planar_bond,supplied_support,8,8,8,2,4;4,2,true,true,false,true,0.02005399299923738,
cip,VS013,VS013:local:1,planar_bond,supplied_support,8,8,8,2,4;4,2,true,true,false,true,0.018073342999741726,
cip,VS014,VS014:local:0,tetrahedral,supplied_support,24,24,24,2,12;12,2,true,true,false,true,0.1194110369997361,
cip,VS015,VS015:local:0,tetrahedral,supplied_support,24,24,24,2,12;12,2,true,true,false,true,0.09822821099987777,
cip,VS016,VS016:local:0,tetrahedral,supplied_support,24,24,24,2,12;12,2,true,true,false,true,0.10924946300019656,
cip,VS016,VS016:local:1,tetrahedral,supplied_support,24,24,24,2,12;12,2,true,true,false,true,0.09945119700023497,
cip,VS017,VS017:local:0,tetrahedral,supplied_support,24,24,24,2,12;12,2,true,true,false,true,0.10114097600035166,
cip,VS017,VS017:local:1,tetrahedral,supplied_support,24,24,24,2,12;12,2,true,true,false,true,0.09967809999943711,
cip,VS018,VS018:local:0,tetrahedral,supplied_support,24,24,24,2,12;12,2,true,true,false,true,0.12980653399972653,
cip,VS018,VS018:local:1,tetrahedral,supplied_support,24,24,24,2,12;12,2,true,true,false,true,0.14037730600011855,
cip,VS018,VS018:local:2,planar_bond,supplied_support,8,8,8,2,4;4,2,true,true,false,true,0.033601375999751326,
cip,VS019,VS019:local:0,planar_bond,supplied_support,8,8,8,2,4;4,2,true,true,false,true,0.043614326000351866,
cip,VS020,VS020:local:0,planar_bond,supplied_support,8,8,8,2,4;4,2,true,true,false,true,0.03316123199965659,
cip,VS021,VS021:local:0,tetrahedral,supplied_support,24,24,24,2,12;12,2,true,true,false,true,0.08414674199957517,
cip,VS022,VS022:local:0,tetrahedral,supplied_support,24,24,24,2,12;12,2,true,true,false,true,0.08402064099936979,
cip,VS023,VS023:local:0,atrop_bond,confirmed,8,8,8,2,4;4,1,true,false,true,true,0.051570782999988296,
cip,VS024,VS024:local:0,tetrahedral,supplied_support,24,24,24,2,12;12,2,true,true,false,true,0.09989786999994976,
cip,VS024,VS024:local:1,tetrahedral,supplied_support,24,24,24,2,12;12,2,true,true,false,true,0.11963225100043928,
cip,VS024,VS024:local:2,tetrahedral,supplied_support,24,24,24,2,12;12,2,true,true,false,true,0.10051348999968468,
cip,VS024,VS024:local:3,tetrahedral,supplied_support,24,24,24,2,12;12,2,true,true,false,true,0.10016344099949492,
cip,VS025,VS025:local:0,tetrahedral,confirmed,24,24,24,2,12;12,2,true,true,false,true,0.17658573599965166,
cip,VS025,VS025:local:1,tetrahedral,supplied_support,24,24,24,2,12;12,2,true,true,false,true,0.19534923100036394,
cip,VS026,VS026:local:0,tetrahedral,supplied_support,24,24,24,2,12;12,2,true,true,false,true,0.13101065200044104,
cip,VS026,VS026:local:1,tetrahedral,supplied_support,24,24,24,2,12;12,2,true,true,false,true,0.15133925800000725,
cip,VS026,VS026:local:2,planar_bond,supplied_support,8,8,8,2,4;4,2,true,true,false,true,0.045495334999941406,
cip,VS026,VS026:local:3,planar_bond,supplied_support,8,8,8,2,4;4,2,true,true,false,true,0.06602733799991256,
cip,VS027,VS027:local:0,tetrahedral,supplied_support,24,24,24,2,12;12,2,true,true,false,true,0.09975993300031405,
cip,VS027,VS027:local:1,tetrahedral,supplied_support,24,24,24,2,12;12,2,true,true,false,true,0.09066937399984454,
cip,VS028,VS028:local:0,tetrahedral,supplied_support,24,24,24,2,12;12,2,true,true,false,true,0.13108284999998432,
cip,VS028,VS028:local:1,tetrahedral,supplied_support,24,24,24,2,12;12,2,true,true,false,true,0.15656213900001603,
cip,VS028,VS028:local:2,tetrahedral,supplied_support,24,24,24,2,12;12,2,true,true,false,true,0.13662508400011575,
cip,VS029,VS029:local:0,tetrahedral,supplied_support,24,24,24,2,12;12,2,true,true,false,true,0.1250788499992268,
cip,VS029,VS029:local:1,tetrahedral,supplied_support,24,24,24,2,12;12,2,true,true,false,true,0.1465160489997288,
cip,VS029,VS029:local:2,tetrahedral,supplied_support,24,24,24,2,12;12,2,true,true,false,true,0.1242256619998443,
cip,VS030,VS030:local:0,tetrahedral,supplied_support,24,24,24,2,12;12,2,true,true,false,true,0.1248767549996046,
cip,VS030,VS030:local:1,tetrahedral,supplied_support,24,24,24,2,12;12,2,true,true,false,true,0.14808397599972523,
cip,VS030,VS030:local:2,tetrahedral,supplied_support,24,24,24,2,12;12,2,true,true,false,true,0.12763812200046232,
cip,VS031,VS031:local:0,tetrahedral,supplied_support,24,24,24,2,12;12,2,true,true,false,true,0.20790984599989315,
cip,VS032,VS032:local:0,tetrahedral,supplied_support,24,24,24,2,12;12,2,true,true,false,true,0.09885941299944534,
cip,VS032,VS032:local:1,planar_bond,supplied_support,8,8,8,2,4;4,2,true,true,false,true,0.019877046000146947,
cip,VS033,VS033:local:0,tetrahedral,supplied_support,24,24,24,2,12;12,2,true,true,false,true,0.0987079549995542,
cip,VS033,VS033:local:1,planar_bond,supplied_support,8,8,8,2,4;4,2,true,true,false,true,0.020017707999613776,
cip,VS034,VS034:local:0,tetrahedral,supplied_support,24,24,24,2,12;12,2,true,true,false,true,0.09395656500055338,
cip,VS034,VS034:local:1,tetrahedral,supplied_support,24,24,24,2,12;12,2,true,true,false,true,0.11258927199924074,
cip,VS034,VS034:local:2,tetrahedral,supplied_support,24,24,24,2,12;12,2,true,true,false,true,0.10210323900082585,
cip,VS035,VS035:local:0,tetrahedral,supplied_support,24,24,24,2,12;12,2,true,true,false,true,0.10199301200009359,
cip,VS035,VS035:local:1,tetrahedral,supplied_support,24,24,24,2,12;12,2,true,true,false,true,0.11676665599952685,
cip,VS035,VS035:local:2,tetrahedral,supplied_support,24,24,24,2,12;12,2,true,true,false,true,0.10604345400042803,
cip,VS036,VS036:local:0,planar_bond,supplied_support,8,8,8,2,4;4,2,true,true,false,true,0.127206880999438,
cip,VS037,VS037:local:0,tetrahedral,supplied_support,24,24,24,2,12;12,2,true,true,false,true,0.13596158200016362,
cip,VS038,VS038:local:0,tetrahedral,supplied_support,24,24,24,2,12;12,2,true,true,false,true,0.10398256400003447,
cip,VS039,VS039:local:0,tetrahedral,supplied_support,24,24,24,2,12;12,2,true,true,false,true,0.12143068499972287,
cip,VS040,VS040:local:0,tetrahedral,supplied_support,24,24,24,2,12;12,2,true,true,false,true,0.23222512800020922,
cip,VS040,VS040:local:1,tetrahedral,supplied_support,24,24,24,2,12;12,2,true,true,false,true,0.2412189410006249,
cip,VS040,VS040:local:2,tetrahedral,confirmed,24,24,24,2,12;12,2,true,true,false,true,0.2350439390002066,
cip,VS040,VS040:local:3,tetrahedral,supplied_support,24,24,24,2,12;12,2,true,true,false,true,0.23298483100006706,
cip,VS040,VS040:local:4,tetrahedral,confirmed,24,24,24,2,12;12,2,true,true,false,true,0.2355551299997387,
cip,VS040,VS040:local:5,tetrahedral,supplied_support,24,24,24,2,12;12,2,true,true,false,true,0.2336190189998888,
cip,VS040,VS040:local:6,tetrahedral,confirmed,24,24,24,2,12;12,2,true,true,false,true,0.23481915800039133,
cip,VS040,VS040:local:7,tetrahedral,supplied_support,24,24,24,2,12;12,2,true,true,false,true,0.23387006299981294,
cip,VS041,VS041:local:0,planar_bond,supplied_support,8,8,8,2,4;4,2,true,true,false,true,0.025279497999690648,
cip,VS042,VS042:local:0,tetrahedral,confirmed,24,24,24,2,12;12,2,true,true,false,true,0.13265908799985482,
cip,VS042,VS042:local:1,planar_bond,supplied_support,8,8,8,2,4;4,2,true,true,false,true,0.025933484999768552,
cip,VS043,VS043:local:0,tetrahedral,supplied_support,24,24,24,2,12;12,2,true,true,false,true,0.15082672399967123,
cip,VS043,VS043:local:1,tetrahedral,supplied_support,24,24,24,2,12;12,2,true,true,false,true,0.136231098999815,
cip,VS044,VS044:local:0,tetrahedral,confirmed,24,24,24,2,12;12,2,true,true,false,true,0.123572747000253,
cip,VS044,VS044:local:1,planar_bond,supplied_support,8,8,8,2,4;4,2,true,true,false,true,0.02446901399980561,
cip,VS045,VS045:local:0,tetrahedral,supplied_support,24,24,24,2,12;12,2,true,true,false,true,0.11618479799926718,
cip,VS046,VS046:local:0,tetrahedral,supplied_support,24,24,24,2,12;12,2,true,true,false,true,0.09508798200022284,
cip,VS046,VS046:local:1,tetrahedral,supplied_support,24,24,24,2,12;12,2,true,true,false,true,0.10843328999999358,
cip,VS047,VS047:local:0,tetrahedral,supplied_support,24,24,24,2,12;12,2,true,true,false,true,0.08985939200010762,
cip,VS047,VS047:local:1,tetrahedral,supplied_support,24,24,24,2,12;12,2,true,true,false,true,0.08968225499938853,
cip,VS048,VS048:local:0,tetrahedral,supplied_support,24,24,24,2,12;12,2,true,true,false,true,0.10171807699953206,
cip,VS048,VS048:local:1,tetrahedral,supplied_support,24,24,24,2,12;12,2,true,true,false,true,0.09039020300042466,
cip,VS049,VS049:local:0,planar_bond,supplied_support,8,8,8,2,4;4,2,true,true,false,true,0.038169599999491766,
cip,VS049,VS049:local:1,planar_bond,supplied_support,8,8,8,2,4;4,2,true,true,false,true,0.03771634500026266,
cip,VS049,VS049:local:2,planar_bond,supplied_support,8,8,8,2,4;4,2,true,true,false,true,0.045528284999818425,
cip,VS050,VS050:local:0,tetrahedral,supplied_support,24,24,24,2,12;12,2,true,true,false,true,0.1353573200003666,
cip,VS050,VS050:local:1,tetrahedral,supplied_support,24,24,24,2,12;12,2,true,true,false,true,0.13612068199927307,
cip,VS050,VS050:local:2,tetrahedral,supplied_support,24,24,24,2,12;12,2,true,true,false,true,0.13656474299932597,
cip,VS050,VS050:local:3,tetrahedral,supplied_support,24,24,24,2,12;12,2,true,true,false,true,0.13677509799981635,
cip,VS051,VS051:local:0,tetrahedral,supplied_support,24,24,24,2,12;12,2,true,true,false,true,0.1959522110000762,
cip,VS051,VS051:local:1,tetrahedral,supplied_support,24,24,24,2,12;12,2,true,true,false,true,0.20753647099991213,
cip,VS051,VS051:local:2,tetrahedral,supplied_support,24,24,24,2,12;12,2,true,true,false,true,0.25275911100015946,
cip,VS052,VS052:local:0,tetrahedral,supplied_support,24,24,24,2,12;12,2,true,true,false,true,0.13475755600029515,
cip,VS052,VS052:local:1,tetrahedral,supplied_support,24,24,24,2,12;12,2,true,true,false,true,0.13241962699976284,
cip,VS052,VS052:local:2,tetrahedral,supplied_support,24,24,24,2,12;12,2,true,true,false,true,0.1334312039998622,
cip,VS053,VS053:local:0,tetrahedral,supplied_support,24,24,24,2,12;12,2,true,true,false,true,0.26107687700005044,
cip,VS053,VS053:local:1,planar_bond,supplied_support,8,8,8,2,4;4,2,true,true,false,true,0.03253020900046977,
cip,VS053,VS053:local:2,planar_bond,supplied_support,8,8,8,2,4;4,2,true,true,false,true,0.03179806399930385,
cip,VS053,VS053:local:3,planar_bond,supplied_support,8,8,8,2,4;4,2,true,true,false,true,0.03206235400011792,
cip,VS053,VS053:local:4,planar_bond,supplied_support,8,8,8,2,4;4,2,true,true,false,true,0.032119448999765154,
cip,VS054,VS054:local:0,tetrahedral,supplied_support,24,24,24,2,12;12,2,true,true,false,true,0.26332044300033886,
cip,VS055,VS055:local:0,atrop_bond,confirmed,8,8,8,2,4;4,1,true,false,true,true,0.048883686999943166,
cip,VS056,VS056:local:0,tetrahedral,supplied_support,24,24,24,2,12;12,2,true,true,false,true,0.2203810450000674,
cip,VS056,VS056:local:1,tetrahedral,supplied_support,24,24,24,2,12;12,2,true,true,false,true,0.22089937700002338,
cip,VS056,VS056:local:2,tetrahedral,confirmed,24,24,24,2,12;12,2,true,true,false,true,0.23201953399984632,
cip,VS057,VS057:local:0,atrop_bond,confirmed,8,8,8,2,4;4,1,true,false,true,true,0.05259421699975064,
cip,VS058,VS058:local:0,planar_bond,supplied_support,8,8,8,2,4;4,2,true,true,false,true,0.01971933699951478,
cip,VS058,VS058:local:1,planar_bond,supplied_support,8,8,8,2,4;4,2,true,true,false,true,0.019610754000495945,
cip,VS059,VS059:local:0,tetrahedral,supplied_support,24,24,24,2,12;12,2,true,true,false,true,0.1230907400004071,
cip,VS060,VS060:local:0,planar_bond,supplied_support,8,8,8,2,4;4,2,true,true,false,true,0.03083220699954836,
cip,VS061,VS061:local:0,planar_bond,supplied_support,8,8,8,2,4;4,2,true,true,false,true,0.03007640700070624,
cip,VS062,VS062:local:0,planar_bond,supplied_support,8,8,8,2,4;4,2,true,true,false,true,0.039201977000629995,
cip,VS063,VS063:local:0,tetrahedral,supplied_support,24,24,24,2,12;12,2,true,true,false,true,0.6299566249999771,
cip,VS063,VS063:local:1,tetrahedral,supplied_support,24,24,24,2,12;12,2,true,true,false,true,0.4550626430000193,
cip,VS063,VS063:local:2,extended_cis_trans,confirmed,8,8,8,2,4;4,2,true,true,false,true,0.15952494600060163,
cip,VS064,VS064:local:0,tetrahedral,supplied_support,24,24,24,2,12;12,2,true,true,false,true,0.11435845199957839,
cip,VS065,VS065:local:0,tetrahedral,supplied_support,24,24,24,2,12;12,2,true,true,false,true,0.11794306200044957,
cip,VS065,VS065:local:1,tetrahedral,supplied_support,24,24,24,2,12;12,2,true,true,false,true,0.11856157400052325,
cip,VS065,VS065:local:2,tetrahedral,supplied_support,24,24,24,2,12;12,2,true,true,false,true,0.11854598100035219,
cip,VS065,VS065:local:3,tetrahedral,supplied_support,24,24,24,2,12;12,2,true,true,false,true,0.1300836700002037,
cip,VS066,VS066:local:0,tetrahedral,supplied_support,24,24,24,2,12;12,2,true,true,false,true,0.08574527400014631,
cip,VS066,VS066:local:1,tetrahedral,supplied_support,24,24,24,2,12;12,2,true,true,false,true,0.08604766000007658,
cip,VS067,VS067:local:0,tetrahedral,supplied_support,24,24,24,2,12;12,2,true,true,false,true,0.08607359899997391,
cip,VS067,VS067:local:1,tetrahedral,supplied_support,24,24,24,2,12;12,2,true,true,false,true,0.08448047500041866,
cip,VS068,VS068:local:0,tetrahedral,supplied_support,24,24,24,2,12;12,2,true,true,false,true,0.10405376200014871,
cip,VS069,VS069:local:0,tetrahedral,supplied_support,24,24,24,2,12;12,2,true,true,false,true,0.09080645100038964,
cip,VS069,VS069:local:1,tetrahedral,supplied_support,24,24,24,2,12;12,2,true,true,false,true,0.10193051799979003,
cip,VS070,VS070:local:0,tetrahedral,supplied_support,24,24,24,2,12;12,2,true,true,false,true,0.14132248199985042,
cip,VS070,VS070:local:1,tetrahedral,supplied_support,24,24,24,2,12;12,2,true,true,false,true,0.15145139699961874,
cip,VS070,VS070:local:2,tetrahedral,supplied_support,24,24,24,2,12;12,2,true,true,false,true,0.1429237659995124,
cip,VS070,VS070:local:3,tetrahedral,supplied_support,24,24,24,2,12;12,2,true,true,false,true,0.13976623200051108,
cip,VS070,VS070:local:4,tetrahedral,supplied_support,24,24,24,2,12;12,2,true,true,false,true,0.1403157109998574,
cip,VS070,VS070:local:5,tetrahedral,supplied_support,24,24,24,2,12;12,2,true,true,false,true,0.15627389199926256,
cip,VS070,VS070:local:6,tetrahedral,supplied_support,24,24,24,2,12;12,2,true,true,false,true,0.14042806999987079,
cip,VS070,VS070:local:7,tetrahedral,supplied_support,24,24,24,2,12;12,2,true,true,false,true,0.1531111990007048,
cip,VS071,VS071:local:0,tetrahedral,supplied_support,24,24,24,2,12;12,2,true,true,false,true,0.12215771200044401,
cip,VS072,VS072:local:0,tetrahedral,supplied_support,24,24,24,2,12;12,2,true,true,false,true,0.26272281000001385,
cip,VS072,VS072:local:1,atrop_bond,confirmed,8,8,8,2,4;4,2,true,true,false,true,0.0625086480004029,
cip,VS073,VS073:local:0,atrop_bond,confirmed,8,8,8,2,4;4,2,true,true,false,true,0.033765183000468824,
cip,VS074,VS074:local:0,tetrahedral,supplied_support,24,24,24,2,12;12,2,true,true,false,true,0.10425668799962295,
cip,VS075,VS075:local:0,tetrahedral,supplied_support,24,24,24,2,12;12,2,true,true,false,true,0.11989183300011064,
cip,VS075,VS075:local:1,tetrahedral,supplied_support,24,24,24,2,12;12,2,true,true,false,true,0.1084074000000328,
cip,VS075,VS075:local:2,tetrahedral,supplied_support,24,24,24,2,12;12,2,true,true,false,true,0.13787102100013726,
cip,VS075,VS075:local:3,tetrahedral,supplied_support,24,24,24,2,12;12,2,true,true,false,true,0.10881399400022929,
cip,VS075,VS075:local:4,tetrahedral,supplied_support,24,24,24,2,12;12,2,true,true,false,true,0.10820708699975512,
cip,VS076,VS076:local:0,tetrahedral,supplied_support,24,24,24,2,12;12,2,true,true,false,true,0.09530365699993126,
cip,VS077,VS077:local:0,tetrahedral,supplied_support,24,24,24,2,12;12,2,true,true,false,true,0.08506433599995944,
cip,VS078,VS078:local:0,tetrahedral,supplied_support,24,24,24,2,12;12,2,true,true,false,true,0.46924879100060934,
cip,VS078,VS078:local:1,cumulene_axis,confirmed,8,8,8,2,4;4,2,true,true,false,true,0.16637237099985214,
cip,VS079,VS079:local:0,cumulene_axis,confirmed,8,8,8,2,4;4,1,true,false,true,true,0.020203157000651117,
cip,VS080,VS080:local:0,tetrahedral,supplied_support,24,24,24,2,12;12,2,true,true,false,true,0.09231140200063237,
cip,VS080,VS080:local:1,tetrahedral,supplied_support,24,24,24,2,12;12,2,true,true,false,true,0.09110100399993826,
cip,VS081,VS081:local:0,tetrahedral,confirmed,24,24,24,2,12;12,2,true,true,false,true,0.11162789099944348,
cip,VS081,VS081:local:1,tetrahedral,supplied_support,24,24,24,2,12;12,2,true,true,false,true,0.12393684499966184,
cip,VS082,VS082:local:0,tetrahedral,supplied_support,24,24,24,2,12;12,2,true,true,false,true,0.13764543199977197,
cip,VS082,VS082:local:1,tetrahedral,supplied_support,24,24,24,2,12;12,2,true,true,false,true,0.14068471800055704,
cip,VS083,VS083:local:0,tetrahedral,supplied_support,24,24,24,2,12;12,2,true,true,false,true,2.621323225999731,
cip,VS084,VS084:local:0,tetrahedral,supplied_support,24,24,24,2,12;12,2,true,true,false,true,0.09717838500000653,
cip,VS084,VS084:local:1,tetrahedral,supplied_support,24,24,24,2,12;12,2,true,true,false,true,0.10857726599988382,
cip,VS084,VS084:local:2,tetrahedral,supplied_support,24,24,24,2,12;12,2,true,true,false,true,0.09697510800015152,
cip,VS084,VS084:local:3,tetrahedral,supplied_support,24,24,24,2,12;12,2,true,true,false,true,0.09950003799986007,
cip,VS085,VS085:local:0,planar_bond,supplied_support,8,8,8,2,4;4,2,true,true,false,true,0.025582866000149806,
cip,VS086,VS086:local:0,atrop_bond,confirmed,8,8,8,2,4;4,2,true,true,false,true,0.04469561700079794,
cip,VS087,VS087:local:0,tetrahedral,supplied_support,24,24,24,2,12;12,2,true,true,false,true,0.30332057000032364,
cip,VS087,VS087:local:1,tetrahedral,supplied_support,24,24,24,2,12;12,2,true,true,false,true,0.31417517000045336,
cip,VS087,VS087:local:2,planar_bond,supplied_support,8,8,8,2,4;4,2,true,true,false,true,0.07783086899962655,
cip,VS087,VS087:local:3,planar_bond,supplied_support,8,8,8,2,4;4,2,true,true,false,true,0.0770448530001886,
cip,VS088,VS088:local:0,tetrahedral,supplied_support,24,24,24,2,12;12,2,true,true,false,true,0.29650767899966013,
cip,VS088,VS088:local:1,tetrahedral,supplied_support,24,24,24,2,12;12,2,true,true,false,true,0.2957103160006227,
cip,VS088,VS088:local:2,planar_bond,supplied_support,8,8,8,2,4;4,2,true,true,false,true,0.07593313600045803,
cip,VS088,VS088:local:3,planar_bond,supplied_support,8,8,8,2,4;4,2,true,true,false,true,0.08828770899981464,
cip,VS089,VS089:local:0,tetrahedral,supplied_support,24,24,24,2,12;12,2,true,true,false,true,0.0954416439999477,
cip,VS090,VS090:local:0,tetrahedral,supplied_support,24,24,24,2,12;12,2,true,true,false,true,0.10011207200022909,
cip,VS091,VS091:local:0,tetrahedral,supplied_support,24,24,24,2,12;12,2,true,true,false,true,0.1369770219998827,
cip,VS091,VS091:local:1,tetrahedral,supplied_support,24,24,24,2,12;12,2,true,true,false,true,0.16849488400021073,
cip,VS091,VS091:local:2,tetrahedral,supplied_support,24,24,24,2,12;12,2,true,true,false,true,0.17866938699989987,
cip,VS091,VS091:local:3,tetrahedral,supplied_support,24,24,24,2,12;12,2,true,true,false,true,0.2001661679996687,
cip,VS091,VS091:local:4,tetrahedral,supplied_support,24,24,24,2,12;12,2,true,true,false,true,0.18633685700024216,
cip,VS091,VS091:local:5,tetrahedral,supplied_support,24,24,24,2,12;12,2,true,true,false,true,0.13632771100037644,
cip,VS092,VS092:local:0,tetrahedral,supplied_support,24,24,24,2,12;12,2,true,true,false,true,0.08632430599936924,
cip,VS093,VS093:local:0,planar_bond,supplied_support,8,8,8,2,4;4,2,true,true,false,true,0.03623608099951525,
cip,VS093,VS093:local:1,planar_bond,supplied_support,8,8,8,2,4;4,2,true,true,false,true,0.02269913399959478,
cip,VS094,VS094:local:0,tetrahedral,supplied_support,24,24,24,2,12;12,2,true,true,false,true,0.12855416299953504,
cip,VS095,VS095:local:0,tetrahedral,supplied_support,24,24,24,2,12;12,2,true,true,false,true,0.22782475500025612,
cip,VS096,VS096:local:0,planar_bond,supplied_support,8,8,8,2,4;4,2,true,true,false,true,0.04147182199994859,
cip,VS097,VS097:local:0,tetrahedral,supplied_support,24,24,24,2,12;12,2,true,true,false,true,0.1559743100006017,
cip,VS097,VS097:local:1,tetrahedral,confirmed,24,24,24,2,12;12,2,true,true,false,true,0.15490931299973454,
cip,VS098,VS098:local:0,tetrahedral,supplied_support,24,24,24,2,12;12,2,true,true,false,true,0.11673002999941673,
cip,VS098,VS098:local:1,tetrahedral,supplied_support,24,24,24,2,12;12,2,true,true,false,true,0.1273539610001535,
cip,VS098,VS098:local:2,tetrahedral,supplied_support,24,24,24,2,12;12,2,true,true,false,true,0.11592095800006064,
cip,VS099,VS099:local:0,tetrahedral,supplied_support,24,24,24,2,12;12,2,true,true,false,true,0.1298385700001745,
cip,VS100,VS100:local:0,planar_bond,supplied_support,8,8,8,2,4;4,2,true,true,false,true,0.01975159599987819,
cip,VS100,VS100:local:1,planar_bond,supplied_support,8,8,8,2,4;4,2,true,true,false,true,0.019513867000569007,
cip,VS101,VS101:local:0,planar_bond,supplied_support,8,8,8,2,4;4,2,true,true,false,true,0.018814562000443402,
cip,VS101,VS101:local:1,planar_bond,supplied_support,8,8,8,2,4;4,2,true,true,false,true,0.01892271399992751,
cip,VS102,VS102:local:0,tetrahedral,supplied_support,24,24,24,2,12;12,2,true,true,false,true,0.10929850499996974,
cip,VS102,VS102:local:1,tetrahedral,supplied_support,24,24,24,2,12;12,2,true,true,false,true,0.11946019900005922,
cip,VS102,VS102:local:2,tetrahedral,supplied_support,24,24,24,2,12;12,2,true,true,false,true,0.11893385500025033,
cip,VS102,VS102:local:3,tetrahedral,supplied_support,24,24,24,2,12;12,2,true,true,false,true,0.11924261099920841,
cip,VS103,VS103:local:0,tetrahedral,supplied_support,24,24,24,2,12;12,2,true,true,false,true,0.12555759999941074,
cip,VS103,VS103:local:1,tetrahedral,supplied_support,24,24,24,2,12;12,2,true,true,false,true,0.12412128300002223,
cip,VS103,VS103:local:2,tetrahedral,supplied_support,24,24,24,2,12;12,2,true,true,false,true,0.1238259059991833,
cip,VS103,VS103:local:3,tetrahedral,supplied_support,24,24,24,2,12;12,2,true,true,false,true,0.121614920999491,
cip,VS104,VS104:local:0,tetrahedral,supplied_support,24,24,24,2,12;12,2,true,true,false,true,0.08647813800052973,
cip,VS105,VS105:local:0,tetrahedral,supplied_support,24,24,24,2,12;12,2,true,true,false,true,0.11779487600051652,
cip,VS105,VS105:local:1,tetrahedral,supplied_support,24,24,24,2,12;12,2,true,true,false,true,0.1257467759996871,
cip,VS105,VS105:local:2,tetrahedral,supplied_support,24,24,24,2,12;12,2,true,true,false,true,0.19584710900016944,
cip,VS105,VS105:local:3,tetrahedral,supplied_support,24,24,24,2,12;12,2,true,true,false,true,0.12432390899994061,
cip,VS105,VS105:local:4,tetrahedral,supplied_support,24,24,24,2,12;12,2,true,true,false,true,0.11547948099996574,
cip,VS106,VS106:local:0,tetrahedral,confirmed,24,24,24,2,12;12,2,true,true,false,true,0.12064503700003115,
cip,VS106,VS106:local:1,tetrahedral,supplied_support,24,24,24,2,12;12,2,true,true,false,true,0.10485642200001166,
cip,VS106,VS106:local:2,tetrahedral,supplied_support,24,24,24,2,12;12,2,true,true,false,true,0.09762544000022899,
cip,VS107,VS107:local:0,planar_bond,supplied_support,8,8,8,2,4;4,2,true,true,false,true,0.02153286399970966,
cip,VS107,VS107:local:1,planar_bond,supplied_support,8,8,8,2,4;4,2,true,true,false,true,0.021075903999189904,
cip,VS107,VS107:local:2,planar_bond,supplied_support,8,8,8,2,4;4,2,true,true,false,true,0.023264186999767844,
cip,VS108,VS108:local:0,tetrahedral,supplied_support,24,24,24,2,12;12,2,true,true,false,true,0.09409420099927956,
cip,VS108,VS108:local:1,tetrahedral,supplied_support,24,24,24,2,12;12,2,true,true,false,true,0.10682213800009777,
cip,VS109,VS109:local:0,tetrahedral,supplied_support,24,24,24,2,12;12,2,true,true,false,true,0.08645114800037845,
cip,VS110,VS110:local:0,planar_bond,supplied_support,8,8,8,2,4;4,2,true,true,false,true,0.07566057399981219,
cip,VS111,VS111:local:0,tetrahedral,supplied_support,24,24,24,2,12;12,2,true,true,false,true,0.10983827899963217,
cip,VS111,VS111:local:1,tetrahedral,supplied_support,24,24,24,2,12;12,2,true,true,false,true,0.09828962199935631,
cip,VS111,VS111:local:2,tetrahedral,supplied_support,24,24,24,2,12;12,2,true,true,false,true,0.09984722300032445,
cip,VS111,VS111:local:3,tetrahedral,supplied_support,24,24,24,2,12;12,2,true,true,false,true,0.09818300000006275,
cip,VS112,VS112:local:0,tetrahedral,supplied_support,24,24,24,2,12;12,2,true,true,false,true,0.09666522099996655,
cip,VS112,VS112:local:1,tetrahedral,supplied_support,24,24,24,2,12;12,2,true,true,false,true,0.09646710200013331,
cip,VS113,VS113:local:0,tetrahedral,supplied_support,24,24,24,2,12;12,2,true,true,false,true,0.09636044100079744,
cip,VS113,VS113:local:1,tetrahedral,supplied_support,24,24,24,2,12;12,2,true,true,false,true,0.10812032700050622,
cip,VS114,VS114:local:0,planar_bond,supplied_support,8,8,8,2,4;4,2,true,true,false,true,0.018155476999709208,
cip,VS115,VS115:local:0,tetrahedral,supplied_support,24,24,24,2,12;12,2,true,true,false,true,0.11598710799989931,
cip,VS115,VS115:local:1,tetrahedral,supplied_support,24,24,24,2,12;12,2,true,true,false,true,0.13119423599982838,
cip,VS115,VS115:local:2,tetrahedral,supplied_support,24,24,24,2,12;12,2,true,true,false,true,0.13542655099990952,
cip,VS115,VS115:local:3,tetrahedral,supplied_support,24,24,24,2,12;12,2,true,true,false,true,0.11578244800057291,
cip,VS115,VS115:local:4,tetrahedral,supplied_support,24,24,24,2,12;12,2,true,true,false,true,0.11694091599929379,
cip,VS116,VS116:local:0,tetrahedral,supplied_support,24,24,24,2,12;12,2,true,true,false,true,0.09875982199991995,
cip,VS116,VS116:local:1,tetrahedral,supplied_support,24,24,24,2,12;12,2,true,true,false,true,0.11283659400032775,
cip,VS117,VS117:local:0,planar_bond,supplied_support,8,8,8,2,4;4,2,true,true,false,true,0.01739743300004193,
cip,VS118,VS118:local:0,extended_cis_trans,confirmed,8,8,8,2,4;4,2,true,true,false,true,0.03176746799999819,
cip,VS119,VS119:local:0,tetrahedral,supplied_support,24,24,24,2,12;12,2,true,true,false,true,0.08965644399995654,
cip,VS119,VS119:local:1,tetrahedral,supplied_support,24,24,24,2,12;12,2,true,true,false,true,0.08640260499942087,
cip,VS120,VS120:local:0,tetrahedral,supplied_support,24,24,24,2,12;12,2,true,true,false,true,0.45351149599991913,
cip,VS120,VS120:local:1,tetrahedral,supplied_support,24,24,24,2,12;12,2,true,true,false,true,0.6420484479995139,
cip,VS120,VS120:local:2,cumulene_axis,confirmed,8,8,8,2,4;4,2,true,true,false,true,0.15874113100016984,
cip,VS121,VS121:local:0,planar_bond,supplied_support,8,8,8,2,4;4,2,true,true,false,true,0.032842590000655036,
cip,VS122,VS122:local:0,tetrahedral,supplied_support,24,24,24,2,12;12,2,true,true,false,true,0.11944269300056476,
cip,VS123,VS123:local:0,tetrahedral,supplied_support,24,24,24,2,12;12,2,true,true,false,true,0.15106796599957306,
cip,VS124,VS124:local:0,tetrahedral,supplied_support,24,24,24,2,12;12,2,true,true,false,true,0.23816258300030313,
cip,VS124,VS124:local:1,tetrahedral,supplied_support,24,24,24,2,12;12,2,true,true,false,true,0.21763667699997313,
cip,VS125,VS125:local:0,tetrahedral,supplied_support,24,24,24,2,12;12,2,true,true,false,true,0.16591368799981865,
cip,VS125,VS125:local:1,tetrahedral,supplied_support,24,24,24,2,12;12,2,true,true,false,true,0.14094396699965728,
cip,VS125,VS125:local:2,tetrahedral,confirmed,24,24,24,2,12;12,2,true,true,false,true,0.14729836600054114,
cip,VS125,VS125:local:3,planar_bond,supplied_support,8,8,8,2,4;4,2,true,true,false,true,0.030552893999811204,
cip,VS126,VS126:local:0,tetrahedral,supplied_support,24,24,24,2,12;12,2,true,true,false,true,0.9204411910004637,
cip,VS126,VS126:local:1,tetrahedral,supplied_support,24,24,24,2,12;12,2,true,true,false,true,0.9139940499999284,
cip,VS126,VS126:local:2,tetrahedral,supplied_support,24,24,24,2,12;12,2,true,true,false,true,0.9944045860002007,
cip,VS126,VS126:local:3,tetrahedral,supplied_support,24,24,24,2,12;12,2,true,true,false,true,0.9712803970005552,
cip,VS126,VS126:local:4,tetrahedral,supplied_support,24,24,24,2,12;12,2,true,true,false,true,0.9164125709994551,
cip,VS126,VS126:local:5,tetrahedral,supplied_support,24,24,24,2,12;12,2,true,true,false,true,0.9155236669994338,
cip,VS126,VS126:local:6,planar_bond,supplied_support,8,8,8,2,4;4,2,true,true,false,true,0.2988939629995002,
cip,VS126,VS126:local:7,planar_bond,supplied_support,8,8,8,2,4;4,2,true,true,false,true,0.297686918999716,
cip,VS126,VS126:local:8,planar_bond,supplied_support,8,8,8,2,4;4,2,true,true,false,true,0.28099560199916596,
cip,VS126,VS126:local:9,planar_bond,supplied_support,8,8,8,2,4;4,2,true,true,false,true,0.26826157699997566,
cip,VS127,VS127:local:0,tetrahedral,supplied_support,24,24,24,2,12;12,2,true,true,false,true,0.9143648510007552,
cip,VS127,VS127:local:1,tetrahedral,supplied_support,24,24,24,2,12;12,2,true,true,false,true,0.9395986270001231,
cip,VS127,VS127:local:2,tetrahedral,supplied_support,24,24,24,2,12;12,2,true,true,false,true,0.965688403999593,
cip,VS127,VS127:local:3,tetrahedral,supplied_support,24,24,24,2,12;12,2,true,true,false,true,0.95805741499953,
cip,VS127,VS127:local:4,tetrahedral,supplied_support,24,24,24,2,12;12,2,true,true,false,true,0.9298783899994305,
cip,VS127,VS127:local:5,tetrahedral,supplied_support,24,24,24,2,12;12,2,true,true,false,true,0.8865978000003452,
cip,VS127,VS127:local:6,planar_bond,supplied_support,8,8,8,2,4;4,2,true,true,false,true,0.29796639399955893,
cip,VS127,VS127:local:7,planar_bond,supplied_support,8,8,8,2,4;4,2,true,true,false,true,0.30694981699980417,
cip,VS127,VS127:local:8,planar_bond,supplied_support,8,8,8,2,4;4,2,true,true,false,true,0.26391926599990256,
cip,VS127,VS127:local:9,planar_bond,supplied_support,8,8,8,2,4;4,2,true,true,false,true,0.2736710409999432,
cip,VS128,VS128:local:0,tetrahedral,supplied_support,24,24,24,2,12;12,2,true,true,false,true,0.1352404100007334,
cip,VS128,VS128:local:1,tetrahedral,supplied_support,24,24,24,2,12;12,2,true,true,false,true,0.12418368499947974,
cip,VS128,VS128:local:2,tetrahedral,supplied_support,24,24,24,2,12;12,2,true,true,false,true,0.12522241199985729,
cip,VS129,VS129:local:0,tetrahedral,supplied_support,24,24,24,2,12;12,2,true,true,false,true,0.1358605859995805,
cip,VS129,VS129:local:1,tetrahedral,supplied_support,24,24,24,2,12;12,2,true,true,false,true,0.12348375900000974,
cip,VS129,VS129:local:2,tetrahedral,supplied_support,24,24,24,2,12;12,2,true,true,false,true,0.12364342999990185,
cip,VS130,VS130:local:0,tetrahedral,supplied_support,24,24,24,2,12;12,2,true,true,false,true,0.11028788600015105,
cip,VS131,VS131:local:0,tetrahedral,supplied_support,24,24,24,2,12;12,2,true,true,false,true,0.12307932899966545,
cip,VS131,VS131:local:1,tetrahedral,supplied_support,24,24,24,2,12;12,2,true,true,false,true,0.1372195259991713,
cip,VS132,VS132:local:0,tetrahedral,confirmed,24,24,24,2,12;12,2,true,true,false,true,0.18978551999953197,
cip,VS132,VS132:local:1,tetrahedral,confirmed,24,24,24,2,12;12,2,true,true,false,true,0.17884938699990016,
cip,VS133,VS133:local:0,tetrahedral,supplied_support,24,24,24,2,12;12,2,true,true,false,true,0.10294514599991089,
cip,VS134,VS134:local:0,tetrahedral,supplied_support,24,24,24,2,12;12,2,true,true,false,true,0.3189990949995263,
cip,VS135,VS135:local:0,extended_cis_trans,confirmed,8,8,8,2,4;4,2,true,true,false,true,0.03461831899949175,
cip,VS136,VS136:local:0,tetrahedral,supplied_support,24,24,24,2,12;12,2,true,true,false,true,0.1162313949998861,
cip,VS136,VS136:local:1,tetrahedral,supplied_support,24,24,24,2,12;12,2,true,true,false,true,0.10487048199956917,
cip,VS137,VS137:local:0,planar_bond,supplied_support,8,8,8,2,4;4,2,true,true,false,true,0.017648532000748673,
cip,VS138,VS138:local:0,tetrahedral,supplied_support,24,24,24,2,12;12,2,true,true,false,true,0.1325871859999097,
cip,VS139,VS139:local:0,tetrahedral,supplied_support,24,24,24,2,12;12,2,true,true,false,true,0.09550037200006045,
cip,VS140,VS140:local:0,planar_bond,supplied_support,8,8,8,2,4;4,2,true,true,false,true,0.038862454000081925,
cip,VS141,VS141:local:0,cumulene_axis,confirmed,8,8,8,2,4;4,2,true,true,false,true,0.021140572000149405,
cip,VS141,VS141:local:1,planar_bond,supplied_support,8,8,8,2,4;4,2,true,true,false,true,0.02026734400078567,
cip,VS142,VS142:local:0,tetrahedral,supplied_support,24,24,24,2,12;12,2,true,true,false,true,0.10392210000009072,
cip,VS143,VS143:local:0,tetrahedral,supplied_support,24,24,24,2,12;12,2,true,true,false,true,0.13063955699999497,
cip,VS143,VS143:local:1,tetrahedral,supplied_support,24,24,24,2,12;12,2,true,true,false,true,0.10489190399948711,
cip,VS143,VS143:local:2,tetrahedral,supplied_support,24,24,24,2,12;12,2,true,true,false,true,0.11388762900060101,
cip,VS144,VS144:local:0,cumulene_axis,confirmed,8,8,8,2,4;4,2,true,true,false,true,0.022374203000254056,
cip,VS145,VS145:local:0,tetrahedral,supplied_support,24,24,24,2,12;12,2,true,true,false,true,0.08900771400021767,
cip,VS146,VS146:local:0,tetrahedral,supplied_support,24,24,24,2,12;12,2,true,true,false,true,0.14046722800048883,
cip,VS146,VS146:local:1,tetrahedral,supplied_support,24,24,24,2,12;12,2,true,true,false,true,0.14007635799953277,
cip,VS146,VS146:local:2,planar_bond,supplied_support,8,8,8,2,4;4,2,true,true,false,true,0.04407025199998316,
cip,VS146,VS146:local:3,planar_bond,supplied_support,8,8,8,2,4;4,2,true,true,false,true,0.04942586399920401,
cip,VS146,VS146:local:4,planar_bond,supplied_support,8,8,8,2,4;4,2,true,true,false,true,0.03332745200077625,
cip,VS146,VS146:local:5,planar_bond,supplied_support,8,8,8,2,4;4,2,true,true,false,true,0.04293873500046175,
cip,VS147,VS147:local:0,tetrahedral,supplied_support,24,24,24,2,12;12,2,true,true,false,true,0.07806489100039471,
cip,VS148,VS148:local:0,planar_bond,supplied_support,8,8,8,2,4;4,2,true,true,false,true,0.03808486100024311,
cip,VS149,VS149:local:0,tetrahedral,supplied_support,24,24,24,2,12;12,2,true,true,false,true,0.08622206100062613,
cip,VS150,VS150:local:0,tetrahedral,supplied_support,24,24,24,2,12;12,2,true,true,false,true,0.11760413699994388,
cip,VS150,VS150:local:1,tetrahedral,supplied_support,24,24,24,2,12;12,2,true,true,false,true,0.12174848999984533,
cip,VS151,VS151:local:0,tetrahedral,supplied_support,24,24,24,2,12;12,2,true,true,false,true,0.08649707499989745,
cip,VS152,VS152:local:0,tetrahedral,supplied_support,24,24,24,2,12;12,2,true,true,false,true,0.12728324199997587,
cip,VS152,VS152:local:1,tetrahedral,supplied_support,24,24,24,2,12;12,2,true,true,false,true,0.13918245899913018,
cip,VS152,VS152:local:2,tetrahedral,supplied_support,24,24,24,2,12;12,2,true,true,false,true,0.12727175500003796,
cip,VS152,VS152:local:3,tetrahedral,supplied_support,24,24,24,2,12;12,2,true,true,false,true,0.1592579919997661,
cip,VS153,VS153:local:0,planar_bond,supplied_support,8,8,8,2,4;4,2,true,true,false,true,0.020055534000675834,
cip,VS153,VS153:local:1,planar_bond,supplied_support,8,8,8,2,4;4,2,true,true,false,true,0.019864905999384064,
cip,VS154,VS154:local:0,planar_bond,supplied_support,8,8,8,2,4;4,2,true,true,false,true,0.020893378000437224,
cip,VS154,VS154:local:1,extended_cis_trans,confirmed,8,8,8,2,4;4,2,true,true,false,true,0.020289708000746032,
cip,VS155,VS155:local:0,planar_bond,supplied_support,8,8,8,2,4;4,2,true,true,false,true,0.05433683499995823,
cip,VS155,VS155:local:1,planar_bond,supplied_support,8,8,8,2,4;4,2,true,true,false,true,0.034597468999891134,
cip,VS156,VS156:local:0,tetrahedral,supplied_support,24,24,24,2,12;12,2,true,true,false,true,0.08891808900079923,
cip,VS157,VS157:local:0,tetrahedral,supplied_support,24,24,24,2,12;12,2,true,true,false,true,0.31213914299951284,
cip,VS157,VS157:local:1,tetrahedral,supplied_support,24,24,24,2,12;12,2,true,true,false,true,0.31084438800007774,
cip,VS157,VS157:local:2,planar_bond,supplied_support,8,8,8,2,4;4,2,true,true,false,true,0.05292390299928229,
cip,VS157,VS157:local:3,planar_bond,supplied_support,8,8,8,2,4;4,2,true,true,false,true,0.05328325400023459,
cip,VS158,VS158:local:0,atrop_bond,confirmed,8,8,8,2,4;4,2,true,true,false,true,0.03233878900027776,
cip,VS159,VS159:local:0,tetrahedral,supplied_support,24,24,24,2,12;12,2,true,true,false,true,0.10242728499997611,
cip,VS159,VS159:local:1,tetrahedral,supplied_support,24,24,24,2,12;12,2,true,true,false,true,0.11779112800013536,
cip,VS159,VS159:local:2,tetrahedral,supplied_support,24,24,24,2,12;12,2,true,true,false,true,0.10954128000048513,
cip,VS159,VS159:local:3,tetrahedral,supplied_support,24,24,24,2,12;12,2,true,true,false,true,0.10687487599989254,
cip,VS160,VS160:local:0,tetrahedral,supplied_support,24,24,24,2,12;12,2,true,true,false,true,0.10741509099989344,
cip,VS160,VS160:local:1,tetrahedral,supplied_support,24,24,24,2,12;12,2,true,true,false,true,0.11552553999990778,
cip,VS160,VS160:local:2,tetrahedral,supplied_support,24,24,24,2,12;12,2,true,true,false,true,0.10684541199952946,
cip,VS161,VS161:local:0,tetrahedral,supplied_support,24,24,24,2,12;12,2,true,true,false,true,0.10322027100028208,
cip,VS161,VS161:local:1,planar_bond,supplied_support,8,8,8,2,4;4,2,true,true,false,true,0.019529119999788236,
cip,VS162,VS162:local:0,tetrahedral,supplied_support,24,24,24,2,12;12,2,true,true,false,true,0.09615805400062527,
cip,VS163,VS163:local:0,tetrahedral,supplied_support,24,24,24,2,12;12,2,true,true,false,true,0.10154076699927828,
cip,VS163,VS163:local:1,tetrahedral,supplied_support,24,24,24,2,12;12,2,true,true,false,true,0.08863781599939102,
cip,VS164,VS164:local:0,tetrahedral,supplied_support,24,24,24,2,12;12,2,true,true,false,true,0.48890354900049715,
cip,VS164,VS164:local:1,extended_cis_trans,confirmed,8,8,8,2,4;4,2,true,true,false,true,0.18126221500006068,
cip,VS165,VS165:local:0,tetrahedral,supplied_support,24,24,24,2,12;12,2,true,true,false,true,0.13416546799999196,
cip,VS166,VS166:local:0,cumulene_axis,confirmed,8,8,8,2,4;4,2,true,true,false,true,0.02098453599955974,
cip,VS167,VS167:local:0,tetrahedral,supplied_support,24,24,24,2,12;12,2,true,true,false,true,0.08589802099959343,
cip,VS168,VS168:local:0,tetrahedral,supplied_support,24,24,24,2,12;12,2,true,true,false,true,0.09183578100055456,
cip,VS168,VS168:local:1,tetrahedral,supplied_support,24,24,24,2,12;12,2,true,true,false,true,0.09060665699962556,
cip,VS169,VS169:local:0,tetrahedral,supplied_support,24,24,24,2,12;12,2,true,true,false,true,0.11804766600016592,
cip,VS169,VS169:local:1,tetrahedral,supplied_support,24,24,24,2,12;12,2,true,true,false,true,0.08791130899953714,
cip,VS170,VS170:local:0,tetrahedral,supplied_support,24,24,24,2,12;12,2,true,true,false,true,0.09755748599945946,
cip,VS171,VS171:local:0,tetrahedral,supplied_support,24,24,24,2,12;12,2,true,true,false,true,2.6115096889998313,
cip,VS172,VS172:local:0,tetrahedral,supplied_support,24,24,24,2,12;12,2,true,true,false,true,0.08909945199957292,
cip,VS172,VS172:local:1,tetrahedral,supplied_support,24,24,24,2,12;12,2,true,true,false,true,0.08975332899990462,
cip,VS173,VS173:local:0,tetrahedral,supplied_support,24,24,24,2,12;12,2,true,true,false,true,2.657945741999356,
cip,VS173,VS173:local:1,planar_bond,supplied_support,8,8,8,2,4;4,2,true,true,false,true,0.423444586000187,
cip,VS173,VS173:local:2,planar_bond,supplied_support,8,8,8,2,4;4,2,true,true,false,true,0.4320868029999474,
cip,VS173,VS173:local:3,planar_bond,supplied_support,8,8,8,2,4;4,2,true,true,false,true,0.4230888230003984,
cip,VS174,VS174:local:0,tetrahedral,supplied_support,24,24,24,2,12;12,2,true,true,false,true,0.11987239900008717,
cip,VS174,VS174:local:1,tetrahedral,supplied_support,24,24,24,2,12;12,2,true,true,false,true,0.13240940699961357,
cip,VS175,VS175:local:0,tetrahedral,supplied_support,24,24,24,2,12;12,2,true,true,false,true,0.09135360399977799,
cip,VS176,VS176:local:0,planar_bond,supplied_support,8,8,8,2,4;4,2,true,true,false,true,0.017751526999745693,
cip,VS177,VS177:local:0,tetrahedral,supplied_support,24,24,24,2,12;12,2,true,true,false,true,0.08552195399988705,
cip,VS178,VS178:local:0,tetrahedral,supplied_support,24,24,24,2,12;12,2,true,true,false,true,0.09120747300039511,
cip,VS179,VS179:local:0,tetrahedral,supplied_support,24,24,24,2,12;12,2,true,true,false,true,0.08603476799999044,
cip,VS180,VS180:local:0,tetrahedral,supplied_support,24,24,24,2,12;12,2,true,true,false,true,0.0829082099999141,
cip,VS181,VS181:local:0,tetrahedral,supplied_support,24,24,24,2,12;12,2,true,true,false,true,0.08501534999959404,
cip,VS182,VS182:local:0,tetrahedral,supplied_support,24,24,24,2,12;12,2,true,true,false,true,0.08298496600036742,
cip,VS183,VS183:local:0,tetrahedral,supplied_support,24,24,24,2,12;12,2,true,true,false,true,0.1618091110003661,
cip,VS184,VS184:local:0,planar_bond,supplied_support,8,8,8,2,4;4,2,true,true,false,true,0.016909857999962696,
cip,VS185,VS185:local:0,planar_bond,supplied_support,8,8,8,2,4;4,2,true,true,false,true,0.01698961700003565,
cip,VS186,VS186:local:0,tetrahedral,supplied_support,24,24,24,2,12;12,2,true,true,false,true,0.9395541189996948,
cip,VS187,VS187:local:0,tetrahedral,supplied_support,24,24,24,2,12;12,2,true,true,false,true,0.11302812999929301,
cip,VS188,VS188:local:0,planar_bond,confirmed,8,8,8,2,4;4,1,true,false,true,true,0.025055017999875417,
cip,VS188,VS188:local:1,planar_bond,confirmed,8,8,8,2,4;4,1,true,false,true,true,0.02483143100016605,
cip,VS189,VS189:local:0,planar_bond,confirmed,8,8,8,2,4;4,1,true,false,true,true,0.03128564000053302,
cip,VS189,VS189:local:1,planar_bond,confirmed,8,8,8,2,4;4,1,true,false,true,true,0.03053278399966075,
cip,VS190,VS190:local:0,planar_bond,confirmed,8,8,8,2,4;4,1,true,false,true,true,0.045995467000466306,
cip,VS190,VS190:local:1,planar_bond,confirmed,8,8,8,2,4;4,1,true,false,true,true,0.04497054100011155,
cip,VS190,VS190:local:2,planar_bond,confirmed,8,8,8,2,4;4,1,true,false,true,true,0.08944877799967799,
cip,VS191,VS191:local:0,tetrahedral,supplied_support,24,24,24,2,12;12,1,true,false,true,true,0.3702872940002635,
cip,VS191,VS191:local:1,planar_bond,supplied_support,8,8,8,2,4;4,2,true,true,false,true,0.053374953000457026,
cip,VS191,VS191:local:2,planar_bond,supplied_support,8,8,8,2,4;4,2,true,true,false,true,0.054215060000387894,
cip,VS191,VS191:local:3,planar_bond,supplied_support,8,8,8,2,4;4,2,true,true,false,true,0.053542296000159695,
cip,VS191,VS191:local:4,planar_bond,supplied_support,8,8,8,2,4;4,2,true,true,false,true,0.05396080599984998,
cip,VS191,VS191:local:5,planar_bond,supplied_support,8,8,8,2,4;4,1,true,false,true,true,0.06845016099941859,
cip,VS191,VS191:local:6,planar_bond,confirmed,8,8,8,2,4;4,1,true,false,true,true,0.055338414999823726,
cip,VS192,VS192:local:0,tetrahedral,supplied_support,24,24,24,2,12;12,1,true,false,true,true,0.24302618699948653,
cip,VS192,VS192:local:1,planar_bond,supplied_support,8,8,8,2,4;4,2,true,true,false,true,0.02907951100041828,
cip,VS192,VS192:local:2,planar_bond,supplied_support,8,8,8,2,4;4,2,true,true,false,true,0.029344180000407505,
cip,VS193,VS193:local:0,tetrahedral,supplied_support,24,24,24,2,12;12,1,true,false,true,true,0.24315517200011527,
cip,VS193,VS193:local:1,planar_bond,supplied_support,8,8,8,2,4;4,2,true,true,false,true,0.029702671999984886,
cip,VS193,VS193:local:2,planar_bond,supplied_support,8,8,8,2,4;4,2,true,true,false,true,0.029963455000142858,
cip,VS194,VS194:local:0,tetrahedral,supplied_support,24,24,24,2,12;12,1,true,false,true,true,0.2268328210002437,
cip,VS194,VS194:local:1,planar_bond,supplied_support,8,8,8,2,4;4,2,true,true,false,true,0.028223359000548953,
cip,VS194,VS194:local:2,planar_bond,supplied_support,8,8,8,2,4;4,2,true,true,false,true,0.028506807000667322,
cip,VS195,VS195:local:0,tetrahedral,supplied_support,24,24,24,2,12;12,1,true,false,true,true,0.17221687500023108,
cip,VS195,VS195:local:1,planar_bond,supplied_support,8,8,8,2,4;4,2,true,true,false,true,0.021082504000332847,
cip,VS195,VS195:local:2,planar_bond,supplied_support,8,8,8,2,4;4,2,true,true,false,true,0.03201891600019735,
cip,VS196,VS196:local:0,tetrahedral,supplied_support,24,24,24,2,12;12,1,true,false,true,true,0.17773188800038042,
cip,VS196,VS196:local:1,tetrahedral,supplied_support,24,24,24,2,12;12,1,true,false,true,true,0.16413697300049535,
cip,VS196,VS196:local:2,tetrahedral,supplied_support,24,24,24,2,12;12,1,true,false,true,true,0.17594743500012555,
cip,VS196,VS196:local:3,tetrahedral,supplied_support,24,24,24,2,12;12,1,true,false,true,true,0.163700222999978,
cip,VS196,VS196:local:4,tetrahedral,supplied_support,24,24,24,2,12;12,1,true,false,true,true,0.16312035999999352,
cip,VS196,VS196:local:5,tetrahedral,supplied_support,24,24,24,2,12;12,1,true,false,true,true,0.1768044660002488,
cip,VS197,VS197:local:0,tetrahedral,supplied_support,24,24,24,2,12;12,1,true,false,true,true,0.16976792000059504,
cip,VS197,VS197:local:1,tetrahedral,supplied_support,24,24,24,2,12;12,1,true,false,true,true,0.1668060609999884,
cip,VS197,VS197:local:2,tetrahedral,supplied_support,24,24,24,2,12;12,1,true,false,true,true,0.16670184299982793,
cip,VS197,VS197:local:3,tetrahedral,supplied_support,24,24,24,2,12;12,1,true,false,true,true,0.16647107599965238,
cip,VS197,VS197:local:4,tetrahedral,supplied_support,24,24,24,2,12;12,1,true,false,true,true,0.16706988800069666,
cip,VS197,VS197:local:5,tetrahedral,supplied_support,24,24,24,2,12;12,1,true,false,true,true,0.17973686099958286,
cip,VS198,VS198:local:0,tetrahedral,supplied_support,24,24,24,2,12;12,2,true,true,false,true,0.4699828349994277,
cip,VS198,VS198:local:1,tetrahedral,supplied_support,24,24,24,2,12;12,2,true,true,false,true,0.4911028510005053,
cip,VS198,VS198:local:2,tetrahedral,supplied_support,24,24,24,2,12;12,2,true,true,false,true,0.4735901719996036,
cip,VS198,VS198:local:3,tetrahedral,supplied_support,24,24,24,2,12;12,2,true,true,false,true,0.4858989910007949,
cip,VS198,VS198:local:4,tetrahedral,supplied_support,24,24,24,2,12;12,2,true,true,false,true,0.5011640029997579,
cip,VS198,VS198:local:5,tetrahedral,supplied_support,24,24,24,2,12;12,2,true,true,false,true,0.47603199599961954,
cip,VS198,VS198:local:6,tetrahedral,supplied_support,24,24,24,2,12;12,2,true,true,false,true,0.49811422400034644,
cip,VS198,VS198:local:7,tetrahedral,supplied_support,24,24,24,2,12;12,2,true,true,false,true,0.46470077200046944,
cip,VS198,VS198:local:8,tetrahedral,supplied_support,24,24,24,2,12;12,2,true,true,false,true,0.47560946799967496,
cip,VS198,VS198:local:9,tetrahedral,supplied_support,24,24,24,2,12;12,2,true,true,false,true,0.4906616079997548,
cip,VS198,VS198:local:10,tetrahedral,supplied_support,24,24,24,2,12;12,1,true,false,true,true,0.977578583999275,
cip,VS198,VS198:local:11,tetrahedral,supplied_support,24,24,24,2,12;12,2,true,true,false,true,0.464781265000056,
cip,VS198,VS198:local:12,tetrahedral,supplied_support,24,24,24,2,12;12,2,true,true,false,true,0.49815907900028833,
cip,VS199,VS199:local:0,tetrahedral,supplied_support,24,24,24,2,12;12,2,true,true,false,true,0.1194004959997983,
cip,VS199,VS199:local:1,tetrahedral,supplied_support,24,24,24,2,12;12,2,true,true,false,true,0.11969744399993942,
cip,VS199,VS199:local:2,tetrahedral,supplied_support,24,24,24,2,12;12,1,true,false,true,true,0.20372957799918368,
cip,VS199,VS199:local:3,tetrahedral,supplied_support,24,24,24,2,12;12,2,true,true,false,true,0.11934793599994009,
cip,VS199,VS199:local:4,tetrahedral,supplied_support,24,24,24,2,12;12,2,true,true,false,true,0.12208935299986479,
cip,VS200,VS200:local:0,tetrahedral,supplied_support,24,24,24,2,12;12,2,true,true,false,true,0.12014525900031003,
cip,VS200,VS200:local:1,tetrahedral,supplied_support,24,24,24,2,12;12,2,true,true,false,true,0.13053241400029947,
cip,VS200,VS200:local:2,tetrahedral,supplied_support,24,24,24,2,12;12,1,true,false,true,true,0.19375517700063938,
cip,VS200,VS200:local:3,tetrahedral,supplied_support,24,24,24,2,12;12,2,true,true,false,true,0.12958154899934016,
cip,VS200,VS200:local:4,tetrahedral,supplied_support,24,24,24,2,12;12,2,true,true,false,true,0.12073863400019036,
cip,VS201,VS201:local:0,tetrahedral,supplied_support,24,24,24,2,12;12,2,true,true,false,true,0.12323165700036043,
cip,VS201,VS201:local:1,tetrahedral,supplied_support,24,24,24,2,12;12,2,true,true,false,true,0.12237020699922141,
cip,VS201,VS201:local:2,tetrahedral,supplied_support,24,24,24,2,12;12,1,true,false,true,true,0.20974998300061998,
cip,VS201,VS201:local:3,tetrahedral,supplied_support,24,24,24,2,12;12,2,true,true,false,true,0.1223250189996179,
cip,VS201,VS201:local:4,tetrahedral,supplied_support,24,24,24,2,12;12,2,true,true,false,true,0.13627133299996785,
cip,VS202,VS202:local:0,tetrahedral,supplied_support,24,24,24,2,12;12,2,true,true,false,true,0.16012671099997533,
cip,VS202,VS202:local:1,tetrahedral,supplied_support,24,24,24,2,12;12,2,true,true,false,true,0.14877944799991383,
cip,VS202,VS202:local:2,tetrahedral,supplied_support,24,24,24,2,12;12,1,true,false,true,true,0.2523363359996438,
cip,VS202,VS202:local:3,tetrahedral,supplied_support,24,24,24,2,12;12,2,true,true,false,true,0.14942692400018132,
cip,VS202,VS202:local:4,tetrahedral,supplied_support,24,24,24,2,12;12,2,true,true,false,true,0.1492261100001997,
cip,VS203,VS203:local:0,tetrahedral,supplied_support,24,24,24,2,12;12,2,true,true,false,true,0.252201272000093,
cip,VS203,VS203:local:1,tetrahedral,supplied_support,24,24,24,2,12;12,2,true,true,false,true,0.2158896579994689,
cip,VS203,VS203:local:2,tetrahedral,supplied_support,24,24,24,2,12;12,2,true,true,false,true,0.2528540349994728,
cip,VS203,VS203:local:3,tetrahedral,supplied_support,24,24,24,2,12;12,2,true,true,false,true,0.25258902399946237,
cip,VS203,VS203:local:4,tetrahedral,supplied_support,24,24,24,2,12;12,2,true,true,false,true,0.21819129799951043,
cip,VS203,VS203:local:5,tetrahedral,supplied_support,24,24,24,2,12;12,2,true,true,false,true,0.2516338020004696,
cip,VS203,VS203:local:6,tetrahedral,supplied_support,24,24,24,2,12;12,2,true,true,false,true,0.21716978499989636,
cip,VS203,VS203:local:7,tetrahedral,confirmed,24,24,24,2,12;12,2,true,true,false,true,0.1843017970004439,
cip,VS203,VS203:local:8,tetrahedral,supplied_support,24,24,24,2,12;12,1,true,false,true,true,0.27255734100072004,
cip,VS203,VS203:local:9,tetrahedral,confirmed,24,24,24,2,12;12,2,true,true,false,true,0.17336008599977504,
cip,VS203,VS203:local:10,tetrahedral,supplied_support,24,24,24,2,12;12,2,true,true,false,true,0.22952138100026787,
cip,VS204,VS204:local:0,tetrahedral,supplied_support,24,24,24,2,12;12,2,true,true,false,true,0.25808443000005354,
cip,VS204,VS204:local:1,tetrahedral,supplied_support,24,24,24,2,12;12,2,true,true,false,true,0.23476888599998347,
cip,VS204,VS204:local:2,tetrahedral,supplied_support,24,24,24,2,12;12,2,true,true,false,true,0.2606053099998462,
cip,VS204,VS204:local:3,tetrahedral,supplied_support,24,24,24,2,12;12,2,true,true,false,true,0.24657329599995137,
cip,VS204,VS204:local:4,tetrahedral,supplied_support,24,24,24,2,12;12,2,true,true,false,true,0.23181194100016,
cip,VS204,VS204:local:5,tetrahedral,supplied_support,24,24,24,2,12;12,2,true,true,false,true,0.24561558999994304,
cip,VS204,VS204:local:6,tetrahedral,supplied_support,24,24,24,2,12;12,2,true,true,false,true,0.22281941800065397,
cip,VS204,VS204:local:7,tetrahedral,confirmed,24,24,24,2,12;12,2,true,true,false,true,0.19004106600004889,
cip,VS204,VS204:local:8,tetrahedral,supplied_support,24,24,24,2,12;12,1,true,false,true,true,0.2674123779997899,
cip,VS204,VS204:local:9,tetrahedral,confirmed,24,24,24,2,12;12,2,true,true,false,true,0.17653444600000512,
cip,VS204,VS204:local:10,tetrahedral,supplied_support,24,24,24,2,12;12,2,true,true,false,true,0.2316451140004574,
cip,VS205,VS205:local:0,tetrahedral,supplied_support,24,24,24,2,12;12,1,true,false,true,true,0.25982824100083235,
cip,VS205,VS205:local:1,tetrahedral,supplied_support,24,24,24,2,12;12,1,true,false,true,true,0.2489832840001327,
cip,VS205,VS205:local:2,tetrahedral,supplied_support,24,24,24,2,12;12,1,true,false,true,true,0.26241385899993475,
cip,VS205,VS205:local:3,tetrahedral,supplied_support,24,24,24,2,12;12,1,true,false,true,true,0.26405107000027783,
cip,VS205,VS205:local:4,tetrahedral,supplied_support,24,24,24,2,12;12,1,true,false,true,true,0.24885898499996983,
cip,VS205,VS205:local:5,tetrahedral,supplied_support,24,24,24,2,12;12,1,true,false,true,true,0.24925945599989063,
cip,VS206,VS206:local:0,tetrahedral,supplied_support,24,24,24,2,12;12,1,true,false,true,true,0.18909817899930204,
cip,VS206,VS206:local:1,tetrahedral,supplied_support,24,24,24,2,12;12,1,true,false,true,true,0.20122396499937167,
cip,VS206,VS206:local:2,tetrahedral,supplied_support,24,24,24,2,12;12,1,true,false,true,true,0.1873888079999233,
cip,VS206,VS206:local:3,tetrahedral,supplied_support,24,24,24,2,12;12,1,true,false,true,true,0.20419230299921765,
cip,VS207,VS207:local:0,tetrahedral,supplied_support,24,24,24,2,12;12,1,true,false,true,true,0.2591550619999907,
cip,VS207,VS207:local:1,tetrahedral,supplied_support,24,24,24,2,12;12,1,true,false,true,true,0.24905605300045863,
cip,VS207,VS207:local:2,tetrahedral,supplied_support,24,24,24,2,12;12,1,true,false,true,true,0.26164882500052045,
cip,VS207,VS207:local:3,tetrahedral,supplied_support,24,24,24,2,12;12,1,true,false,true,true,0.24777844399977766,
cip,VS208,VS208:local:0,tetrahedral,supplied_support,24,24,24,2,12;12,1,true,false,true,true,0.7837195370002519,
cip,VS208,VS208:local:1,tetrahedral,supplied_support,24,24,24,2,12;12,1,true,false,true,true,0.796529178000128,
cip,VS208,VS208:local:2,tetrahedral,supplied_support,24,24,24,2,12;12,1,true,false,true,true,0.8009283669998695,
cip,VS208,VS208:local:3,tetrahedral,supplied_support,24,24,24,2,12;12,1,true,false,true,true,0.7851674430003186,
cip,VS209,VS209:local:0,tetrahedral,supplied_support,24,24,24,2,12;12,1,true,false,true,true,0.1655187960004696,
cip,VS209,VS209:local:1,tetrahedral,supplied_support,24,24,24,2,12;12,1,true,false,true,true,0.1649720499999603,
cip,VS209,VS209:local:2,tetrahedral,supplied_support,24,24,24,2,12;12,1,true,false,true,true,0.17538084699936007,
cip,VS209,VS209:local:3,tetrahedral,supplied_support,24,24,24,2,12;12,1,true,false,true,true,0.1647104159992523,
cip,VS209,VS209:local:4,tetrahedral,supplied_support,24,24,24,2,12;12,1,true,false,true,true,0.16471735600043758,
cip,VS209,VS209:local:5,tetrahedral,supplied_support,24,24,24,2,12;12,1,true,false,true,true,0.16481858899987856,
cip,VS210,VS210:local:0,tetrahedral,supplied_support,24,24,24,2,12;12,1,true,false,true,true,0.16701513299994986,
cip,VS210,VS210:local:1,tetrahedral,supplied_support,24,24,24,2,12;12,1,true,false,true,true,0.16619467599957716,
cip,VS210,VS210:local:2,tetrahedral,supplied_support,24,24,24,2,12;12,1,true,false,true,true,0.1765170009994108,
cip,VS210,VS210:local:3,tetrahedral,supplied_support,24,24,24,2,12;12,1,true,false,true,true,0.16622803599966574,
cip,VS210,VS210:local:4,tetrahedral,supplied_support,24,24,24,2,12;12,1,true,false,true,true,0.16653662200042163,
cip,VS210,VS210:local:5,tetrahedral,supplied_support,24,24,24,2,12;12,1,true,false,true,true,0.16576640800030873,
cip,VS211,VS211:local:0,tetrahedral,supplied_support,24,24,24,2,12;12,1,true,false,true,true,0.1884896990004563,
cip,VS211,VS211:local:1,tetrahedral,supplied_support,24,24,24,2,12;12,1,true,false,true,true,0.1963239300002897,
cip,VS212,VS212:local:0,tetrahedral,supplied_support,24,24,24,2,12;12,1,true,false,true,true,0.193906992999473,
cip,VS212,VS212:local:1,tetrahedral,supplied_support,24,24,24,2,12;12,1,true,false,true,true,0.18927755700042326,
cip,VS213,VS213:local:0,tetrahedral,supplied_support,24,24,24,2,12;12,1,true,false,true,true,0.14930773400010366,
cip,VS213,VS213:local:1,tetrahedral,supplied_support,24,24,24,2,12;12,1,true,false,true,true,0.15745770200010156,
cip,VS214,VS214:local:0,planar_bond,confirmed,8,8,8,2,4;4,1,true,false,true,true,0.06201983699975244,
cip,VS215,VS215:local:0,tetrahedral,supplied_support,24,24,24,2,12;12,2,true,true,false,true,0.12693416199999774,
cip,VS215,VS215:local:1,tetrahedral,supplied_support,24,24,24,2,12;12,2,true,true,false,true,0.12890062000042235,
cip,VS216,VS216:local:0,tetrahedral,supplied_support,24,24,24,2,12;12,2,true,true,false,true,0.12832004400024744,
cip,VS216,VS216:local:1,tetrahedral,supplied_support,24,24,24,2,12;12,2,true,true,false,true,0.12917325999933382,
cip,VS217,VS217:local:0,tetrahedral,supplied_support,24,24,24,2,12;12,2,true,true,false,true,0.14982122899982642,
cip,VS217,VS217:local:1,tetrahedral,supplied_support,24,24,24,2,12;12,2,true,true,false,true,0.13854815699960454,
cip,VS218,VS218:local:0,tetrahedral,supplied_support,24,24,24,2,12;12,2,true,true,false,true,0.15295744100058073,
cip,VS218,VS218:local:1,tetrahedral,supplied_support,24,24,24,2,12;12,2,true,true,false,true,0.15243565299988404,
cip,VS219,VS219:local:0,tetrahedral,supplied_support,24,24,24,2,12;12,1,true,false,true,true,0.1347687239995139,
cip,VS219,VS219:local:1,tetrahedral,supplied_support,24,24,24,2,12;12,1,true,false,true,true,0.12235730500015052,
cip,VS220,VS220:local:0,tetrahedral,supplied_support,24,24,24,2,12;12,1,true,false,true,true,0.28082300599999144,
cip,VS220,VS220:local:1,tetrahedral,supplied_support,24,24,24,2,12;12,1,true,false,true,true,0.2728191569995033,
cip,VS220,VS220:local:2,tetrahedral,supplied_support,24,24,24,2,12;12,1,true,false,true,true,0.28154564400028903,
cip,VS220,VS220:local:3,tetrahedral,supplied_support,24,24,24,2,12;12,1,true,false,true,true,0.3204609470003561,
cip,VS221,VS221:local:0,tetrahedral,supplied_support,24,24,24,2,12;12,1,true,false,true,true,0.1460419439999896,
cip,VS221,VS221:local:1,tetrahedral,supplied_support,24,24,24,2,12;12,1,true,false,true,true,0.15799858599984873,
cip,VS222,VS222:local:0,tetrahedral,supplied_support,24,24,24,2,12;12,1,true,false,true,true,0.14321748200018192,
cip,VS222,VS222:local:1,tetrahedral,supplied_support,24,24,24,2,12;12,1,true,false,true,true,0.14335198500066326,
cip,VS223,VS223:local:0,tetrahedral,supplied_support,24,24,24,2,12;12,1,true,false,true,true,0.4568992280001112,
cip,VS223,VS223:local:1,tetrahedral,supplied_support,24,24,24,2,12;12,1,true,false,true,true,0.44662793899988174,
cip,VS223,VS223:local:2,tetrahedral,supplied_support,24,24,24,2,12;12,1,true,false,true,true,0.4623241079998479,
cip,VS223,VS223:local:3,tetrahedral,supplied_support,24,24,24,2,12;12,1,true,false,true,true,0.43680466000023443,
cip,VS224,VS224:local:0,tetrahedral,supplied_support,24,24,24,2,12;12,1,true,false,true,true,0.35737352700016345,
cip,VS224,VS224:local:1,tetrahedral,supplied_support,24,24,24,2,12;12,1,true,false,true,true,0.3350751690004472,
cip,VS224,VS224:local:2,tetrahedral,supplied_support,24,24,24,2,12;12,1,true,false,true,true,0.3456101840001793,
cip,VS224,VS224:local:3,tetrahedral,supplied_support,24,24,24,2,12;12,1,true,false,true,true,0.34494974500012177,
cip,VS225,VS225:local:0,tetrahedral,supplied_support,24,24,24,2,12;12,1,true,false,true,true,0.20639608599958592,
cip,VS225,VS225:local:1,tetrahedral,supplied_support,24,24,24,2,12;12,1,true,false,true,true,0.2179842319992531,
cip,VS226,VS226:local:0,tetrahedral,supplied_support,24,24,24,2,12;12,1,true,false,true,true,0.9793394830003308,
cip,VS226,VS226:local:1,tetrahedral,supplied_support,24,24,24,2,12;12,1,true,false,true,true,1.0533537219998834,
cip,VS226,VS226:local:2,tetrahedral,supplied_support,24,24,24,2,12;12,1,true,false,true,true,0.9825335429995903,
cip,VS226,VS226:local:3,tetrahedral,supplied_support,24,24,24,2,12;12,1,true,false,true,true,1.0618086490003407,
cip,VS226,VS226:local:4,tetrahedral,supplied_support,24,24,24,2,12;12,1,true,false,true,true,1.081852866999725,
cip,VS226,VS226:local:5,tetrahedral,supplied_support,24,24,24,2,12;12,1,true,false,true,true,0.9708000439995885,
cip,VS226,VS226:local:6,tetrahedral,supplied_support,24,24,24,2,12;12,1,true,false,true,true,1.073079518000668,
cip,VS226,VS226:local:7,tetrahedral,supplied_support,24,24,24,2,12;12,1,true,false,true,true,0.9721212100002958,
cip,VS227,VS227:local:0,tetrahedral,supplied_support,24,24,24,2,12;12,2,true,true,false,true,0.10441443800027628,
cip,VS227,VS227:local:1,tetrahedral,supplied_support,24,24,24,2,12;12,1,true,false,true,true,0.16478658899995935,
cip,VS227,VS227:local:2,tetrahedral,supplied_support,24,24,24,2,12;12,2,true,true,false,true,0.10430247000022064,
cip,VS228,VS228:local:0,tetrahedral,supplied_support,24,24,24,2,12;12,2,true,true,false,true,0.10394450900002994,
cip,VS228,VS228:local:1,tetrahedral,supplied_support,24,24,24,2,12;12,1,true,false,true,true,0.16487753499950486,
cip,VS228,VS228:local:2,tetrahedral,supplied_support,24,24,24,2,12;12,2,true,true,false,true,0.1152619370004686,
cip,VS229,VS229:local:0,tetrahedral,supplied_support,24,24,24,2,12;12,2,true,true,false,true,0.10630084500007797,
cip,VS229,VS229:local:1,tetrahedral,supplied_support,24,24,24,2,12;12,2,true,true,false,true,0.09496464899984858,
cip,VS229,VS229:local:2,planar_bond,supplied_support,8,8,8,2,4;4,1,true,false,true,true,0.02684106300057465,
cip,VS230,VS230:local:0,tetrahedral,supplied_support,24,24,24,2,12;12,2,true,true,false,true,0.09314770700075314,
cip,VS230,VS230:local:1,tetrahedral,supplied_support,24,24,24,2,12;12,2,true,true,false,true,0.09333209499982331,
cip,VS230,VS230:local:2,tetrahedral,supplied_support,24,24,24,2,12;12,1,true,false,true,true,0.15128669699970487,
cip,VS231,VS231:local:0,cumulene_axis,symmetry_related,8,8,8,2,4;4,1,true,false,true,true,0.031904794000183756,
cip,VS232,VS232:local:0,cumulene_axis,symmetry_related,8,8,8,2,4;4,1,true,false,true,true,0.03363379299935332,
cip,VS232,VS232:local:1,cumulene_axis,symmetry_related,8,8,8,2,4;4,1,true,false,true,true,0.032802728000206116,
cip,VS233,VS233:local:0,tetrahedral,supplied_support,24,24,24,2,12;12,2,true,true,false,true,0.7089085269999487,
cip,VS233,VS233:local:1,tetrahedral,supplied_support,24,24,24,2,12;12,2,true,true,false,true,0.7018923839996205,
cip,VS233,VS233:local:2,tetrahedral,supplied_support,24,24,24,2,12;12,1,true,false,true,true,1.8475683920005395,
cip,VS233,VS233:local:3,tetrahedral,supplied_support,24,24,24,2,12;12,2,true,true,false,true,0.7120685109994156,
cip,VS233,VS233:local:4,tetrahedral,supplied_support,24,24,24,2,12;12,2,true,true,false,true,1.0414212149999003,
cip,VS233,VS233:local:5,tetrahedral,supplied_support,24,24,24,2,12;12,2,true,true,false,true,0.710872198999823,
cip,VS233,VS233:local:6,tetrahedral,supplied_support,24,24,24,2,12;12,2,true,true,false,true,0.7139916699998139,
cip,VS233,VS233:local:7,tetrahedral,supplied_support,24,24,24,2,12;12,1,true,false,true,true,0.6889482039996437,
cip,VS233,VS233:local:8,tetrahedral,supplied_support,24,24,24,2,12;12,2,true,true,false,true,1.0364699470001142,
cip,VS233,VS233:local:9,tetrahedral,supplied_support,24,24,24,2,12;12,1,true,false,true,true,0.6847940879997623,
cip,VS233,VS233:local:10,tetrahedral,supplied_support,24,24,24,2,12;12,2,true,true,false,true,0.7140890040000158,
cip,VS233,VS233:local:11,tetrahedral,supplied_support,24,24,24,2,12;12,2,true,true,false,true,0.7149199320001571,
cip,VS233,VS233:local:12,tetrahedral,supplied_support,24,24,24,2,12;12,2,true,true,false,true,1.0427193180003087,
cip,VS233,VS233:local:13,tetrahedral,supplied_support,24,24,24,2,12;12,2,true,true,false,true,0.7203331489999982,
cip,VS233,VS233:local:14,tetrahedral,supplied_support,24,24,24,2,12;12,2,true,true,false,true,1.0351959420004277,
cip,VS234,VS234:local:0,tetrahedral,supplied_support,24,24,24,2,12;12,2,true,true,false,true,0.156807719000426,
cip,VS234,VS234:local:1,tetrahedral,supplied_support,24,24,24,2,12;12,1,true,false,true,true,0.22948524700041162,
cip,VS234,VS234:local:2,tetrahedral,supplied_support,24,24,24,2,12;12,2,true,true,false,true,0.1534101200004443,
cip,VS235,VS235:local:0,tetrahedral,supplied_support,24,24,24,2,12;12,2,true,true,false,true,0.20590618599999289,
cip,VS235,VS235:local:1,tetrahedral,supplied_support,24,24,24,2,12;12,2,true,true,false,true,0.15438828700007434,
cip,VS235,VS235:local:2,tetrahedral,supplied_support,24,24,24,2,12;12,1,true,false,true,true,0.23461192000013398,
cip,VS235,VS235:local:3,tetrahedral,supplied_support,24,24,24,2,12;12,2,true,true,false,true,0.1614077569993242,
cip,VS236,VS236:local:0,tetrahedral,supplied_support,24,24,24,2,12;12,2,true,true,false,true,0.09289835100025812,
cip,VS236,VS236:local:1,tetrahedral,supplied_support,24,24,24,2,12;12,1,true,false,true,true,0.13540212800035079,
cip,VS236,VS236:local:2,tetrahedral,supplied_support,24,24,24,2,12;12,2,true,true,false,true,0.09299750100035453,
cip,VS237,VS237:local:0,tetrahedral,supplied_support,24,24,24,2,12;12,2,true,true,false,true,0.0997734960001253,
cip,VS237,VS237:local:1,tetrahedral,supplied_support,24,24,24,2,12;12,1,true,false,true,true,0.15539602900025784,
cip,VS237,VS237:local:2,tetrahedral,supplied_support,24,24,24,2,12;12,2,true,true,false,true,0.08840642200084403,
cip,VS238,VS238:local:0,tetrahedral,supplied_support,24,24,24,2,12;12,1,true,false,true,true,0.15821119500014902,
cip,VS238,VS238:local:1,tetrahedral,supplied_support,24,24,24,2,12;12,2,true,true,false,true,0.10490261399991141,
cip,VS238,VS238:local:2,tetrahedral,supplied_support,24,24,24,2,12;12,2,true,true,false,true,0.10743137899953581,
cip,VS239,VS239:local:0,tetrahedral,supplied_support,24,24,24,2,12;12,2,true,true,false,true,0.2116723950002779,
cip,VS239,VS239:local:1,tetrahedral,supplied_support,24,24,24,2,12;12,2,true,true,false,true,0.19008188599946152,
cip,VS239,VS239:local:2,tetrahedral,supplied_support,24,24,24,2,12;12,2,true,true,false,true,0.22202752999965014,
cip,VS239,VS239:local:3,tetrahedral,supplied_support,24,24,24,2,12;12,1,true,false,true,true,0.3002743009992628,
cip,VS239,VS239:local:4,tetrahedral,supplied_support,24,24,24,2,12;12,2,true,true,false,true,0.19043956400037132,
cip,VS239,VS239:local:5,tetrahedral,supplied_support,24,24,24,2,12;12,2,true,true,false,true,0.21120272300049692,
cip,VS239,VS239:local:6,tetrahedral,supplied_support,24,24,24,2,12;12,2,true,true,false,true,0.20202560600046127,
cip,VS239,VS239:local:7,tetrahedral,supplied_support,24,24,24,2,12;12,2,true,true,false,true,0.21088804800001526,
cip,VS239,VS239:local:8,tetrahedral,supplied_support,24,24,24,2,12;12,2,true,true,false,true,0.19860603500001162,
cip,VS240,VS240:local:0,tetrahedral,supplied_support,24,24,24,2,12;12,1,true,false,true,true,0.21612319099949673,
cip,VS240,VS240:local:1,tetrahedral,supplied_support,24,24,24,2,12;12,1,true,false,true,true,0.23221938899951056,
cip,VS240,VS240:local:2,planar_bond,supplied_support,8,8,8,2,4;4,2,true,true,false,true,0.02859468799942988,
cip,VS240,VS240:local:3,planar_bond,supplied_support,8,8,8,2,4;4,2,true,true,false,true,0.028420134999578295,
cip,VS241,VS241:local:0,tetrahedral,supplied_support,24,24,24,2,12;12,1,true,false,true,true,0.15688853800020297,
cip,VS241,VS241:local:1,tetrahedral,supplied_support,24,24,24,2,12;12,2,true,true,false,true,0.09846814400043513,
cip,VS241,VS241:local:2,tetrahedral,supplied_support,24,24,24,2,12;12,2,true,true,false,true,0.109199186999831,
cip,VS242,VS242:local:0,tetrahedral,supplied_support,24,24,24,2,12;12,1,true,false,true,true,0.8501054389998899,
cip,VS242,VS242:local:1,tetrahedral,supplied_support,24,24,24,2,12;12,2,true,true,false,true,0.8879248060002283,
cip,VS242,VS242:local:2,tetrahedral,supplied_support,24,24,24,2,12;12,2,true,true,false,true,0.9079002059997947,
cip,VS242,VS242:local:3,tetrahedral,supplied_support,24,24,24,2,12;12,2,true,true,false,true,0.9269333729998834,
cip,VS242,VS242:local:4,tetrahedral,supplied_support,24,24,24,2,12;12,2,true,true,false,true,0.8836797750000187,
cip,VS242,VS242:local:5,tetrahedral,supplied_support,24,24,24,2,12;12,2,true,true,false,true,0.9239126209995447,
cip,VS242,VS242:local:6,tetrahedral,supplied_support,24,24,24,2,12;12,1,true,false,true,true,2.0368134400005147,
cip,VS242,VS242:local:7,tetrahedral,supplied_support,24,24,24,2,12;12,1,true,false,true,true,0.8349819380000554,
cip,VS242,VS242:local:8,tetrahedral,supplied_support,24,24,24,2,12;12,2,true,true,false,true,0.8935893679999936,
cip,VS242,VS242:local:9,tetrahedral,supplied_support,24,24,24,2,12;12,2,true,true,false,true,0.9158238129994061,
cip,VS242,VS242:local:10,tetrahedral,supplied_support,24,24,24,2,12;12,2,true,true,false,true,0.8821201609998752,
cip,VS242,VS242:local:11,tetrahedral,supplied_support,24,24,24,2,12;12,2,true,true,false,true,0.9219697730004555,
cip,VS242,VS242:local:12,tetrahedral,supplied_support,24,24,24,2,12;12,2,true,true,false,true,0.8836308769996322,
cip,VS242,VS242:local:13,tetrahedral,supplied_support,24,24,24,2,12;12,1,true,false,true,true,0.8522855840001284,
cip,VS242,VS242:local:14,tetrahedral,supplied_support,24,24,24,2,12;12,2,true,true,false,true,0.8828802919997543,
cip,VS242,VS242:local:15,tetrahedral,supplied_support,24,24,24,2,12;12,2,true,true,false,true,0.9246296500004973,
cip,VS242,VS242:local:16,tetrahedral,supplied_support,24,24,24,2,12;12,2,true,true,false,true,0.8800497190004535,
cip,VS242,VS242:local:17,tetrahedral,supplied_support,24,24,24,2,12;12,2,true,true,false,true,0.9045493909998186,
cip,VS242,VS242:local:18,tetrahedral,supplied_support,24,24,24,2,12;12,1,true,false,true,true,0.846801976000279,
cip,VS242,VS242:local:19,tetrahedral,supplied_support,24,24,24,2,12;12,2,true,true,false,true,0.8669155509996926,
cip,VS242,VS242:local:20,tetrahedral,supplied_support,24,24,24,2,12;12,2,true,true,false,true,0.895689212000434,
cip,VS243,VS243:local:0,tetrahedral,supplied_support,24,24,24,2,12;12,2,true,true,false,true,0.11344600499978696,
cip,VS243,VS243:local:1,tetrahedral,supplied_support,24,24,24,2,12;12,2,true,true,false,true,0.10600351500033867,
cip,VS243,VS243:local:2,cumulene_axis,symmetry_related,8,8,8,2,4;4,1,true,false,true,true,0.037249647999487934,
cip,VS244,VS244:local:0,tetrahedral,supplied_support,24,24,24,2,12;12,2,true,true,false,true,0.14125768200028688,
cip,VS244,VS244:local:1,tetrahedral,supplied_support,24,24,24,2,12;12,2,true,true,false,true,0.13667078999969817,
cip,VS244,VS244:local:2,tetrahedral,supplied_support,24,24,24,2,12;12,1,true,false,true,true,0.18661365200023283,
cip,VS244,VS244:local:3,tetrahedral,supplied_support,24,24,24,2,12;12,2,true,true,false,true,0.1489901289996851,
cip,VS244,VS244:local:4,tetrahedral,supplied_support,24,24,24,2,12;12,2,true,true,false,true,0.1317804000000251,
cip,VS245,VS245:local:0,tetrahedral,supplied_support,24,24,24,2,12;12,2,true,true,false,true,0.1438459070004683,
cip,VS245,VS245:local:1,tetrahedral,supplied_support,24,24,24,2,12;12,2,true,true,false,true,0.13091411400000652,
cip,VS245,VS245:local:2,tetrahedral,supplied_support,24,24,24,2,12;12,2,true,true,false,true,0.13203725800030952,
cip,VS245,VS245:local:3,tetrahedral,supplied_support,24,24,24,2,12;12,2,true,true,false,true,0.14004946899967763,
cip,VS245,VS245:local:4,planar_bond,supplied_support,8,8,8,2,4;4,1,true,false,true,true,0.050915718999931414,
cip,VS246,VS246:local:0,planar_bond,confirmed,8,8,8,2,4;4,1,true,false,true,true,0.02984350299993821,
cip,VS247,VS247:local:0,planar_bond,confirmed,8,8,8,2,4;4,1,true,false,true,true,0.029532323000239558,
cip,VS248,VS248:local:0,planar_bond,confirmed,8,8,8,2,4;4,1,true,false,true,true,0.025813530999585055,
cip,VS249,VS249:local:0,tetrahedral,supplied_support,24,24,24,2,12;12,2,true,true,false,true,0.7503984540007878,
cip,VS249,VS249:local:1,tetrahedral,supplied_support,24,24,24,2,12;12,2,true,true,false,true,0.7412753899998279,
cip,VS249,VS249:local:2,tetrahedral,supplied_support,24,24,24,2,12;12,2,true,true,false,true,1.7698883920002118,
cip,VS249,VS249:local:3,tetrahedral,supplied_support,24,24,24,2,12;12,1,true,false,true,true,1.9274528310006644,
cip,VS249,VS249:local:4,tetrahedral,supplied_support,24,24,24,2,12;12,2,true,true,false,true,0.7401846849998037,
cip,VS249,VS249:local:5,tetrahedral,supplied_support,24,24,24,2,12;12,2,true,true,false,true,1.7809628069999235,
cip,VS249,VS249:local:6,tetrahedral,supplied_support,24,24,24,2,12;12,1,true,false,true,true,1.1606448120001005,
cip,VS249,VS249:local:7,tetrahedral,supplied_support,24,24,24,2,12;12,2,true,true,false,true,1.0917567639999106,
cip,VS249,VS249:local:8,tetrahedral,supplied_support,24,24,24,2,12;12,2,true,true,false,true,0.7373228980004569,
cip,VS249,VS249:local:9,tetrahedral,supplied_support,24,24,24,2,12;12,1,true,false,true,true,0.7134511929998553,
cip,VS249,VS249:local:10,tetrahedral,supplied_support,24,24,24,2,12;12,2,true,true,false,true,0.743499291000262,
cip,VS249,VS249:local:11,tetrahedral,supplied_support,24,24,24,2,12;12,2,true,true,false,true,1.082656163000138,
cip,VS249,VS249:local:12,tetrahedral,supplied_support,24,24,24,2,12;12,1,true,false,true,true,0.7136256980002145,
cip,VS249,VS249:local:13,tetrahedral,supplied_support,24,24,24,2,12;12,2,true,true,false,true,0.7491634589996465,
cip,VS249,VS249:local:14,tetrahedral,supplied_support,24,24,24,2,12;12,2,true,true,false,true,1.0764232299998184,
cip,VS249,VS249:local:15,tetrahedral,supplied_support,24,24,24,2,12;12,2,true,true,false,true,0.7554552640003749,
cip,VS249,VS249:local:16,tetrahedral,supplied_support,24,24,24,2,12;12,2,true,true,false,true,0.7500888599997779,
cip,VS249,VS249:local:17,tetrahedral,supplied_support,24,24,24,2,12;12,1,true,false,true,true,1.1653290610001932,
cip,VS249,VS249:local:18,tetrahedral,supplied_support,24,24,24,2,12;12,2,true,true,false,true,1.0877696699999433,
cip,VS250,VS250:local:0,tetrahedral,supplied_support,24,24,24,2,12;12,2,true,true,false,true,0.7279537960002926,
cip,VS250,VS250:local:1,tetrahedral,supplied_support,24,24,24,2,12;12,2,true,true,false,true,0.7286662440001237,
cip,VS250,VS250:local:2,tetrahedral,supplied_support,24,24,24,2,12;12,2,true,true,false,true,1.7446671759998935,
cip,VS250,VS250:local:3,tetrahedral,supplied_support,24,24,24,2,12;12,1,true,false,true,true,1.8932573259999117,
cip,VS250,VS250:local:4,tetrahedral,supplied_support,24,24,24,2,12;12,2,true,true,false,true,0.7272980620000453,
cip,VS250,VS250:local:5,tetrahedral,supplied_support,24,24,24,2,12;12,2,true,true,false,true,1.7540380659993389,
cip,VS250,VS250:local:6,tetrahedral,supplied_support,24,24,24,2,12;12,1,true,false,true,true,1.143794980000166,
cip,VS250,VS250:local:7,tetrahedral,supplied_support,24,24,24,2,12;12,2,true,true,false,true,1.0593484070004706,
cip,VS250,VS250:local:8,tetrahedral,supplied_support,24,24,24,2,12;12,2,true,true,false,true,0.7288272120003967,
cip,VS250,VS250:local:9,tetrahedral,supplied_support,24,24,24,2,12;12,1,true,false,true,true,0.6943859089997204,
cip,VS250,VS250:local:10,tetrahedral,supplied_support,24,24,24,2,12;12,2,true,true,false,true,0.7300038699995639,
cip,VS250,VS250:local:11,tetrahedral,supplied_support,24,24,24,2,12;12,2,true,true,false,true,1.0634331230003227,
cip,VS250,VS250:local:12,tetrahedral,supplied_support,24,24,24,2,12;12,1,true,false,true,true,0.6975184309994802,
cip,VS250,VS250:local:13,tetrahedral,supplied_support,24,24,24,2,12;12,2,true,true,false,true,0.7278187490001073,
cip,VS250,VS250:local:14,tetrahedral,supplied_support,24,24,24,2,12;12,2,true,true,false,true,1.0578839319996405,
cip,VS250,VS250:local:15,tetrahedral,supplied_support,24,24,24,2,12;12,2,true,true,false,true,0.7280967099995905,
cip,VS250,VS250:local:16,tetrahedral,supplied_support,24,24,24,2,12;12,2,true,true,false,true,0.7299619550003627,
cip,VS250,VS250:local:17,tetrahedral,supplied_support,24,24,24,2,12;12,1,true,false,true,true,1.1448086079999484,
cip,VS250,VS250:local:18,tetrahedral,supplied_support,24,24,24,2,12;12,2,true,true,false,true,1.0611363759999222,
cip,VS251,VS251:local:0,tetrahedral,supplied_support,24,24,24,2,12;12,2,true,true,false,true,0.14028948099985428,
cip,VS251,VS251:local:1,tetrahedral,supplied_support,24,24,24,2,12;12,2,true,true,false,true,0.15179002399963792,
cip,VS251,VS251:local:2,tetrahedral,supplied_support,24,24,24,2,12;12,1,true,false,true,true,0.19599971500065294,
cip,VS251,VS251:local:3,tetrahedral,supplied_support,24,24,24,2,12;12,1,true,false,true,true,0.23875413600035245,
cip,VS251,VS251:local:4,tetrahedral,supplied_support,24,24,24,2,12;12,2,true,true,false,true,0.14016615300079138,
cip,VS251,VS251:local:5,tetrahedral,supplied_support,24,24,24,2,12;12,2,true,true,false,true,0.14098479799940833,
cip,VS252,VS252:local:0,tetrahedral,supplied_support,24,24,24,2,12;12,1,true,false,true,true,0.16808332100026746,
cip,VS252,VS252:local:1,tetrahedral,supplied_support,24,24,24,2,12;12,1,true,false,true,true,0.16721187600069243,
cip,VS252,VS252:local:2,tetrahedral,supplied_support,24,24,24,2,12;12,1,true,false,true,true,0.16681984299975738,
cip,VS252,VS252:local:3,tetrahedral,supplied_support,24,24,24,2,12;12,1,true,false,true,true,0.17971915599991917,
cip,VS253,VS253:local:0,tetrahedral,supplied_support,24,24,24,2,12;12,1,true,false,true,true,0.16529128799993487,
cip,VS253,VS253:local:1,tetrahedral,supplied_support,24,24,24,2,12;12,1,true,false,true,true,0.17567015800068475,
cip,VS253,VS253:local:2,tetrahedral,supplied_support,24,24,24,2,12;12,1,true,false,true,true,0.16413224700045248,
cip,VS253,VS253:local:3,tetrahedral,supplied_support,24,24,24,2,12;12,1,true,false,true,true,0.16536705899943627,
cip,VS253,VS253:local:4,tetrahedral,supplied_support,24,24,24,2,12;12,1,true,false,true,true,0.17607138200037298,
cip,VS253,VS253:local:5,tetrahedral,supplied_support,24,24,24,2,12;12,1,true,false,true,true,0.16455632599991077,
cip,VS254,VS254:local:0,tetrahedral,supplied_support,24,24,24,2,12;12,1,true,false,true,true,0.17584712600000785,
cip,VS254,VS254:local:1,tetrahedral,supplied_support,24,24,24,2,12;12,1,true,false,true,true,0.16502468300041073,
cip,VS254,VS254:local:2,tetrahedral,supplied_support,24,24,24,2,12;12,1,true,false,true,true,0.16533003299991833,
cip,VS254,VS254:local:3,tetrahedral,supplied_support,24,24,24,2,12;12,1,true,false,true,true,0.17632011700061412,
cip,VS254,VS254:local:4,tetrahedral,supplied_support,24,24,24,2,12;12,1,true,false,true,true,0.16451458299980004,
cip,VS254,VS254:local:5,tetrahedral,supplied_support,24,24,24,2,12;12,1,true,false,true,true,0.16328888400039432,
cip,VS255,VS255:local:0,tetrahedral,supplied_support,24,24,24,2,12;12,1,true,false,true,true,0.16854834000059782,
cip,VS255,VS255:local:1,tetrahedral,supplied_support,24,24,24,2,12;12,1,true,false,true,true,0.17972154900053283,
cip,VS255,VS255:local:2,tetrahedral,supplied_support,24,24,24,2,12;12,1,true,false,true,true,0.16822462199979782,
cip,VS255,VS255:local:3,tetrahedral,supplied_support,24,24,24,2,12;12,1,true,false,true,true,0.1689375170008134,
cip,VS255,VS255:local:4,tetrahedral,supplied_support,24,24,24,2,12;12,1,true,false,true,true,0.17927571699965483,
cip,VS255,VS255:local:5,tetrahedral,supplied_support,24,24,24,2,12;12,1,true,false,true,true,0.16794902600031492,
cip,VS256,VS256:local:0,tetrahedral,supplied_support,24,24,24,2,12;12,1,true,false,true,true,0.16745745400021406,
cip,VS256,VS256:local:1,tetrahedral,supplied_support,24,24,24,2,12;12,1,true,false,true,true,0.17906783299986273,
cip,VS256,VS256:local:2,tetrahedral,supplied_support,24,24,24,2,12;12,1,true,false,true,true,0.16570643199975166,
cip,VS256,VS256:local:3,tetrahedral,supplied_support,24,24,24,2,12;12,1,true,false,true,true,0.1776303940005164,
cip,VS257,VS257:local:0,tetrahedral,supplied_support,24,24,24,2,12;12,2,true,true,false,true,0.12060010900040652,
cip,VS257,VS257:local:1,tetrahedral,supplied_support,24,24,24,2,12;12,1,true,false,true,true,0.15220211499945435,
cip,VS257,VS257:local:2,tetrahedral,supplied_support,24,24,24,2,12;12,1,true,false,true,true,0.15351212099994882,
cip,VS258,VS258:local:0,tetrahedral,supplied_support,24,24,24,2,12;12,2,true,true,false,true,0.1307679810006448,
cip,VS258,VS258:local:1,tetrahedral,supplied_support,24,24,24,2,12;12,1,true,false,true,true,0.15082148100009363,
cip,VS258,VS258:local:2,tetrahedral,supplied_support,24,24,24,2,12;12,1,true,false,true,true,0.1491385720000835,
cip,VS259,VS259:local:0,tetrahedral,supplied_support,24,24,24,2,12;12,1,true,false,true,true,0.2806399089995466,
cip,VS259,VS259:local:1,tetrahedral,supplied_support,24,24,24,2,12;12,1,true,false,true,true,0.2907891300001211,
cip,VS259,VS259:local:2,tetrahedral,supplied_support,24,24,24,2,12;12,1,true,false,true,true,0.293053637000412,
cip,VS259,VS259:local:3,tetrahedral,supplied_support,24,24,24,2,12;12,2,true,true,false,true,0.29703301200061105,
cip,VS259,VS259:local:4,tetrahedral,supplied_support,24,24,24,2,12;12,1,true,false,true,true,0.28032163299940294,
cip,VS259,VS259:local:5,planar_bond,supplied_support,8,8,8,2,4;4,2,true,true,false,true,0.07519067700013693,
cip,VS260,VS260:local:0,tetrahedral,supplied_support,24,24,24,2,12;12,2,true,true,false,true,0.1438793249999435,
cip,VS260,VS260:local:1,tetrahedral,supplied_support,24,24,24,2,12;12,2,true,true,false,true,0.14186265199987247,
cip,VS260,VS260:local:2,tetrahedral,supplied_support,24,24,24,2,12;12,1,true,false,true,true,0.18003287600004114,
cip,VS260,VS260:local:3,tetrahedral,supplied_support,24,24,24,2,12;12,1,true,false,true,true,0.1689581159998852,
cip,VS260,VS260:local:4,tetrahedral,supplied_support,24,24,24,2,12;12,2,true,true,false,true,0.14323877800052287,
cip,VS261,VS261:local:0,tetrahedral,supplied_support,24,24,24,2,12;12,1,true,false,true,true,2.2415133550002793,
cip,VS261,VS261:local:1,tetrahedral,supplied_support,24,24,24,2,12;12,1,true,false,true,true,1.4463457870006096,
cip,VS261,VS261:local:2,tetrahedral,supplied_support,24,24,24,2,12;12,2,true,true,false,true,1.4943769250003243,
cip,VS261,VS261:local:3,tetrahedral,supplied_support,24,24,24,2,12;12,2,true,true,false,true,1.5086229219996312,
cip,VS261,VS261:local:4,tetrahedral,supplied_support,24,24,24,2,12;12,2,true,true,false,true,1.5166961770000853,
cip,VS261,VS261:local:5,tetrahedral,supplied_support,24,24,24,2,12;12,2,true,true,false,true,1.4634120729997449,
cip,VS261,VS261:local:6,tetrahedral,supplied_support,24,24,24,2,12;12,2,true,true,false,true,1.521352537999519,
cip,VS261,VS261:local:7,tetrahedral,supplied_support,24,24,24,2,12;12,1,true,false,true,true,2.6965314979997856,
cip,VS261,VS261:local:8,tetrahedral,supplied_support,24,24,24,2,12;12,1,true,false,true,true,2.22790966499997,
cip,VS261,VS261:local:9,tetrahedral,supplied_support,24,24,24,2,12;12,1,true,false,true,true,1.4393319490000067,
cip,VS261,VS261:local:10,tetrahedral,supplied_support,24,24,24,2,12;12,2,true,true,false,true,1.488964297000166,
cip,VS261,VS261:local:11,tetrahedral,supplied_support,24,24,24,2,12;12,2,true,true,false,true,1.507926543999929,
cip,VS261,VS261:local:12,tetrahedral,supplied_support,24,24,24,2,12;12,2,true,true,false,true,1.4923225610000372,
cip,VS261,VS261:local:13,tetrahedral,supplied_support,24,24,24,2,12;12,2,true,true,false,true,1.4856143409997458,
cip,VS261,VS261:local:14,tetrahedral,supplied_support,24,24,24,2,12;12,2,true,true,false,true,1.5191920249999384,
cip,VS261,VS261:local:15,tetrahedral,supplied_support,24,24,24,2,12;12,1,true,false,true,true,1.4646846659998118,
cip,VS261,VS261:local:16,tetrahedral,supplied_support,24,24,24,2,12;12,2,true,true,false,true,1.510623506000229,
cip,VS261,VS261:local:17,tetrahedral,supplied_support,24,24,24,2,12;12,2,true,true,false,true,1.5328723290003836,
cip,VS261,VS261:local:18,tetrahedral,supplied_support,24,24,24,2,12;12,2,true,true,false,true,1.511237548000281,
cip,VS261,VS261:local:19,tetrahedral,supplied_support,24,24,24,2,12;12,2,true,true,false,true,1.539320521999798,
cip,VS261,VS261:local:20,tetrahedral,supplied_support,24,24,24,2,12;12,2,true,true,false,true,2.6914945689995875,
cip,VS261,VS261:local:21,tetrahedral,supplied_support,24,24,24,2,12;12,1,true,false,true,true,1.4701977880004051,
cip,VS261,VS261:local:22,tetrahedral,supplied_support,24,24,24,2,12;12,2,true,true,false,true,2.635887800999626,
cip,VS261,VS261:local:23,tetrahedral,supplied_support,24,24,24,2,12;12,2,true,true,false,true,1.4268352090002736,
cip,VS261,VS261:local:24,tetrahedral,supplied_support,24,24,24,2,12;12,2,true,true,false,true,1.4569138500000918,
cip,VS262,VS262:local:0,tetrahedral,supplied_support,24,24,24,2,12;12,1,true,false,true,true,1.827381267000419,
cip,VS262,VS262:local:1,tetrahedral,supplied_support,24,24,24,2,12;12,2,true,true,false,true,1.0275805390001551,
cip,VS262,VS262:local:2,tetrahedral,supplied_support,24,24,24,2,12;12,2,true,true,false,true,0.7010102969998115,
cip,VS262,VS262:local:3,tetrahedral,supplied_support,24,24,24,2,12;12,1,true,false,true,true,0.6744661689999703,
cip,VS262,VS262:local:4,tetrahedral,supplied_support,24,24,24,2,12;12,2,true,true,false,true,0.7033529690006617,
cip,VS262,VS262:local:5,tetrahedral,supplied_support,24,24,24,2,12;12,2,true,true,false,true,0.7006731869996656,
cip,VS262,VS262:local:6,tetrahedral,supplied_support,24,24,24,2,12;12,2,true,true,false,true,1.0262644159993215,
cip,VS262,VS262:local:7,tetrahedral,supplied_support,24,24,24,2,12;12,2,true,true,false,true,0.7005452169996715,
cip,VS262,VS262:local:8,tetrahedral,supplied_support,24,24,24,2,12;12,2,true,true,false,true,0.7047796899996683,
cip,VS262,VS262:local:9,tetrahedral,supplied_support,24,24,24,2,12;12,2,true,true,false,true,1.0270088340002985,
cip,VS262,VS262:local:10,tetrahedral,supplied_support,24,24,24,2,12;12,1,true,false,true,true,0.6632944879993374,
cip,VS262,VS262:local:11,tetrahedral,supplied_support,24,24,24,2,12;12,2,true,true,false,true,0.6990877170001113,
cip,VS262,VS262:local:12,tetrahedral,supplied_support,24,24,24,2,12;12,2,true,true,false,true,0.7015258689998518,
cip,VS262,VS262:local:13,tetrahedral,supplied_support,24,24,24,2,12;12,2,true,true,false,true,0.7028677259995675,
cip,VS262,VS262:local:14,tetrahedral,supplied_support,24,24,24,2,12;12,2,true,true,false,true,1.0301266429996758,
cip,VS263,VS263:local:0,tetrahedral,supplied_support,24,24,24,2,12;12,1,true,false,true,true,2.197197712999696,
cip,VS263,VS263:local:1,tetrahedral,supplied_support,24,24,24,2,12;12,1,true,false,true,true,1.4249255549993904,
cip,VS263,VS263:local:2,tetrahedral,supplied_support,24,24,24,2,12;12,2,true,true,false,true,1.4675556049996885,
cip,VS263,VS263:local:3,tetrahedral,supplied_support,24,24,24,2,12;12,2,true,true,false,true,1.490727119999974,
cip,VS263,VS263:local:4,tetrahedral,supplied_support,24,24,24,2,12;12,2,true,true,false,true,1.4977922640000543,
cip,VS263,VS263:local:5,tetrahedral,supplied_support,24,24,24,2,12;12,2,true,true,false,true,1.4460320299995146,
cip,VS263,VS263:local:6,tetrahedral,supplied_support,24,24,24,2,12;12,2,true,true,false,true,1.4991701300004934,
cip,VS263,VS263:local:7,tetrahedral,supplied_support,24,24,24,2,12;12,1,true,false,true,true,2.6691951080001672,
cip,VS263,VS263:local:8,tetrahedral,supplied_support,24,24,24,2,12;12,1,true,false,true,true,2.1976386090000233,
cip,VS263,VS263:local:9,tetrahedral,supplied_support,24,24,24,2,12;12,1,true,false,true,true,1.4097795449997648,
cip,VS263,VS263:local:10,tetrahedral,supplied_support,24,24,24,2,12;12,2,true,true,false,true,1.45364205199985,
cip,VS263,VS263:local:11,tetrahedral,supplied_support,24,24,24,2,12;12,2,true,true,false,true,1.4774712409998756,
cip,VS263,VS263:local:12,tetrahedral,supplied_support,24,24,24,2,12;12,2,true,true,false,true,1.4608635169997797,
cip,VS263,VS263:local:13,tetrahedral,supplied_support,24,24,24,2,12;12,2,true,true,false,true,1.4417106619994229,
cip,VS263,VS263:local:14,tetrahedral,supplied_support,24,24,24,2,12;12,2,true,true,false,true,1.4561721620002572,
cip,VS263,VS263:local:15,tetrahedral,supplied_support,24,24,24,2,12;12,1,true,false,true,true,1.3776122159997612,
cip,VS263,VS263:local:16,tetrahedral,supplied_support,24,24,24,2,12;12,2,true,true,false,true,1.4282214089998888,
cip,VS263,VS263:local:17,tetrahedral,supplied_support,24,24,24,2,12;12,2,true,true,false,true,1.4382287359994734,
cip,VS263,VS263:local:18,tetrahedral,supplied_support,24,24,24,2,12;12,2,true,true,false,true,1.406668358999923,
cip,VS263,VS263:local:19,tetrahedral,supplied_support,24,24,24,2,12;12,2,true,true,false,true,1.4265225930002998,
cip,VS263,VS263:local:20,tetrahedral,supplied_support,24,24,24,2,12;12,2,true,true,false,true,2.518921761000456,
cip,VS263,VS263:local:21,tetrahedral,supplied_support,24,24,24,2,12;12,1,true,false,true,true,1.3687668069997017,
cip,VS263,VS263:local:22,tetrahedral,supplied_support,24,24,24,2,12;12,2,true,true,false,true,2.5511397170002965,
cip,VS263,VS263:local:23,tetrahedral,supplied_support,24,24,24,2,12;12,2,true,true,false,true,1.4234365560005244,
cip,VS263,VS263:local:24,tetrahedral,supplied_support,24,24,24,2,12;12,2,true,true,false,true,1.4488514619997659,
cip,VS264,VS264:local:0,tetrahedral,supplied_support,24,24,24,2,12;12,1,true,false,true,true,1.4144247030008046,
cip,VS264,VS264:local:1,tetrahedral,supplied_support,24,24,24,2,12;12,2,true,true,false,true,1.486000201999559,
cip,VS264,VS264:local:2,tetrahedral,supplied_support,24,24,24,2,12;12,2,true,true,false,true,1.508307510999657,
cip,VS264,VS264:local:3,tetrahedral,supplied_support,24,24,24,2,12;12,2,true,true,false,true,1.5001930430007633,
cip,VS264,VS264:local:4,tetrahedral,supplied_support,24,24,24,2,12;12,2,true,true,false,true,1.4832107089996498,
cip,VS264,VS264:local:5,tetrahedral,supplied_support,24,24,24,2,12;12,2,true,true,false,true,1.5037311169999157,
cip,VS264,VS264:local:6,tetrahedral,supplied_support,24,24,24,2,12;12,1,true,false,true,true,2.6888845439998477,
cip,VS264,VS264:local:7,tetrahedral,supplied_support,24,24,24,2,12;12,1,true,false,true,true,1.4485041439993438,
cip,VS264,VS264:local:8,tetrahedral,supplied_support,24,24,24,2,12;12,2,true,true,false,true,1.4702763850000338,
cip,VS264,VS264:local:9,tetrahedral,supplied_support,24,24,24,2,12;12,2,true,true,false,true,1.5074422340003366,
cip,VS264,VS264:local:10,tetrahedral,supplied_support,24,24,24,2,12;12,2,true,true,false,true,1.4810314900005324,
cip,VS264,VS264:local:11,tetrahedral,supplied_support,24,24,24,2,12;12,2,true,true,false,true,1.4683989180002754,
cip,VS264,VS264:local:12,tetrahedral,supplied_support,24,24,24,2,12;12,2,true,true,false,true,1.5160714619996725,
cip,VS264,VS264:local:13,tetrahedral,supplied_support,24,24,24,2,12;12,1,true,false,true,true,1.4374375679999503,
cip,VS264,VS264:local:14,tetrahedral,supplied_support,24,24,24,2,12;12,2,true,true,false,true,1.4848028870001144,
cip,VS264,VS264:local:15,tetrahedral,supplied_support,24,24,24,2,12;12,2,true,true,false,true,1.4947014079998553,
cip,VS264,VS264:local:16,tetrahedral,supplied_support,24,24,24,2,12;12,2,true,true,false,true,1.4790774980001515,
cip,VS264,VS264:local:17,tetrahedral,supplied_support,24,24,24,2,12;12,2,true,true,false,true,1.5030017280005268,
cip,VS264,VS264:local:18,tetrahedral,supplied_support,24,24,24,2,12;12,2,true,true,false,true,2.6462040680007703,
cip,VS264,VS264:local:19,tetrahedral,supplied_support,24,24,24,2,12;12,1,true,false,true,true,1.4386042090000046,
cip,VS264,VS264:local:20,tetrahedral,supplied_support,24,24,24,2,12;12,2,true,true,false,true,2.632555613000477,
cip,VS264,VS264:local:21,tetrahedral,supplied_support,24,24,24,2,12;12,2,true,true,false,true,1.4765302879995943,
cip,VS264,VS264:local:22,tetrahedral,supplied_support,24,24,24,2,12;12,2,true,true,false,true,1.4997049679996053,
cip,VS265,VS265:local:0,tetrahedral,supplied_support,24,24,24,2,12;12,1,true,false,true,true,1.5024893549998524,
cip,VS265,VS265:local:1,tetrahedral,supplied_support,24,24,24,2,12;12,1,true,false,true,true,0.918354936000469,
cip,VS265,VS265:local:2,tetrahedral,supplied_support,24,24,24,2,12;12,2,true,true,false,true,0.9621117579999918,
cip,VS265,VS265:local:3,tetrahedral,supplied_support,24,24,24,2,12;12,2,true,true,false,true,0.9844302609999431,
cip,VS265,VS265:local:4,tetrahedral,supplied_support,24,24,24,2,12;12,2,true,true,false,true,0.9940068870000687,
cip,VS265,VS265:local:5,tetrahedral,supplied_support,24,24,24,2,12;12,2,true,true,false,true,0.9510075130001496,
cip,VS265,VS265:local:6,tetrahedral,supplied_support,24,24,24,2,12;12,2,true,true,false,true,0.994564370000262,
cip,VS265,VS265:local:7,tetrahedral,supplied_support,24,24,24,2,12;12,1,true,false,true,true,2.3286219330002496,
cip,VS265,VS265:local:8,tetrahedral,supplied_support,24,24,24,2,12;12,1,true,false,true,true,1.5013439969998217,
cip,VS265,VS265:local:9,tetrahedral,supplied_support,24,24,24,2,12;12,1,true,false,true,true,0.9172222410006725,
cip,VS265,VS265:local:10,tetrahedral,supplied_support,24,24,24,2,12;12,2,true,true,false,true,0.9559394329999122,
cip,VS265,VS265:local:11,tetrahedral,supplied_support,24,24,24,2,12;12,2,true,true,false,true,0.9813295370004198,
cip,VS265,VS265:local:12,tetrahedral,supplied_support,24,24,24,2,12;12,2,true,true,false,true,0.9567192539998359,
cip,VS265,VS265:local:13,tetrahedral,supplied_support,24,24,24,2,12;12,2,true,true,false,true,0.9449814129993683,
cip,VS265,VS265:local:14,tetrahedral,supplied_support,24,24,24,2,12;12,2,true,true,false,true,0.9934630429997924,
cip,VS265,VS265:local:15,tetrahedral,supplied_support,24,24,24,2,12;12,1,true,false,true,true,0.9209250630001407,
cip,VS265,VS265:local:16,tetrahedral,supplied_support,24,24,24,2,12;12,2,true,true,false,true,0.9572996290007723,
cip,VS265,VS265:local:17,tetrahedral,supplied_support,24,24,24,2,12;12,2,true,true,false,true,0.9844388100000288,
cip,VS265,VS265:local:18,tetrahedral,supplied_support,24,24,24,2,12;12,2,true,true,false,true,0.9621091279996108,
cip,VS265,VS265:local:19,tetrahedral,supplied_support,24,24,24,2,12;12,2,true,true,false,true,0.9832001529994159,
cip,VS265,VS265:local:20,tetrahedral,supplied_support,24,24,24,2,12;12,1,true,false,true,true,0.9307523170000422,
cip,VS265,VS265:local:21,tetrahedral,supplied_support,24,24,24,2,12;12,2,true,true,false,true,2.4975745990004725,
cip,VS265,VS265:local:22,tetrahedral,supplied_support,24,24,24,2,12;12,2,true,true,false,true,0.9404260259998409,
cip,VS265,VS265:local:23,tetrahedral,supplied_support,24,24,24,2,12;12,2,true,true,false,true,0.9828345799996896,
cip,VS266,VS266:local:0,tetrahedral,supplied_support,24,24,24,2,12;12,1,true,false,true,true,0.9477547779997622,
cip,VS266,VS266:local:1,tetrahedral,supplied_support,24,24,24,2,12;12,2,true,true,false,true,0.9467827179996675,
cip,VS266,VS266:local:2,tetrahedral,supplied_support,24,24,24,2,12;12,2,true,true,false,true,0.9925251849999768,
cip,VS266,VS266:local:3,tetrahedral,supplied_support,24,24,24,2,12;12,2,true,true,false,true,0.98604685600003,
cip,VS266,VS266:local:4,tetrahedral,supplied_support,24,24,24,2,12;12,2,true,true,false,true,0.9607148199993389,
cip,VS266,VS266:local:5,tetrahedral,supplied_support,24,24,24,2,12;12,2,true,true,false,true,0.9853876739998668,
cip,VS266,VS266:local:6,tetrahedral,supplied_support,24,24,24,2,12;12,1,true,false,true,true,2.3390802889998668,
cip,VS266,VS266:local:7,tetrahedral,supplied_support,24,24,24,2,12;12,1,true,false,true,true,0.9077240880005775,
cip,VS266,VS266:local:8,tetrahedral,supplied_support,24,24,24,2,12;12,2,true,true,false,true,0.9615068729999621,
cip,VS266,VS266:local:9,tetrahedral,supplied_support,24,24,24,2,12;12,2,true,true,false,true,0.9821639069996309,
cip,VS266,VS266:local:10,tetrahedral,supplied_support,24,24,24,2,12;12,2,true,true,false,true,0.9626995159997023,
cip,VS266,VS266:local:11,tetrahedral,supplied_support,24,24,24,2,12;12,2,true,true,false,true,0.9486675819998709,
cip,VS266,VS266:local:12,tetrahedral,supplied_support,24,24,24,2,12;12,2,true,true,false,true,0.9926240579998193,
cip,VS266,VS266:local:13,tetrahedral,supplied_support,24,24,24,2,12;12,1,true,false,true,true,0.9374415299998873,
cip,VS266,VS266:local:14,tetrahedral,supplied_support,24,24,24,2,12;12,2,true,true,false,true,0.9841950439995344,
cip,VS266,VS266:local:15,tetrahedral,supplied_support,24,24,24,2,12;12,2,true,true,false,true,1.0078845610005374,
cip,VS266,VS266:local:16,tetrahedral,supplied_support,24,24,24,2,12;12,2,true,true,false,true,0.9817364669997914,
cip,VS266,VS266:local:17,tetrahedral,supplied_support,24,24,24,2,12;12,2,true,true,false,true,1.007947938000143,
cip,VS266,VS266:local:18,tetrahedral,supplied_support,24,24,24,2,12;12,1,true,false,true,true,0.9531405400002768,
cip,VS266,VS266:local:19,tetrahedral,supplied_support,24,24,24,2,12;12,2,true,true,false,true,2.6423548740003753,
cip,VS266,VS266:local:20,tetrahedral,supplied_support,24,24,24,2,12;12,2,true,true,false,true,0.9867166750000251,
cip,VS266,VS266:local:21,tetrahedral,supplied_support,24,24,24,2,12;12,2,true,true,false,true,1.004448691000107,
cip,VS267,VS267:local:0,tetrahedral,supplied_support,24,24,24,2,12;12,1,true,false,true,true,2.6278214459998708,
cip,VS267,VS267:local:1,tetrahedral,supplied_support,24,24,24,2,12;12,2,true,true,false,true,1.4571324589996948,
cip,VS267,VS267:local:2,tetrahedral,supplied_support,24,24,24,2,12;12,1,true,false,true,true,1.4029715560000113,
cip,VS267,VS267:local:3,tetrahedral,supplied_support,24,24,24,2,12;12,2,true,true,false,true,1.4259898909995172,
cip,VS267,VS267:local:4,tetrahedral,supplied_support,24,24,24,2,12;12,2,true,true,false,true,1.4637645940001676,
cip,VS267,VS267:local:5,tetrahedral,supplied_support,24,24,24,2,12;12,2,true,true,false,true,1.4315456539998195,
cip,VS267,VS267:local:6,tetrahedral,supplied_support,24,24,24,2,12;12,2,true,true,false,true,1.4773790159997588,
cip,VS267,VS267:local:7,tetrahedral,supplied_support,24,24,24,2,12;12,1,true,false,true,true,1.3905718260002686,
cip,VS267,VS267:local:8,tetrahedral,supplied_support,24,24,24,2,12;12,2,true,true,false,true,1.4396859290000066,
cip,VS267,VS267:local:9,tetrahedral,supplied_support,24,24,24,2,12;12,2,true,true,false,true,1.4559099440002683,
cip,VS267,VS267:local:10,tetrahedral,supplied_support,24,24,24,2,12;12,2,true,true,false,true,1.4336380369995823,
cip,VS267,VS267:local:11,tetrahedral,supplied_support,24,24,24,2,12;12,2,true,true,false,true,1.4275564499994289,
cip,VS267,VS267:local:12,tetrahedral,supplied_support,24,24,24,2,12;12,2,true,true,false,true,1.4737047850003364,
cip,VS267,VS267:local:13,tetrahedral,supplied_support,24,24,24,2,12;12,2,true,true,false,true,2.56825693600058,
cip,VS267,VS267:local:14,tetrahedral,supplied_support,24,24,24,2,12;12,2,true,true,false,true,2.6241269110005305,
cip,VS267,VS267:local:15,tetrahedral,supplied_support,24,24,24,2,12;12,1,true,false,true,true,1.4264575219995095,
cip,VS267,VS267:local:16,tetrahedral,supplied_support,24,24,24,2,12;12,2,true,true,false,true,1.461010721999628,
cip,VS267,VS267:local:17,tetrahedral,supplied_support,24,24,24,2,12;12,2,true,true,false,true,1.4850411690003966,
cip,VS267,VS267:local:18,tetrahedral,supplied_support,24,24,24,2,12;12,2,true,true,false,true,1.42182418900029,
cip,VS267,VS267:local:19,tetrahedral,supplied_support,24,24,24,2,12;12,2,true,true,false,true,1.3971047109998835,
cip,VS267,VS267:local:20,tetrahedral,supplied_support,24,24,24,2,12;12,1,true,false,true,true,1.4048974309998812,
cip,VS267,VS267:local:21,tetrahedral,supplied_support,24,24,24,2,12;12,2,true,true,false,true,1.4524015409997446,
cip,VS267,VS267:local:22,tetrahedral,supplied_support,24,24,24,2,12;12,2,true,true,false,true,1.48927159699997,
cip,VS268,VS268:local:0,tetrahedral,supplied_support,24,24,24,2,12;12,1,true,false,true,true,2.1822883400000137,
cip,VS268,VS268:local:1,tetrahedral,supplied_support,24,24,24,2,12;12,1,true,false,true,true,2.634976793000533,
cip,VS268,VS268:local:2,tetrahedral,supplied_support,24,24,24,2,12;12,1,true,false,true,true,2.165003637999689,
cip,VS268,VS268:local:3,tetrahedral,supplied_support,24,24,24,2,12;12,2,true,true,false,true,1.4811105609996957,
cip,VS268,VS268:local:4,tetrahedral,supplied_support,24,24,24,2,12;12,1,true,false,true,true,1.4113958459993228,
cip,VS268,VS268:local:5,tetrahedral,supplied_support,24,24,24,2,12;12,2,true,true,false,true,1.4573875460000636,
cip,VS268,VS268:local:6,tetrahedral,supplied_support,24,24,24,2,12;12,2,true,true,false,true,1.4839328589996512,
cip,VS268,VS268:local:7,tetrahedral,supplied_support,24,24,24,2,12;12,2,true,true,false,true,1.460600262999833,
cip,VS268,VS268:local:8,tetrahedral,supplied_support,24,24,24,2,12;12,2,true,true,false,true,1.4838278289998925,
cip,VS268,VS268:local:9,tetrahedral,supplied_support,24,24,24,2,12;12,1,true,false,true,true,1.4335456050002904,
cip,VS268,VS268:local:10,tetrahedral,supplied_support,24,24,24,2,12;12,2,true,true,false,true,1.4419081349997214,
cip,VS268,VS268:local:11,tetrahedral,supplied_support,24,24,24,2,12;12,2,true,true,false,true,1.485918049999782,
cip,VS268,VS268:local:12,tetrahedral,supplied_support,24,24,24,2,12;12,2,true,true,false,true,1.4436668890002693,
cip,VS268,VS268:local:13,tetrahedral,supplied_support,24,24,24,2,12;12,2,true,true,false,true,1.4313004740006363,
cip,VS268,VS268:local:14,tetrahedral,supplied_support,24,24,24,2,12;12,2,true,true,false,true,1.4617700610006068,
cip,VS268,VS268:local:15,tetrahedral,supplied_support,24,24,24,2,12;12,2,true,true,false,true,2.5877071089998935,
cip,VS268,VS268:local:16,tetrahedral,supplied_support,24,24,24,2,12;12,2,true,true,false,true,2.581670390999534,
cip,VS268,VS268:local:17,tetrahedral,supplied_support,24,24,24,2,12;12,1,true,false,true,true,1.423283291000189,
cip,VS268,VS268:local:18,tetrahedral,supplied_support,24,24,24,2,12;12,2,true,true,false,true,1.4320770790000097,
cip,VS268,VS268:local:19,tetrahedral,supplied_support,24,24,24,2,12;12,2,true,true,false,true,1.483618498999931,
cip,VS268,VS268:local:20,tetrahedral,supplied_support,24,24,24,2,12;12,2,true,true,false,true,1.4422181899999487,
cip,VS268,VS268:local:21,tetrahedral,supplied_support,24,24,24,2,12;12,2,true,true,false,true,1.480245343000206,
cip,VS268,VS268:local:22,tetrahedral,supplied_support,24,24,24,2,12;12,1,true,false,true,true,1.3677673510001114,
cip,VS268,VS268:local:23,tetrahedral,supplied_support,24,24,24,2,12;12,2,true,true,false,true,1.3882995580006536,
cip,VS268,VS268:local:24,tetrahedral,supplied_support,24,24,24,2,12;12,2,true,true,false,true,1.3991729419994954,
cip,VS269,VS269:local:0,tetrahedral,supplied_support,24,24,24,2,12;12,2,true,true,false,true,0.7366233519996968,
cip,VS269,VS269:local:1,tetrahedral,supplied_support,24,24,24,2,12;12,2,true,true,false,true,0.7538965280000411,
cip,VS269,VS269:local:2,tetrahedral,supplied_support,24,24,24,2,12;12,2,true,true,false,true,1.7993900769997708,
cip,VS269,VS269:local:3,tetrahedral,supplied_support,24,24,24,2,12;12,1,true,false,true,true,1.940740196000661,
cip,VS269,VS269:local:4,tetrahedral,supplied_support,24,24,24,2,12;12,2,true,true,false,true,0.746511207000367,
cip,VS269,VS269:local:5,tetrahedral,supplied_support,24,24,24,2,12;12,2,true,true,false,true,1.793104373999995,
cip,VS269,VS269:local:6,tetrahedral,supplied_support,24,24,24,2,12;12,1,true,false,true,true,1.1697850640002798,
cip,VS269,VS269:local:7,tetrahedral,supplied_support,24,24,24,2,12;12,2,true,true,false,true,1.0890915159998258,
cip,VS269,VS269:local:8,tetrahedral,supplied_support,24,24,24,2,12;12,2,true,true,false,true,0.7508224800003518,
cip,VS269,VS269:local:9,tetrahedral,supplied_support,24,24,24,2,12;12,1,true,false,true,true,0.7177976940001827,
cip,VS269,VS269:local:10,tetrahedral,supplied_support,24,24,24,2,12;12,2,true,true,false,true,0.7512884280004073,
cip,VS269,VS269:local:11,tetrahedral,supplied_support,24,24,24,2,12;12,2,true,true,false,true,1.090904048000084,
cip,VS269,VS269:local:12,tetrahedral,supplied_support,24,24,24,2,12;12,1,true,false,true,true,0.7209750250003708,
cip,VS269,VS269:local:13,tetrahedral,supplied_support,24,24,24,2,12;12,2,true,true,false,true,0.753274575999967,
cip,VS269,VS269:local:14,tetrahedral,supplied_support,24,24,24,2,12;12,2,true,true,false,true,1.0945192440003666,
cip,VS269,VS269:local:15,tetrahedral,supplied_support,24,24,24,2,12;12,2,true,true,false,true,0.7513728180001635,
cip,VS269,VS269:local:16,tetrahedral,supplied_support,24,24,24,2,12;12,2,true,true,false,true,0.7504908789996989,
cip,VS269,VS269:local:17,tetrahedral,supplied_support,24,24,24,2,12;12,1,true,false,true,true,1.1762421859993992,
cip,VS269,VS269:local:18,tetrahedral,supplied_support,24,24,24,2,12;12,2,true,true,false,true,1.0910299819997817,
cip,VS270,VS270:local:0,tetrahedral,supplied_support,24,24,24,2,12;12,2,true,true,false,true,0.7391172109992112,
cip,VS270,VS270:local:1,tetrahedral,supplied_support,24,24,24,2,12;12,2,true,true,false,true,0.7488623879999068,
cip,VS270,VS270:local:2,tetrahedral,supplied_support,24,24,24,2,12;12,2,true,true,false,true,1.7772085639999204,
cip,VS270,VS270:local:3,tetrahedral,supplied_support,24,24,24,2,12;12,1,true,false,true,true,1.9173625390003508,
cip,VS270,VS270:local:4,tetrahedral,supplied_support,24,24,24,2,12;12,2,true,true,false,true,0.74435999599973,
cip,VS270,VS270:local:5,tetrahedral,supplied_support,24,24,24,2,12;12,2,true,true,false,true,1.7713854260000517,
cip,VS270,VS270:local:6,tetrahedral,supplied_support,24,24,24,2,12;12,1,true,false,true,true,1.1610445589994924,
cip,VS270,VS270:local:7,tetrahedral,supplied_support,24,24,24,2,12;12,2,true,true,false,true,1.0801564379999036,
cip,VS270,VS270:local:8,tetrahedral,supplied_support,24,24,24,2,12;12,2,true,true,false,true,0.7438666219995866,
cip,VS270,VS270:local:9,tetrahedral,supplied_support,24,24,24,2,12;12,1,true,false,true,true,0.712822356000288,
cip,VS270,VS270:local:10,tetrahedral,supplied_support,24,24,24,2,12;12,2,true,true,false,true,0.7441823109993493,
cip,VS270,VS270:local:11,tetrahedral,supplied_support,24,24,24,2,12;12,2,true,true,false,true,1.0840683500000523,
cip,VS270,VS270:local:12,tetrahedral,supplied_support,24,24,24,2,12;12,1,true,false,true,true,0.7135440590000144,
cip,VS270,VS270:local:13,tetrahedral,supplied_support,24,24,24,2,12;12,2,true,true,false,true,0.7435408789997382,
cip,VS270,VS270:local:14,tetrahedral,supplied_support,24,24,24,2,12;12,2,true,true,false,true,1.081348187999538,
cip,VS270,VS270:local:15,tetrahedral,supplied_support,24,24,24,2,12;12,2,true,true,false,true,0.7423709559998315,
cip,VS270,VS270:local:16,tetrahedral,supplied_support,24,24,24,2,12;12,2,true,true,false,true,0.7393551739996838,
cip,VS270,VS270:local:17,tetrahedral,supplied_support,24,24,24,2,12;12,1,true,false,true,true,1.1620364000000336,
cip,VS270,VS270:local:18,tetrahedral,supplied_support,24,24,24,2,12;12,2,true,true,false,true,1.0822982850004337,
cip,VS271,VS271:local:0,tetrahedral,supplied_support,24,24,24,2,12;12,2,true,true,false,true,0.20198136999988492,
cip,VS271,VS271:local:1,tetrahedral,supplied_support,24,24,24,2,12;12,2,true,true,false,true,0.21148433800044586,
cip,VS271,VS271:local:2,tetrahedral,supplied_support,24,24,24,2,12;12,2,true,true,false,true,0.20184277099997416,
cip,VS271,VS271:local:3,tetrahedral,supplied_support,24,24,24,2,12;12,2,true,true,false,true,0.21158606200060603,
cip,VS271,VS271:local:4,tetrahedral,supplied_support,24,24,24,2,12;12,2,true,true,false,true,0.22470110799986287,
cip,VS271,VS271:local:5,tetrahedral,supplied_support,24,24,24,2,12;12,2,true,true,false,true,0.19048016300075687,
cip,VS271,VS271:local:6,tetrahedral,supplied_support,24,24,24,2,12;12,1,true,false,true,true,0.26327932799995324,
cip,VS271,VS271:local:7,tetrahedral,supplied_support,24,24,24,2,12;12,1,true,false,true,true,0.2998881569992591,
cip,VS271,VS271:local:8,tetrahedral,supplied_support,24,24,24,2,12;12,1,true,false,true,true,0.26447046199973556,
cip,VS271,VS271:local:9,tetrahedral,supplied_support,24,24,24,2,12;12,2,true,true,false,true,0.20198573099969508,
cip,VS271,VS271:local:10,tetrahedral,supplied_support,24,24,24,2,12;12,2,true,true,false,true,0.21146963000046526,
cip,VS272,VS272:local:0,tetrahedral,supplied_support,24,24,24,2,12;12,2,true,true,false,true,1.698466830000143,
cip,VS272,VS272:local:1,tetrahedral,supplied_support,24,24,24,2,12;12,2,true,true,false,true,1.1040440599999783,
cip,VS272,VS272:local:2,tetrahedral,supplied_support,24,24,24,2,12;12,2,true,true,false,true,1.1037507999999434,
cip,VS272,VS272:local:3,tetrahedral,supplied_support,24,24,24,2,12;12,2,true,true,false,true,1.1063836560006166,
cip,VS272,VS272:local:4,tetrahedral,supplied_support,24,24,24,2,12;12,2,true,true,false,true,1.7057945930000642,
cip,VS272,VS272:local:5,tetrahedral,supplied_support,24,24,24,2,12;12,1,true,false,true,true,1.0775512700001855,
cip,VS272,VS272:local:6,tetrahedral,supplied_support,24,24,24,2,12;12,2,true,true,false,true,1.1001895189992865,
cip,VS272,VS272:local:7,tetrahedral,supplied_support,24,24,24,2,12;12,2,true,true,false,true,1.1088270939999347,
cip,VS272,VS272:local:8,tetrahedral,supplied_support,24,24,24,2,12;12,1,true,false,true,true,1.8250166330008142,
cip,VS272,VS272:local:9,tetrahedral,supplied_support,24,24,24,2,12;12,1,true,false,true,true,1.0758980390000943,
cip,VS272,VS272:local:10,tetrahedral,supplied_support,24,24,24,2,12;12,2,true,true,false,true,1.6961406399996122,
cip,VS272,VS272:local:11,tetrahedral,supplied_support,24,24,24,2,12;12,2,true,true,false,true,1.102527420000115,
cip,VS272,VS272:local:12,tetrahedral,supplied_support,24,24,24,2,12;12,2,true,true,false,true,1.1055871090002256,
cip,VS272,VS272:local:13,tetrahedral,supplied_support,24,24,24,2,12;12,2,true,true,false,true,1.7032662980000168,
cip,VS272,VS272:local:14,tetrahedral,supplied_support,24,24,24,2,12;12,2,true,true,false,true,1.0865548550000312,
cip,VS272,VS272:local:15,tetrahedral,supplied_support,24,24,24,2,12;12,1,true,false,true,true,1.7935926159998417,
cip,VS272,VS272:local:16,planar_bond,supplied_support,8,8,8,2,4;4,1,true,false,true,true,0.4747245610005848,
cip,VS272,VS272:local:17,planar_bond,supplied_support,8,8,8,2,4;4,1,true,false,true,true,0.4611199259998102,
cip,VS273,VS273:local:0,tetrahedral,supplied_support,24,24,24,2,12;12,2,true,true,false,true,3.044834133999757,
cip,VS273,VS273:local:1,tetrahedral,supplied_support,24,24,24,2,12;12,1,true,false,true,true,3.03213475100074,
cip,VS273,VS273:local:2,tetrahedral,supplied_support,24,24,24,2,12;12,2,true,true,false,true,3.017700013000649,
cip,VS273,VS273:local:3,tetrahedral,supplied_support,24,24,24,2,12;12,2,true,true,false,true,3.0129960080003,
cip,VS273,VS273:local:4,tetrahedral,supplied_support,24,24,24,2,12;12,2,true,true,false,true,3.039255626999875,
cip,VS273,VS273:local:5,tetrahedral,supplied_support,24,24,24,2,12;12,1,true,false,true,true,3.0475514939998902,
cip,VS273,VS273:local:6,tetrahedral,supplied_support,24,24,24,2,12;12,2,true,true,false,true,3.0382453060001353,
cip,VS273,VS273:local:7,tetrahedral,supplied_support,24,24,24,2,12;12,2,true,true,false,true,2.9907034710004154,
cip,VS273,VS273:local:8,tetrahedral,supplied_support,24,24,24,2,12;12,1,true,false,true,true,2.963702989999547,
cip,VS273,VS273:local:9,tetrahedral,supplied_support,24,24,24,2,12;12,2,true,true,false,true,3.022251346000303,
cip,VS273,VS273:local:10,tetrahedral,supplied_support,24,24,24,2,12;12,2,true,true,false,true,3.025576158000149,
cip,VS273,VS273:local:11,tetrahedral,supplied_support,24,24,24,2,12;12,1,true,false,true,true,2.9122883959998944,
cip,VS273,VS273:local:12,tetrahedral,supplied_support,24,24,24,2,12;12,2,true,true,false,true,2.8061756809993312,
cip,VS273,VS273:local:13,tetrahedral,supplied_support,24,24,24,2,12;12,1,true,false,true,true,2.9048788500003866,
cip,VS273,VS273:local:14,tetrahedral,supplied_support,24,24,24,2,12;12,2,true,true,false,true,2.795900002000053,
cip,VS273,VS273:local:15,tetrahedral,supplied_support,24,24,24,2,12;12,2,true,true,false,true,2.8212469879999844,
cip,VS273,VS273:local:16,tetrahedral,supplied_support,24,24,24,2,12;12,1,true,false,true,true,2.990658144000008,
cip,VS273,VS273:local:17,tetrahedral,supplied_support,24,24,24,2,12;12,2,true,true,false,true,2.845339999999851,
cip,VS274,VS274:local:0,tetrahedral,supplied_support,24,24,24,2,12;12,2,true,true,false,true,2.959822953999719,
cip,VS274,VS274:local:1,tetrahedral,supplied_support,24,24,24,2,12;12,2,true,true,false,true,2.9987121220001427,
cip,VS274,VS274:local:2,tetrahedral,supplied_support,24,24,24,2,12;12,2,true,true,false,true,3.004882985000222,
cip,VS274,VS274:local:3,tetrahedral,supplied_support,24,24,24,2,12;12,2,true,true,false,true,3.0179069079995315,
cip,VS274,VS274:local:4,tetrahedral,supplied_support,24,24,24,2,12;12,1,true,false,true,true,3.0573480409993863,
cip,VS274,VS274:local:5,tetrahedral,supplied_support,24,24,24,2,12;12,2,true,true,false,true,2.9542040269998324,
cip,VS274,VS274:local:6,tetrahedral,supplied_support,24,24,24,2,12;12,2,true,true,false,true,3.057898748000298,
cip,VS274,VS274:local:7,tetrahedral,supplied_support,24,24,24,2,12;12,1,true,false,true,true,3.057263232999503,
cip,VS274,VS274:local:8,tetrahedral,supplied_support,24,24,24,2,12;12,1,true,false,true,true,3.058319699999629,
cip,VS274,VS274:local:9,tetrahedral,supplied_support,24,24,24,2,12;12,2,true,true,false,true,2.9273489429997426,
cip,VS274,VS274:local:10,tetrahedral,supplied_support,24,24,24,2,12;12,2,true,true,false,true,2.866360648000409,
cip,VS274,VS274:local:11,tetrahedral,supplied_support,24,24,24,2,12;12,2,true,true,false,true,2.835689557000478,
cip,VS274,VS274:local:12,tetrahedral,supplied_support,24,24,24,2,12;12,1,true,false,true,true,2.9668275200001517,
cip,VS274,VS274:local:13,tetrahedral,supplied_support,24,24,24,2,12;12,2,true,true,false,true,2.8347988770001393,
cip,VS274,VS274:local:14,tetrahedral,supplied_support,24,24,24,2,12;12,2,true,true,false,true,2.9021706200001063,
cip,VS274,VS274:local:15,tetrahedral,supplied_support,24,24,24,2,12;12,1,true,false,true,true,3.269850120999763,
cip,VS274,VS274:local:16,tetrahedral,supplied_support,24,24,24,2,12;12,1,true,false,true,true,2.999790727999425,
cip,VS274,VS274:local:17,tetrahedral,supplied_support,24,24,24,2,12;12,1,true,false,true,true,2.871264178000274,
cip,VS274,VS274:local:18,tetrahedral,supplied_support,24,24,24,2,12;12,2,true,true,false,true,2.8701091000002634,
cip,VS275,VS275:local:0,tetrahedral,supplied_support,24,24,24,2,12;12,2,true,true,false,true,0.719477796999854,
cip,VS275,VS275:local:1,tetrahedral,supplied_support,24,24,24,2,12;12,2,true,true,false,true,0.7219731839995802,
cip,VS275,VS275:local:2,tetrahedral,supplied_support,24,24,24,2,12;12,2,true,true,false,true,1.7458430810002028,
cip,VS275,VS275:local:3,tetrahedral,supplied_support,24,24,24,2,12;12,1,true,false,true,true,1.8668329829997674,
cip,VS275,VS275:local:4,tetrahedral,supplied_support,24,24,24,2,12;12,2,true,true,false,true,0.7186724419998427,
cip,VS275,VS275:local:5,tetrahedral,supplied_support,24,24,24,2,12;12,2,true,true,false,true,1.7367286930002592,
cip,VS275,VS275:local:6,tetrahedral,supplied_support,24,24,24,2,12;12,1,true,false,true,true,1.1353317410003,
cip,VS275,VS275:local:7,tetrahedral,supplied_support,24,24,24,2,12;12,2,true,true,false,true,1.050556730999233,
cip,VS275,VS275:local:8,tetrahedral,supplied_support,24,24,24,2,12;12,1,true,false,true,true,0.6871134040002289,
cip,VS275,VS275:local:9,tetrahedral,supplied_support,24,24,24,2,12;12,2,true,true,false,true,0.7097946750000119,
cip,VS275,VS275:local:10,tetrahedral,supplied_support,24,24,24,2,12;12,1,true,false,true,true,0.6795220800004245,
cip,VS275,VS275:local:11,tetrahedral,supplied_support,24,24,24,2,12;12,2,true,true,false,true,0.7036874270006592,
cip,VS275,VS275:local:12,tetrahedral,supplied_support,24,24,24,2,12;12,2,true,true,false,true,1.0232484190000832,
cip,VS275,VS275:local:13,tetrahedral,supplied_support,24,24,24,2,12;12,1,true,false,true,true,0.6980642079997779,
cip,VS275,VS275:local:14,tetrahedral,supplied_support,24,24,24,2,12;12,2,true,true,false,true,0.7263046549996943,
cip,VS275,VS275:local:15,tetrahedral,supplied_support,24,24,24,2,12;12,2,true,true,false,true,1.0712547129996892,
cip,VS275,VS275:local:16,tetrahedral,supplied_support,24,24,24,2,12;12,2,true,true,false,true,0.7324744819998159,
cip,VS275,VS275:local:17,tetrahedral,supplied_support,24,24,24,2,12;12,2,true,true,false,true,0.7312613449994387,
cip,VS275,VS275:local:18,tetrahedral,supplied_support,24,24,24,2,12;12,1,true,false,true,true,1.1612032429993633,
cip,VS275,VS275:local:19,tetrahedral,supplied_support,24,24,24,2,12;12,2,true,true,false,true,1.072002547000011,
cip,VS275,VS275:local:20,tetrahedral,supplied_support,24,24,24,2,12;12,1,true,false,true,true,0.6997432420002951,
cip,VS276,VS276:local:0,tetrahedral,supplied_support,24,24,24,2,12;12,2,true,true,false,true,0.1416896849996192,
cip,VS276,VS276:local:1,tetrahedral,supplied_support,24,24,24,2,12;12,2,true,true,false,true,0.15320259300006,
cip,VS276,VS276:local:2,tetrahedral,supplied_support,24,24,24,2,12;12,1,true,false,true,true,0.19700203200045507,
cip,VS276,VS276:local:3,tetrahedral,supplied_support,24,24,24,2,12;12,1,true,false,true,true,0.24017197100056364,
cip,VS276,VS276:local:4,tetrahedral,supplied_support,24,24,24,2,12;12,1,true,false,true,true,0.19681049200062262,
cip,VS276,VS276:local:5,tetrahedral,supplied_support,24,24,24,2,12;12,2,true,true,false,true,0.14120587300021725,
cip,VS276,VS276:local:6,tetrahedral,supplied_support,24,24,24,2,12;12,2,true,true,false,true,0.15193372700014152,
cip,VS277,VS277:local:0,tetrahedral,supplied_support,24,24,24,2,12;12,2,true,true,false,true,0.7358774260001155,
cip,VS277,VS277:local:1,tetrahedral,supplied_support,24,24,24,2,12;12,2,true,true,false,true,0.7238136179994399,
cip,VS277,VS277:local:2,tetrahedral,supplied_support,24,24,24,2,12;12,2,true,true,false,true,1.7508905939994293,
cip,VS277,VS277:local:3,tetrahedral,supplied_support,24,24,24,2,12;12,1,true,false,true,true,1.8891076379995866,
cip,VS277,VS277:local:4,tetrahedral,supplied_support,24,24,24,2,12;12,2,true,true,false,true,0.7386425549993874,
cip,VS277,VS277:local:5,tetrahedral,supplied_support,24,24,24,2,12;12,2,true,true,false,true,1.7809015229995566,
cip,VS277,VS277:local:6,tetrahedral,supplied_support,24,24,24,2,12;12,1,true,false,true,true,1.1557684849994985,
cip,VS277,VS277:local:7,tetrahedral,supplied_support,24,24,24,2,12;12,2,true,true,false,true,1.0543813409994982,
cip,VS277,VS277:local:8,tetrahedral,supplied_support,24,24,24,2,12;12,2,true,true,false,true,0.735355208999863,
cip,VS277,VS277:local:9,tetrahedral,supplied_support,24,24,24,2,12;12,1,true,false,true,true,0.7044169580003654,
cip,VS277,VS277:local:10,tetrahedral,supplied_support,24,24,24,2,12;12,2,true,true,false,true,0.739163737999661,
cip,VS277,VS277:local:11,tetrahedral,supplied_support,24,24,24,2,12;12,2,true,true,false,true,1.0750965130000623,
cip,VS277,VS277:local:12,tetrahedral,supplied_support,24,24,24,2,12;12,1,true,false,true,true,0.7057296349994431,
cip,VS277,VS277:local:13,tetrahedral,supplied_support,24,24,24,2,12;12,2,true,true,false,true,0.7337268720002612,
cip,VS277,VS277:local:14,tetrahedral,supplied_support,24,24,24,2,12;12,2,true,true,false,true,1.0731299089993627,
cip,VS277,VS277:local:15,tetrahedral,supplied_support,24,24,24,2,12;12,2,true,true,false,true,0.7374422860002596,
cip,VS277,VS277:local:16,tetrahedral,supplied_support,24,24,24,2,12;12,2,true,true,false,true,0.7374002759997893,
cip,VS277,VS277:local:17,tetrahedral,supplied_support,24,24,24,2,12;12,1,true,false,true,true,1.1618330149995018,
cip,VS277,VS277:local:18,tetrahedral,supplied_support,24,24,24,2,12;12,2,true,true,false,true,1.0826666619996104,
cip,VS278,VS278:local:0,tetrahedral,supplied_support,24,24,24,2,12;12,2,true,true,false,true,0.7601672509999844,
cip,VS278,VS278:local:1,tetrahedral,supplied_support,24,24,24,2,12;12,2,true,true,false,true,0.7470886910004992,
cip,VS278,VS278:local:2,tetrahedral,supplied_support,24,24,24,2,12;12,2,true,true,false,true,1.799354747000507,
cip,VS278,VS278:local:3,tetrahedral,supplied_support,24,24,24,2,12;12,1,true,false,true,true,1.9256687500001135,
cip,VS278,VS278:local:4,tetrahedral,supplied_support,24,24,24,2,12;12,2,true,true,false,true,0.7373346490003314,
cip,VS278,VS278:local:5,tetrahedral,supplied_support,24,24,24,2,12;12,2,true,true,false,true,1.7522394409998014,
cip,VS278,VS278:local:6,tetrahedral,supplied_support,24,24,24,2,12;12,1,true,false,true,true,1.1676768879997326,
cip,VS278,VS278:local:7,tetrahedral,supplied_support,24,24,24,2,12;12,2,true,true,false,true,1.079792833999818,
cip,VS278,VS278:local:8,tetrahedral,supplied_support,24,24,24,2,12;12,1,true,false,true,true,0.7145453950006413,
cip,VS278,VS278:local:9,tetrahedral,supplied_support,24,24,24,2,12;12,2,true,true,false,true,0.7502983610002047,
cip,VS278,VS278:local:10,tetrahedral,supplied_support,24,24,24,2,12;12,1,true,false,true,true,0.7164249730003576,
cip,VS278,VS278:local:11,tetrahedral,supplied_support,24,24,24,2,12;12,2,true,true,false,true,0.7501210480004374,
cip,VS278,VS278:local:12,tetrahedral,supplied_support,24,24,24,2,12;12,2,true,true,false,true,1.0785839099999066,
cip,VS278,VS278:local:13,tetrahedral,supplied_support,24,24,24,2,12;12,1,true,false,true,true,0.7099388469996484,
cip,VS278,VS278:local:14,tetrahedral,supplied_support,24,24,24,2,12;12,2,true,true,false,true,0.7450177640002948,
cip,VS278,VS278:local:15,tetrahedral,supplied_support,24,24,24,2,12;12,2,true,true,false,true,1.0834719469994525,
cip,VS278,VS278:local:16,tetrahedral,supplied_support,24,24,24,2,12;12,2,true,true,false,true,0.7437751100005698,
cip,VS278,VS278:local:17,tetrahedral,supplied_support,24,24,24,2,12;12,2,true,true,false,true,0.7426307469995663,
cip,VS278,VS278:local:18,tetrahedral,supplied_support,24,24,24,2,12;12,1,true,false,true,true,1.165094439999848,
cip,VS278,VS278:local:19,tetrahedral,supplied_support,24,24,24,2,12;12,2,true,true,false,true,1.0633186429995476,
cip,VS278,VS278:local:20,tetrahedral,supplied_support,24,24,24,2,12;12,1,true,false,true,true,0.6944524259997706,
cip,VS279,VS279:local:0,tetrahedral,supplied_support,24,24,24,2,12;12,1,true,false,true,true,0.22013979600069433,
cip,VS279,VS279:local:1,tetrahedral,supplied_support,24,24,24,2,12;12,1,true,false,true,true,0.21040611100033857,
cip,VS279,VS279:local:2,tetrahedral,supplied_support,24,24,24,2,12;12,1,true,false,true,true,0.21982963800019206,
cip,VS279,VS279:local:3,tetrahedral,supplied_support,24,24,24,2,12;12,1,true,false,true,true,0.20077230599963514,
cip,VS280,VS280:local:0,tetrahedral,confirmed,24,24,24,2,12;12,2,true,true,false,true,0.2616592509994007,
cip,VS280,VS280:local:1,tetrahedral,confirmed,24,24,24,2,12;12,2,true,true,false,true,0.25127029700070125,
cip,VS280,VS280:local:2,tetrahedral,confirmed,24,24,24,2,12;12,2,true,true,false,true,0.25952519200018287,
cip,VS280,VS280:local:3,tetrahedral,confirmed,24,24,24,2,12;12,2,true,true,false,true,0.25122425700010353,
cip,VS280,VS280:local:4,tetrahedral,confirmed,24,24,24,2,12;12,2,true,true,false,true,0.2502369750000071,
cip,VS281,VS281:local:0,tetrahedral,confirmed,24,24,24,2,12;12,2,true,true,false,true,0.3539284720000069,
cip,VS282,VS282:local:0,tetrahedral,confirmed,24,24,24,2,12;12,2,true,true,false,true,0.34516627799985145,
cip,VS283,VS283:local:0,tetrahedral,confirmed,24,24,24,2,12;12,2,true,true,false,true,0.18693967200033512,
cip,VS284,VS284:local:0,tetrahedral,confirmed,24,24,24,2,12;12,2,true,true,false,true,0.19761711200044374,
cip,VS285,VS285:local:0,tetrahedral,confirmed,24,24,24,2,12;12,2,true,true,false,true,0.14286259599975892,
cip,VS285,VS285:local:1,tetrahedral,confirmed,24,24,24,2,12;12,2,true,true,false,true,0.16510667500006093,
cip,VS285,VS285:local:2,tetrahedral,confirmed,24,24,24,2,12;12,2,true,true,false,true,0.13127902099950006,
cip,VS286,VS286:local:0,tetrahedral,supplied_support,24,24,24,2,12;12,1,true,false,true,true,0.2283672920002573,
cip,VS286,VS286:local:1,tetrahedral,confirmed,24,24,24,2,12;12,2,true,true,false,true,0.3146562599995377,
cip,VS286,VS286:local:2,tetrahedral,supplied_support,24,24,24,2,12;12,1,true,false,true,true,0.23722918899966317,
cip,VS287,VS287:local:0,cumulene_axis,symmetry_related,8,8,8,2,4;4,1,true,false,true,true,0.10125113100002636,
cip,VS288,VS288:local:0,tetrahedral,confirmed,24,24,24,2,12;12,2,true,true,false,true,0.17065190100038308,
cip,VS289,VS289:local:0,tetrahedral,confirmed,24,24,24,2,12;12,2,true,true,false,true,0.17478227199990215,
cip,VS290,VS290:local:0,tetrahedral,confirmed,24,24,24,2,12;12,2,true,true,false,true,0.17309778099934192,
cip,VS291,VS291:local:0,tetrahedral,confirmed,24,24,24,2,12;12,2,true,true,false,true,0.15649793600005069,
cip,VS292,VS292:local:0,tetrahedral,confirmed,24,24,24,2,12;12,2,true,true,false,true,0.2918401750002886,
cip,VS293,VS293:local:0,tetrahedral,confirmed,24,24,24,2,12;12,2,true,true,false,true,0.20546264400036307,
cip,VS293,VS293:local:1,planar_bond,supplied_support,8,8,8,2,4;4,2,true,true,false,true,0.03510630199980369,
cip,VS293,VS293:local:2,planar_bond,supplied_support,8,8,8,2,4;4,2,true,true,false,true,0.0353637099997286,
cip,VS293,VS293:local:3,planar_bond,supplied_support,8,8,8,2,4;4,2,true,true,false,true,0.03531885299980786,
cip,VS294,VS294:local:0,tetrahedral,supplied_support,24,24,24,2,12;12,2,true,true,false,true,0.13144243600072514,
cip,VS294,VS294:local:1,tetrahedral,supplied_support,24,24,24,2,12;12,2,true,true,false,true,0.1427980270000262,
cip,VS294,VS294:local:2,tetrahedral,supplied_support,24,24,24,2,12;12,2,true,true,false,true,0.1313323300000775,
cip,VS294,VS294:local:3,tetrahedral,supplied_support,24,24,24,2,12;12,2,true,true,false,true,0.13132824399963283,
cip,VS295,VS295:local:0,tetrahedral,supplied_support,24,24,24,2,12;12,2,true,true,false,true,0.13423365699964052,
cip,VS295,VS295:local:1,tetrahedral,supplied_support,24,24,24,2,12;12,2,true,true,false,true,0.14537220100010018,
cip,VS295,VS295:local:2,tetrahedral,supplied_support,24,24,24,2,12;12,2,true,true,false,true,0.13348507800037623,
cip,VS295,VS295:local:3,tetrahedral,supplied_support,24,24,24,2,12;12,2,true,true,false,true,0.14503738600069482,
cip,VS296,VS296:local:0,tetrahedral,supplied_support,24,24,24,2,12;12,1,true,false,true,true,0.2523562189999211,
cip,VS296,VS296:local:1,tetrahedral,supplied_support,24,24,24,2,12;12,1,true,false,true,true,0.2638623259999804,
cip,VS297,VS297:local:0,tetrahedral,supplied_support,24,24,24,2,12;12,1,true,false,true,true,0.24921764400005486,
cip,VS297,VS297:local:1,tetrahedral,supplied_support,24,24,24,2,12;12,1,true,false,true,true,0.2567146210003557,
cip,VS298,VS298:local:0,tetrahedral,supplied_support,24,24,24,2,12;12,1,true,false,true,true,0.15250826600004075,
cip,VS298,VS298:local:1,tetrahedral,supplied_support,24,24,24,2,12;12,1,true,false,true,true,0.1523467309998523,
cip,VS299,VS299:local:0,planar_bond,confirmed,8,8,8,2,4;4,1,true,false,true,true,0.042441999000402575,
cip,VS299,VS299:local:1,planar_bond,confirmed,8,8,8,2,4;4,1,true,false,true,true,0.04227295300006517,
cip,VS300,VS300:local:0,tetrahedral,confirmed,24,24,24,2,12;12,2,true,true,false,true,0.35628794799958996,
cip,VS300,VS300:local:1,tetrahedral,confirmed,24,24,24,2,12;12,2,true,true,false,true,0.3515753780002342,
