source,record_id,carrier_id,family,carrier_status,raw_local_permutations_expected,raw_local_permutations_checked,canonicalizations_completed,theoretical_configuration_classes,theoretical_class_multiplicities,canonical_classes_observed,representation_invariance_passed,formal_class_separation_passed,global_symmetry_quotient,passed,seconds,issues
rota,RotA-0002,RotA-0002:local:0,atrop_bond,confirmed,8,8,8,2,4;4,1,true,false,true,true,0.055889242000375816,
rota,RotA-0003,RotA-0003:local:0,atrop_bond,confirmed,8,8,8,2,4;4,2,true,true,false,true,0.032953374000499025,
rota,RotA-0004,RotA-0004:local:0,atrop_bond,confirmed,8,8,8,2,4;4,2,true,true,false,true,0.03403871099999378,
rota,RotA-0005,RotA-0005:local:0,atrop_bond,confirmed,8,8,8,2,4;4,1,true,false,true,true,0.05963501099995483,
rota,RotA-0006,RotA-0006:local:0,atrop_bond,confirmed,8,8,8,2,4;4,1,true,false,true,true,0.0564593409999361,
rota,RotA-0007,RotA-0007:local:0,atrop_bond,confirmed,8,8,8,2,4;4,1,true,false,true,true,0.06509149900011835,
rota,RotA-0008,RotA-0008:local:0,atrop_bond,confirmed,8,8,8,2,4;4,1,true,false,true,true,0.05826675700063788,
rota,RotA-0009,RotA-0009:local:0,atrop_bond,confirmed,8,8,8,2,4;4,2,true,true,false,true,0.10825302700050088,
rota,RotA-0010,RotA-0010:local:0,atrop_bond,confirmed,8,8,8,2,4;4,2,true,true,false,true,0.06248961499932193,
rota,RotA-0011,RotA-0011:local:0,atrop_bond,confirmed,8,8,8,2,4;4,2,true,true,false,true,0.11197198500030936,
rota,RotA-0012,RotA-0012:local:0,atrop_bond,confirmed,8,8,8,2,4;4,2,true,true,false,true,0.18948199000078603,
rota,RotA-0013,RotA-0013:local:0,atrop_bond,confirmed,8,8,8,2,4;4,2,true,true,false,true,0.5662914619997537,
rota,RotA-0014,RotA-0014:local:0,atrop_bond,confirmed,8,8,8,2,4;4,1,true,false,true,true,0.6366549000003943,
rota,RotA-0015,RotA-0015:local:0,cumulene_axis,confirmed,8,8,8,2,4;4,2,true,true,false,true,0.04035586800000601,
rota,RotA-0015,RotA-0015:local:1,planar_bond,supplied_support,8,8,8,2,4;4,2,true,true,false,true,0.04046133599968016,
rota,RotA-0016,RotA-0016:local:0,cumulene_axis,confirmed,8,8,8,2,4;4,2,true,true,false,true,0.07261937099974602,
rota,RotA-0017,RotA-0017:local:0,cumulene_axis,confirmed,8,8,8,2,4;4,2,true,true,false,true,0.06326112900023872,
rota,RotA-0018,RotA-0018:local:0,cumulene_axis,confirmed,8,8,8,2,4;4,2,true,true,false,true,0.029464092000125675,
rota,RotA-0019,RotA-0019:local:0,cumulene_axis,confirmed,8,8,8,2,4;4,2,true,true,false,true,0.03143160899981012,
rota,RotA-0020,RotA-0020:local:0,cumulene_axis,confirmed,8,8,8,2,4;4,2,true,true,false,true,0.03014120300031209,
rota,RotA-0021,RotA-0021:local:0,cumulene_axis,confirmed,8,8,8,2,4;4,2,true,true,false,true,0.023419717000251694,
rota,RotA-0022,RotA-0022:local:0,cumulene_axis,confirmed,8,8,8,2,4;4,2,true,true,false,true,0.08192846900055883,
rota,RotA-0023,RotA-0023:local:0,cumulene_axis,confirmed,8,8,8,2,4;4,2,true,true,false,true,0.021681326000361878,
rota,RotA-0024,RotA-0024:local:0,cumulene_axis,confirmed,8,8,8,2,4;4,2,true,true,false,true,0.10352857200086873,
rota,RotA-0025,RotA-0025:local:0,cumulene_axis,confirmed,8,8,8,2,4;4,2,true,true,false,true,0.06572051700004522,
rota,RotA-0026,RotA-0026:local:0,cumulene_axis,confirmed,8,8,8,2,4;4,2,true,true,false,true,0.02829821399973298,
rota,RotA-0027,RotA-0027:local:0,atrop_bond,confirmed,8,8,8,2,4;4,1,true,false,true,true,0.043187987999772304,
rota,RotA-0028,RotA-0028:local:0,tetrahedral,confirmed,24,24,24,2,12;12,2,true,true,false,true,0.2079509519999192,
rota,RotA-0028,RotA-0028:local:1,tetrahedral,confirmed,24,24,24,2,12;12,2,true,true,false,true,0.19805658099994616,
rota,RotA-0028,RotA-0028:local:2,atrop_bond,confirmed,8,8,8,2,4;4,2,true,true,false,true,0.06750827300038509,
rota,RotA-0029,RotA-0029:local:0,tetrahedral,confirmed,24,24,24,2,12;12,2,true,true,false,true,0.20943036300013773,
rota,RotA-0029,RotA-0029:local:1,tetrahedral,confirmed,24,24,24,2,12;12,2,true,true,false,true,0.2110904049995952,
rota,RotA-0029,RotA-0029:local:2,atrop_bond,confirmed,8,8,8,2,4;4,2,true,true,false,true,0.07068355200044607,
rota,RotA-0030,RotA-0030:local:0,tetrahedral,confirmed,24,24,24,2,12;12,2,true,true,false,true,0.25347923899971647,
rota,RotA-0030,RotA-0030:local:1,atrop_bond,confirmed,8,8,8,2,4;4,2,true,true,false,true,0.05443501800073136,
rota,RotA-0031,RotA-0031:local:0,tetrahedral,confirmed,24,24,24,2,12;12,2,true,true,false,true,0.24485993000052986,
rota,RotA-0031,RotA-0031:local:1,atrop_bond,confirmed,8,8,8,2,4;4,2,true,true,false,true,0.05420382900047116,
rota,RotA-0032,RotA-0032:local:0,tetrahedral,confirmed,24,24,24,2,12;12,2,true,true,false,true,0.3335009410002385,
rota,RotA-0032,RotA-0032:local:1,tetrahedral,confirmed,24,24,24,2,12;12,2,true,true,false,true,0.3250254700005826,
rota,RotA-0032,RotA-0032:local:2,atrop_bond,confirmed,8,8,8,2,4;4,1,true,false,true,true,0.11332928100000572,
rota,RotA-0033,RotA-0033:local:0,tetrahedral,confirmed,24,24,24,2,12;12,2,true,true,false,true,0.29498750299990206,
rota,RotA-0033,RotA-0033:local:1,tetrahedral,confirmed,24,24,24,2,12;12,2,true,true,false,true,0.2905204759999833,
rota,RotA-0033,RotA-0033:local:2,atrop_bond,confirmed,8,8,8,2,4;4,1,true,false,true,true,0.08935366500008968,
rota,RotA-0034,RotA-0034:local:0,atrop_bond,confirmed,8,8,8,2,4;4,1,true,false,true,true,0.07723918699957721,
rota,RotA-0035,RotA-0035:local:0,atrop_bond,confirmed,8,8,8,2,4;4,1,true,false,true,true,0.07127116700030456,
rota,RotA-0036,RotA-0036:local:0,atrop_bond,confirmed,8,8,8,2,4;4,1,true,false,true,true,0.07939940500000375,
rota,RotA-0037,RotA-0037:local:0,atrop_bond,confirmed,8,8,8,2,4;4,2,true,true,false,true,0.04208967100021255,
rota,RotA-0038,RotA-0038:local:0,atrop_bond,confirmed,8,8,8,2,4;4,2,true,true,false,true,0.043157511999197595,
rota,RotA-0039,RotA-0039:local:0,atrop_bond,confirmed,8,8,8,2,4;4,2,true,true,false,true,0.025599773999601894,
rota,RotA-0040,RotA-0040:local:0,atrop_bond,confirmed,8,8,8,2,4;4,2,true,true,false,true,0.030932226000004448,
rota,RotA-0041,RotA-0041:local:0,atrop_bond,confirmed,8,8,8,2,4;4,2,true,true,false,true,0.04262542000014946,
rota,RotA-0042,RotA-0042:local:0,atrop_bond,confirmed,8,8,8,2,4;4,2,true,true,false,true,0.02564788700055942,
rota,RotA-0043,RotA-0043:local:0,atrop_bond,confirmed,8,8,8,2,4;4,2,true,true,false,true,0.02893628599940712,
rota,RotA-0044,RotA-0044:local:0,atrop_bond,confirmed,8,8,8,2,4;4,1,true,false,true,true,0.05750572899978579,
rota,RotA-0045,RotA-0045:local:0,atrop_bond,confirmed,8,8,8,2,4;4,2,true,true,false,true,0.02528085399990232,
rota,RotA-0046,RotA-0046:local:0,atrop_bond,confirmed,8,8,8,2,4;4,2,true,true,false,true,0.024692285999663,
rota,RotA-0047,RotA-0047:local:0,atrop_bond,confirmed,8,8,8,2,4;4,2,true,true,false,true,0.04799933300000703,
rota,RotA-0048,RotA-0048:local:0,atrop_bond,confirmed,8,8,8,2,4;4,2,true,true,false,true,0.04549936300008994,
rota,RotA-0049,RotA-0049:local:0,atrop_bond,confirmed,8,8,8,2,4;4,2,true,true,false,true,0.04227365000042482,
rota,RotA-0050,RotA-0050:local:0,atrop_bond,confirmed,8,8,8,2,4;4,2,true,true,false,true,0.024323188999915146,
rota,RotA-0051,RotA-0051:local:0,atrop_bond,confirmed,8,8,8,2,4;4,2,true,true,false,true,0.025028523999935715,
rota,RotA-0052,RotA-0052:local:0,atrop_bond,confirmed,8,8,8,2,4;4,1,true,false,true,true,0.0757362109998212,
rota,RotA-0053,RotA-0053:local:0,atrop_bond,confirmed,8,8,8,2,4;4,1,true,false,true,true,0.07551446599973133,
rota,RotA-0054,RotA-0054:local:0,atrop_bond,confirmed,8,8,8,2,4;4,1,true,false,true,true,0.059119352999914554,
rota,RotA-0055,RotA-0055:local:0,atrop_bond,confirmed,8,8,8,2,4;4,1,true,false,true,true,0.05872284499946545,
rota,RotA-0056,RotA-0056:local:0,atrop_bond,confirmed,8,8,8,2,4;4,1,true,false,true,true,0.0569523450003544,
rota,RotA-0057,RotA-0057:local:0,atrop_bond,confirmed,8,8,8,2,4;4,1,true,false,true,true,0.09177042999999685,
rota,RotA-0058,RotA-0058:local:0,atrop_bond,confirmed,8,8,8,2,4;4,1,true,false,true,true,0.09203452899964759,
rota,RotA-0059,RotA-0059:local:0,atrop_bond,confirmed,8,8,8,2,4;4,1,true,false,true,true,0.12465050399987376,
rota,RotA-0060,RotA-0060:local:0,atrop_bond,confirmed,8,8,8,2,4;4,1,true,false,true,true,0.10525386299923412,
rota,RotA-0061,RotA-0061:local:0,atrop_bond,confirmed,8,8,8,2,4;4,1,true,false,true,true,0.08842153000023245,
rota,RotA-0062,RotA-0062:local:0,atrop_bond,confirmed,8,8,8,2,4;4,1,true,false,true,true,0.06499533400074142,
rota,RotA-0063,RotA-0063:local:0,atrop_bond,confirmed,8,8,8,2,4;4,1,true,false,true,true,0.5085667719995399,
rota,RotA-0064,RotA-0064:local:0,atrop_bond,confirmed,8,8,8,2,4;4,2,true,true,false,true,0.028982795999581867,
rota,RotA-0065,RotA-0065:local:0,cumulene_axis,confirmed,8,8,8,2,4;4,2,true,true,false,true,1.1200465010006155,
rota,RotA-0066,RotA-0066:local:0,atrop_bond,confirmed,8,8,8,2,4;4,1,true,false,true,true,0.10055267500047194,
rota,RotA-0067,RotA-0067:local:0,atrop_bond,confirmed,8,8,8,2,4;4,1,true,false,true,true,0.11373077600001125,
rota,RotA-0068,RotA-0068:local:0,atrop_bond,confirmed,8,8,8,2,4;4,1,true,false,true,true,0.056958242999826325,
rota,RotA-0069,RotA-0069:local:0,atrop_bond,confirmed,8,8,8,2,4;4,1,true,false,true,true,0.040726616000029026,
rota,RotA-0070,RotA-0070:local:0,atrop_bond,confirmed,8,8,8,2,4;4,2,true,true,false,true,0.04936225799974636,
rota,RotA-0071,RotA-0071:local:0,planar_bond,supplied_support,8,8,8,2,4;4,2,true,true,false,true,0.0500869010002134,
rota,RotA-0071,RotA-0071:local:1,atrop_bond,confirmed,8,8,8,2,4;4,1,true,false,true,true,0.04056513199975598,
rota,RotA-0072,RotA-0072:local:0,planar_bond,supplied_support,8,8,8,2,4;4,2,true,true,false,true,0.03228856099940458,
rota,RotA-0072,RotA-0072:local:1,planar_bond,supplied_support,8,8,8,2,4;4,2,true,true,false,true,0.03306459199939127,
rota,RotA-0072,RotA-0072:local:2,atrop_bond,confirmed,8,8,8,2,4;4,1,true,false,true,true,0.040971905999867886,
rota,RotA-0073,RotA-0073:local:0,planar_bond,supplied_support,8,8,8,2,4;4,2,true,true,false,true,0.03274156499992387,
rota,RotA-0073,RotA-0073:local:1,atrop_bond,confirmed,8,8,8,2,4;4,2,true,true,false,true,0.034091800000169314,
rota,RotA-0074,RotA-0074:local:0,atrop_bond,confirmed,8,8,8,2,4;4,1,true,false,true,true,0.06968984300056036,
rota,RotA-0075,RotA-0075:local:0,atrop_bond,confirmed,8,8,8,2,4;4,2,true,true,false,true,0.051454194000143616,
rota,RotA-0076,RotA-0076:local:0,atrop_bond,symmetry_related,8,8,8,2,4;4,1,true,false,true,true,0.054268668000077014,
rota,RotA-0076,RotA-0076:local:1,atrop_bond,confirmed,8,8,8,2,4;4,2,true,true,false,true,0.04649159899963706,
rota,RotA-0076,RotA-0076:local:2,atrop_bond,confirmed,8,8,8,2,4;4,2,true,true,false,true,0.046213210000132676,
rota,RotA-0077,RotA-0077:local:0,atrop_bond,confirmed,8,8,8,2,4;4,2,true,true,false,true,0.04548629399960191,
rota,RotA-0077,RotA-0077:local:1,atrop_bond,confirmed,8,8,8,2,4;4,2,true,true,false,true,0.05074651599989011,
rota,RotA-0078,RotA-0078:local:0,atrop_bond,confirmed,8,8,8,2,4;4,2,true,true,false,true,0.044183228999827406,
rota,RotA-0078,RotA-0078:local:1,atrop_bond,confirmed,8,8,8,2,4;4,2,true,true,false,true,0.04257553399929748,
rota,RotA-0079,RotA-0079:local:0,atrop_bond,confirmed,8,8,8,2,4;4,2,true,true,false,true,0.04091791500013642,
rota,RotA-0079,RotA-0079:local:1,atrop_bond,confirmed,8,8,8,2,4;4,2,true,true,false,true,0.040789159999803815,
rota,RotA-0080,RotA-0080:local:0,atrop_bond,symmetry_related,8,8,8,2,4;4,1,true,false,true,true,0.05605825600014214,
rota,RotA-0080,RotA-0080:local:1,atrop_bond,confirmed,8,8,8,2,4;4,2,true,true,false,true,0.05082490400036477,
rota,RotA-0080,RotA-0080:local:2,atrop_bond,confirmed,8,8,8,2,4;4,2,true,true,false,true,0.04685895399961737,
rota,RotA-0081,RotA-0081:local:0,atrop_bond,confirmed,8,8,8,2,4;4,2,true,true,false,true,0.03971442000056413,
rota,RotA-0081,RotA-0081:local:1,atrop_bond,confirmed,8,8,8,2,4;4,2,true,true,false,true,0.03656557199974486,
rota,RotA-0082,RotA-0082:local:0,atrop_bond,confirmed,8,8,8,2,4;4,2,true,true,false,true,0.037941395999951055,
rota,RotA-0082,RotA-0082:local:1,atrop_bond,confirmed,8,8,8,2,4;4,2,true,true,false,true,0.05682762600008573,
rota,RotA-0083,RotA-0083:local:0,atrop_bond,confirmed,8,8,8,2,4;4,1,true,false,true,true,0.05268295699988812,
rota,RotA-0084,RotA-0084:local:0,atrop_bond,confirmed,8,8,8,2,4;4,2,true,true,false,true,0.051382175000071584,
rota,RotA-0084,RotA-0084:local:1,atrop_bond,confirmed,8,8,8,2,4;4,1,true,false,true,true,0.05836342199927458,
rota,RotA-0084,RotA-0084:local:2,atrop_bond,confirmed,8,8,8,2,4;4,2,true,true,false,true,0.03489844700015965,
rota,RotA-0085,RotA-0085:local:0,atrop_bond,confirmed,8,8,8,2,4;4,1,true,false,true,true,0.1383630930004074,
rota,RotA-0086,RotA-0086:local:0,atrop_bond,confirmed,8,8,8,2,4;4,1,true,false,true,true,0.12861190700004954,
rota,RotA-0087,RotA-0087:local:0,atrop_bond,confirmed,8,8,8,2,4;4,1,true,false,true,true,0.09327883599962661,
rota,RotA-0088,RotA-0088:local:0,atrop_bond,confirmed,8,8,8,2,4;4,1,true,false,true,true,0.05942955099999381,
rota,RotA-0089,RotA-0089:local:0,atrop_bond,confirmed,8,8,8,2,4;4,1,true,false,true,true,0.09163115100000141,
rota,RotA-0090,RotA-0090:local:0,atrop_bond,confirmed,8,8,8,2,4;4,1,true,false,true,true,0.1417366489995402,
rota,RotA-0091,RotA-0091:local:0,atrop_bond,confirmed,8,8,8,2,4;4,1,true,false,true,true,0.07629841800007853,
rota,RotA-0092,RotA-0092:local:0,atrop_bond,confirmed,8,8,8,2,4;4,1,true,false,true,true,0.07285488599973178,
rota,RotA-0093,RotA-0093:local:0,atrop_bond,confirmed,8,8,8,2,4;4,1,true,false,true,true,0.08508785300000454,
rota,RotA-0094,RotA-0094:local:0,atrop_bond,confirmed,8,8,8,2,4;4,1,true,false,true,true,0.07261028699940653,
rota,RotA-0095,RotA-0095:local:0,atrop_bond,confirmed,8,8,8,2,4;4,2,true,true,false,true,0.043069208000815706,
rota,RotA-0096,RotA-0096:local:0,cumulene_axis,confirmed,8,8,8,2,4;4,1,true,false,true,true,1.2287111989999175,
rota,RotA-0097,RotA-0097:local:0,atrop_bond,confirmed,8,8,8,2,4;4,2,true,true,false,true,0.052393599999959406,
rota,RotA-0098,RotA-0098:local:0,atrop_bond,confirmed,8,8,8,2,4;4,1,true,false,true,true,0.05539217100067617,
rota,RotA-0099,RotA-0099:local:0,atrop_bond,confirmed,8,8,8,2,4;4,1,true,false,true,true,0.07749357100055931,
rota,RotA-0100,RotA-0100:local:0,atrop_bond,confirmed,8,8,8,2,4;4,1,true,false,true,true,0.05651400399983686,
rota,RotA-0101,RotA-0101:local:0,atrop_bond,confirmed,8,8,8,2,4;4,1,true,false,true,true,0.053851337999731186,
rota,RotA-0102,RotA-0102:local:0,atrop_bond,confirmed,8,8,8,2,4;4,1,true,false,true,true,0.058702874000118754,
rota,RotA-0103,RotA-0103:local:0,atrop_bond,confirmed,8,8,8,2,4;4,2,true,true,false,true,0.0758490210000673,
rota,RotA-0104,RotA-0104:local:0,atrop_bond,confirmed,8,8,8,2,4;4,2,true,true,false,true,0.0526968569993187,
rota,RotA-0105,RotA-0105:local:0,atrop_bond,confirmed,8,8,8,2,4;4,2,true,true,false,true,0.06867515300018567,
rota,RotA-0106,RotA-0106:local:0,atrop_bond,confirmed,8,8,8,2,4;4,2,true,true,false,true,0.05283691799922963,
rota,RotA-0107,RotA-0107:local:0,atrop_bond,confirmed,8,8,8,2,4;4,1,true,false,true,true,0.08293386500008637,
rota,RotA-0108,RotA-0108:local:0,atrop_bond,confirmed,8,8,8,2,4;4,1,true,false,true,true,0.07890108300034626,
rota,RotA-0109,RotA-0109:local:0,atrop_bond,confirmed,8,8,8,2,4;4,2,true,true,false,true,0.05430696599978546,
rota,RotA-0110,RotA-0110:local:0,atrop_bond,confirmed,8,8,8,2,4;4,2,true,true,false,true,0.05250206399978197,
rota,RotA-0111,RotA-0111:local:0,atrop_bond,confirmed,8,8,8,2,4;4,2,true,true,false,true,0.06022696300078678,
rota,RotA-0112,RotA-0112:local:0,tetrahedral,confirmed,24,24,24,2,12;12,2,true,true,false,true,0.21271712799989473,
rota,RotA-0113,RotA-0113:local:0,tetrahedral,confirmed,24,24,24,2,12;12,2,true,true,false,true,0.2081358690002162,
rota,RotA-0113,RotA-0113:local:1,tetrahedral,confirmed,24,24,24,2,12;12,2,true,true,false,true,0.2124080599996887,
rota,RotA-0113,RotA-0113:local:2,atrop_bond,confirmed,8,8,8,2,4;4,2,true,true,false,true,0.07783448400005,
rota,RotA-0114,RotA-0114:local:0,tetrahedral,confirmed,24,24,24,2,12;12,2,true,true,false,true,0.2748084810000364,
rota,RotA-0114,RotA-0114:local:1,atrop_bond,confirmed,8,8,8,2,4;4,2,true,true,false,true,0.06476387400016392,
rota,RotA-0115,RotA-0115:local:0,atrop_bond,confirmed,8,8,8,2,4;4,1,true,false,true,true,0.06329084400022111,
rota,RotA-0116,RotA-0116:local:0,atrop_bond,confirmed,8,8,8,2,4;4,1,true,false,true,true,0.11597708400040574,
rota,RotA-0116,RotA-0116:local:1,atrop_bond,symmetry_related,8,8,8,2,4;4,1,true,false,true,true,0.06621595300020999,
rota,RotA-0116,RotA-0116:local:2,atrop_bond,symmetry_related,8,8,8,2,4;4,1,true,false,true,true,0.06646073200045066,
rota,RotA-0117,RotA-0117:local:0,atrop_bond,confirmed,8,8,8,2,4;4,1,true,false,true,true,0.06935069099927205,
rota,RotA-0118,RotA-0118:local:0,atrop_bond,confirmed,8,8,8,2,4;4,2,true,true,false,true,0.06568070699995587,
rota,RotA-0119,RotA-0119:local:0,atrop_bond,confirmed,8,8,8,2,4;4,1,true,false,true,true,0.0927592520001781,
rota,RotA-0120,RotA-0120:local:0,atrop_bond,confirmed,8,8,8,2,4;4,2,true,true,false,true,0.05556535300001997,
rota,RotA-0121,RotA-0121:local:0,atrop_bond,confirmed,8,8,8,2,4;4,2,true,true,false,true,0.04923958400013362,
rota,RotA-0122,RotA-0122:local:0,atrop_bond,confirmed,8,8,8,2,4;4,2,true,true,false,true,0.05904080399977829,
rota,RotA-0123,RotA-0123:local:0,atrop_bond,confirmed,8,8,8,2,4;4,1,true,false,true,true,0.06813865399999486,
rota,RotA-0126,RotA-0126:local:0,atrop_bond,confirmed,8,8,8,2,4;4,1,true,false,true,true,0.04677482700026303,
rota,RotA-0127,RotA-0127:local:0,atrop_bond,confirmed,8,8,8,2,4;4,1,true,false,true,true,0.04616225300014776,
rota,RotA-0128,RotA-0128:local:0,tetrahedral,confirmed,24,24,24,2,12;12,2,true,true,false,true,0.2926767149992884,
rota,RotA-0129,RotA-0129:local:0,cumulene_axis,confirmed,8,8,8,2,4;4,1,true,false,true,true,1.175624654000785,
rota,RotA-0130,RotA-0130:local:0,tetrahedral,confirmed,24,24,24,2,12;12,2,true,true,false,true,0.5582785910000894,
rota,RotA-0130,RotA-0130:local:1,atrop_bond,symmetry_related,8,8,8,2,4;4,1,true,false,true,true,0.101484408000033,
rota,RotA-0130,RotA-0130:local:2,atrop_bond,symmetry_related,8,8,8,2,4;4,1,true,false,true,true,0.10097434799990879,
rota,RotA-0131,RotA-0131:local:0,tetrahedral,confirmed,24,24,24,2,12;12,2,true,true,false,true,0.27975976600009744,
rota,RotA-0132,RotA-0132:local:0,tetrahedral,confirmed,24,24,24,2,12;12,2,true,true,false,true,0.33557834000021103,
rota,RotA-0132,RotA-0132:local:1,planar_bond,supplied_support,8,8,8,2,4;4,2,true,true,false,true,0.08180557200012117,
rota,RotA-0133,RotA-0133:local:0,tetrahedral,confirmed,24,24,24,2,12;12,2,true,true,false,true,0.3249007390004408,
rota,RotA-0133,RotA-0133:local:1,planar_bond,supplied_support,8,8,8,2,4;4,2,true,true,false,true,0.08157962200039037,
rota,RotA-0134,RotA-0134:local:0,tetrahedral,confirmed,24,24,24,2,12;12,2,true,true,false,true,0.18880569800057856,
rota,RotA-0134,RotA-0134:local:1,planar_bond,supplied_support,8,8,8,2,4;4,2,true,true,false,true,0.04536812399965129,
rota,RotA-0135,RotA-0135:local:0,atrop_bond,confirmed,8,8,8,2,4;4,2,true,true,false,true,0.030004657000063162,
rota,RotA-0136,RotA-0136:local:0,atrop_bond,confirmed,8,8,8,2,4;4,1,true,false,true,true,0.05159502500009694,
rota,RotA-0137,RotA-0137:local:0,atrop_bond,confirmed,8,8,8,2,4;4,2,true,true,false,true,0.029125060999831476,
rota,RotA-0138,RotA-0138:local:0,atrop_bond,confirmed,8,8,8,2,4;4,2,true,true,false,true,0.029220755000096688,
rota,RotA-0139,RotA-0139:local:0,atrop_bond,confirmed,8,8,8,2,4;4,2,true,true,false,true,0.02950521300044784,
rota,RotA-0140,RotA-0140:local:0,atrop_bond,confirmed,8,8,8,2,4;4,2,true,true,false,true,0.027909836999242543,
rota,RotA-0141,RotA-0141:local:0,atrop_bond,confirmed,8,8,8,2,4;4,1,true,false,true,true,0.058435551000002306,
rota,RotA-0142,RotA-0142:local:0,atrop_bond,confirmed,8,8,8,2,4;4,1,true,false,true,true,0.07287124999947991,
rota,RotA-0143,RotA-0143:local:0,atrop_bond,confirmed,8,8,8,2,4;4,2,true,true,false,true,0.046060760000727896,
rota,RotA-0144,RotA-0144:local:0,atrop_bond,confirmed,8,8,8,2,4;4,2,true,true,false,true,0.04606398400028411,
rota,RotA-0145,RotA-0145:local:0,atrop_bond,confirmed,8,8,8,2,4;4,2,true,true,false,true,0.07068428099955781,
rota,RotA-0146,RotA-0146:local:0,atrop_bond,confirmed,8,8,8,2,4;4,2,true,true,false,true,0.16400608000003558,
rota,RotA-0147,RotA-0147:local:0,atrop_bond,confirmed,8,8,8,2,4;4,2,true,true,false,true,0.0449207399997249,
rota,RotA-0150,RotA-0150:local:0,tetrahedral,supplied_support,24,24,24,2,12;12,2,true,true,false,true,0.18909727800019027,
rota,RotA-0150,RotA-0150:local:1,tetrahedral,confirmed,24,24,24,2,12;12,2,true,true,false,true,0.19205473700003495,
rota,RotA-0150,RotA-0150:local:2,atrop_bond,confirmed,8,8,8,2,4;4,2,true,true,false,true,0.04848381299962057,
rota,RotA-0151,RotA-0151:local:0,tetrahedral,supplied_support,24,24,24,2,12;12,2,true,true,false,true,0.12732621699979063,
rota,RotA-0151,RotA-0151:local:1,tetrahedral,confirmed,24,24,24,2,12;12,2,true,true,false,true,0.14449842300018645,
rota,RotA-0152,RotA-0152:local:0,tetrahedral,confirmed,24,24,24,2,12;12,2,true,true,false,true,0.4632689259997278,
rota,RotA-0152,RotA-0152:local:1,atrop_bond,confirmed,8,8,8,2,4;4,2,true,true,false,true,0.07591540999965218,
rota,RotA-0153,RotA-0153:local:0,tetrahedral,supplied_support,24,24,24,2,12;12,2,true,true,false,true,0.28616330200020457,
rota,RotA-0153,RotA-0153:local:1,tetrahedral,confirmed,24,24,24,2,12;12,2,true,true,false,true,0.2771675369995137,
rota,RotA-0153,RotA-0153:local:2,atrop_bond,confirmed,8,8,8,2,4;4,2,true,true,false,true,0.0645979939999961,
rota,RotA-0154,RotA-0154:local:0,tetrahedral,supplied_support,24,24,24,2,12;12,2,true,true,false,true,1.600039709000157,
rota,RotA-0154,RotA-0154:local:1,tetrahedral,supplied_support,24,24,24,2,12;12,2,true,true,false,true,1.640253966000273,
rota,RotA-0154,RotA-0154:local:2,tetrahedral,supplied_support,24,24,24,2,12;12,2,true,true,false,true,1.634312264000073,
rota,RotA-0154,RotA-0154:local:3,tetrahedral,supplied_support,24,24,24,2,12;12,2,true,true,false,true,1.582312988999547,
rota,RotA-0155,RotA-0155:local:0,atrop_bond,confirmed,8,8,8,2,4;4,1,true,false,true,true,5.350316091000423,
rota,RotA-0156,RotA-0156:local:0,atrop_bond,confirmed,8,8,8,2,4;4,1,true,false,true,true,0.9806324640003368,
rota,RotA-0157,RotA-0157:local:0,tetrahedral,confirmed,24,24,24,2,12;12,2,true,true,false,true,2.3934749219997684,
rota,RotA-0158,RotA-0158:local:0,atrop_bond,confirmed,8,8,8,2,4;4,1,true,false,true,true,0.548609409999699,
rota,RotA-0159,RotA-0159:local:0,atrop_bond,confirmed,8,8,8,2,4;4,1,true,false,true,true,0.5104119360003097,
rota,RotA-0160,RotA-0160:local:0,atrop_bond,confirmed,8,8,8,2,4;4,1,true,false,true,true,0.5342796109998744,
rota,RotA-0161,RotA-0161:local:0,atrop_bond,confirmed,8,8,8,2,4;4,1,true,false,true,true,4.940269237000393,
rota,RotA-0162,RotA-0162:local:0,atrop_bond,confirmed,8,8,8,2,4;4,1,true,false,true,true,0.5850530640000215,
rota,RotA-0163,RotA-0163:local:0,atrop_bond,confirmed,8,8,8,2,4;4,1,true,false,true,true,5.360035095999592,
rota,RotA-0164,RotA-0164:local:0,atrop_bond,confirmed,8,8,8,2,4;4,1,true,false,true,true,0.6242208859994207,
rota,RotA-0165,RotA-0165:local:0,atrop_bond,confirmed,8,8,8,2,4;4,1,true,false,true,true,5.453840840000339,
rota,RotA-0166,RotA-0166:local:0,atrop_bond,confirmed,8,8,8,2,4;4,1,true,false,true,true,0.9271669620002285,
rota,RotA-0166,RotA-0166:local:1,planar_bond,confirmed,8,8,8,2,4;4,2,true,true,false,true,0.8973625570006334,
rota,RotA-0166,RotA-0166:local:2,planar_bond,confirmed,8,8,8,2,4;4,2,true,true,false,true,0.9086501290003071,
rota,RotA-0167,RotA-0167:local:0,atrop_bond,confirmed,8,8,8,2,4;4,1,true,false,true,true,0.5551082730007693,
rota,RotA-0175,RotA-0175:local:0,tetrahedral,confirmed,24,24,24,2,12;12,2,true,true,false,true,0.2723328229994877,
rota,RotA-0176,RotA-0176:local:0,tetrahedral,confirmed,24,24,24,2,12;12,2,true,true,false,true,0.24501395700008288,
rota,RotA-0177,RotA-0177:local:0,tetrahedral,supplied_support,24,24,24,2,12;12,2,true,true,false,true,0.44206439499976113,
rota,RotA-0177,RotA-0177:local:1,tetrahedral,supplied_support,24,24,24,2,12;12,2,true,true,false,true,0.4485472510004911,
rota,RotA-0178,RotA-0178:local:0,tetrahedral,supplied_support,24,24,24,2,12;12,2,true,true,false,true,0.5324986079995142,
rota,RotA-0178,RotA-0178:local:1,tetrahedral,supplied_support,24,24,24,2,12;12,2,true,true,false,true,0.5362513139998555,
rota,RotA-0179,RotA-0179:local:0,tetrahedral,supplied_support,24,24,24,2,12;12,2,true,true,false,true,0.3656894019995889,
rota,RotA-0179,RotA-0179:local:1,tetrahedral,supplied_support,24,24,24,2,12;12,2,true,true,false,true,0.3531870490005531,
rota,RotA-0180,RotA-0180:local:0,tetrahedral,confirmed,24,24,24,2,12;12,2,true,true,false,true,0.4740461920000598,
rota,RotA-0180,RotA-0180:local:1,tetrahedral,confirmed,24,24,24,2,12;12,2,true,true,false,true,0.47301460499966197,
rota,RotA-0183,RotA-0183:local:0,tetrahedral,supplied_support,24,24,24,2,12;12,2,true,true,false,true,0.44495773800008465,
rota,RotA-0183,RotA-0183:local:1,tetrahedral,supplied_support,24,24,24,2,12;12,2,true,true,false,true,0.4324492519999694,
rota,RotA-0187,RotA-0187:local:0,tetrahedral,confirmed,24,24,24,2,12;12,2,true,true,false,true,1.0908114359999672,
rota,RotA-0194,RotA-0194:local:0,tetrahedral,supplied_support,24,24,24,2,12;12,2,true,true,false,true,0.4590288560002591,
rota,RotA-0194,RotA-0194:local:1,tetrahedral,supplied_support,24,24,24,2,12;12,2,true,true,false,true,0.45888334099981876,
rota,RotA-0195,RotA-0195:local:0,tetrahedral,supplied_support,24,24,24,2,12;12,2,true,true,false,true,1.2464027100004387,
rota,RotA-0195,RotA-0195:local:1,tetrahedral,supplied_support,24,24,24,2,12;12,2,true,true,false,true,1.2243788280002263,
rota,RotA-0195,RotA-0195:local:2,atrop_bond,symmetry_related,8,8,8,2,4;4,1,true,false,true,true,0.21417034700061777,
rota,RotA-0195,RotA-0195:local:3,atrop_bond,symmetry_related,8,8,8,2,4;4,1,true,false,true,true,0.21093082199968194,
rota,RotA-0196,RotA-0196:local:0,tetrahedral,supplied_support,24,24,24,2,12;12,2,true,true,false,true,0.37832237200018426,
rota,RotA-0196,RotA-0196:local:1,tetrahedral,supplied_support,24,24,24,2,12;12,2,true,true,false,true,0.3890507460000663,
rota,RotA-0197,RotA-0197:local:0,tetrahedral,supplied_support,24,24,24,2,12;12,2,true,true,false,true,2.573787884999547,
rota,RotA-0197,RotA-0197:local:1,tetrahedral,supplied_support,24,24,24,2,12;12,2,true,true,false,true,2.553845003000788,
rota,RotA-0198,RotA-0198:local:0,tetrahedral,supplied_support,24,24,24,2,12;12,2,true,true,false,true,2.838164222999694,
rota,RotA-0198,RotA-0198:local:1,tetrahedral,supplied_support,24,24,24,2,12;12,2,true,true,false,true,2.8776365820003775,
rota,RotA-0199,RotA-0199:local:0,tetrahedral,supplied_support,24,24,24,2,12;12,2,true,true,false,true,2.7062902739999117,
rota,RotA-0199,RotA-0199:local:1,tetrahedral,supplied_support,24,24,24,2,12;12,2,true,true,false,true,2.724329101000876,
rota,RotA-0200,RotA-0200:local:0,tetrahedral,supplied_support,24,24,24,2,12;12,2,true,true,false,true,2.7665392720000455,
rota,RotA-0200,RotA-0200:local:1,tetrahedral,supplied_support,24,24,24,2,12;12,2,true,true,false,true,2.7920711449996816,
rota,RotA-0201,RotA-0201:local:0,tetrahedral,supplied_support,24,24,24,2,12;12,2,true,true,false,true,2.6647839510005724,
rota,RotA-0201,RotA-0201:local:1,tetrahedral,supplied_support,24,24,24,2,12;12,2,true,true,false,true,2.6438810709996687,
rota,RotA-0203,RotA-0203:local:0,atrop_bond,confirmed,8,8,8,2,4;4,1,true,false,true,true,0.1252678399996512,
rota,RotA-0203,RotA-0203:local:1,atrop_bond,confirmed,8,8,8,2,4;4,1,true,false,true,true,0.13643638199937413,
rota,RotA-0204,RotA-0204:local:0,tetrahedral,supplied_support,24,24,24,2,12;12,2,true,true,false,true,2.751898131999951,
rota,RotA-0204,RotA-0204:local:1,tetrahedral,supplied_support,24,24,24,2,12;12,2,true,true,false,true,2.714457921999383,
rota,RotA-0205,RotA-0205:local:0,tetrahedral,supplied_support,24,24,24,2,12;12,2,true,true,false,true,1.2434100000000399,
rota,RotA-0205,RotA-0205:local:1,tetrahedral,confirmed,24,24,24,2,12;12,2,true,true,false,true,1.2279504680000173,
rota,RotA-0205,RotA-0205:local:2,tetrahedral,supplied_support,24,24,24,2,12;12,2,true,true,false,true,1.950494704000448,
rota,RotA-0205,RotA-0205:local:3,tetrahedral,confirmed,24,24,24,2,12;12,2,true,true,false,true,1.2177444379994995,
rota,RotA-0205,RotA-0205:local:4,tetrahedral,supplied_support,24,24,24,2,12;12,2,true,true,false,true,1.2180769330007024,
rota,RotA-0205,RotA-0205:local:5,tetrahedral,supplied_support,24,24,24,2,12;12,2,true,true,false,true,1.23282885899971,
rota,RotA-0205,RotA-0205:local:6,tetrahedral,confirmed,24,24,24,2,12;12,2,true,true,false,true,1.2342016600005081,
rota,RotA-0205,RotA-0205:local:7,tetrahedral,supplied_support,24,24,24,2,12;12,2,true,true,false,true,1.9463079749993994,
rota,RotA-0205,RotA-0205:local:8,tetrahedral,confirmed,24,24,24,2,12;12,2,true,true,false,true,1.222330769999644,
rota,RotA-0205,RotA-0205:local:9,tetrahedral,supplied_support,24,24,24,2,12;12,2,true,true,false,true,1.205435738000233,
rota,RotA-0206,RotA-0206:local:0,tetrahedral,supplied_support,24,24,24,2,12;12,2,true,true,false,true,2.726949242000046,
rota,RotA-0206,RotA-0206:local:1,tetrahedral,supplied_support,24,24,24,2,12;12,2,true,true,false,true,2.7310824520000097,
rota,RotA-0207,RotA-0207:local:0,atrop_bond,confirmed,8,8,8,2,4;4,1,true,false,true,true,0.11545071599994117,
rota,RotA-0207,RotA-0207:local:1,planar_bond,confirmed,8,8,8,2,4;4,2,true,true,false,true,0.07615967500078114,
rota,RotA-0207,RotA-0207:local:2,planar_bond,confirmed,8,8,8,2,4;4,2,true,true,false,true,0.07594984900060808,
rota,RotA-0208,RotA-0208:local:0,atrop_bond,symmetry_related,8,8,8,2,4;4,1,true,false,true,true,0.09977370499927929,
rota,RotA-0208,RotA-0208:local:1,atrop_bond,symmetry_related,8,8,8,2,4;4,1,true,false,true,true,0.11400920100004441,
rota,RotA-0208,RotA-0208:local:2,atrop_bond,confirmed,8,8,8,2,4;4,1,true,false,true,true,0.13736145500024577,
rota,RotA-0209,RotA-0209:local:0,atrop_bond,confirmed,8,8,8,2,4;4,1,true,false,true,true,0.06284131200027332,
rota,RotA-0210,RotA-0210:local:0,atrop_bond,confirmed,8,8,8,2,4;4,1,true,false,true,true,0.06342611400032183,
rota,RotA-0211,RotA-0211:local:0,atrop_bond,confirmed,8,8,8,2,4;4,1,true,false,true,true,1.3358778289994007,
rota,RotA-0212,RotA-0212:local:0,atrop_bond,confirmed,8,8,8,2,4;4,1,true,false,true,true,0.11105443499945977,
rota,RotA-0212,RotA-0212:local:1,atrop_bond,symmetry_related,8,8,8,2,4;4,1,true,false,true,true,0.07184264599982271,
rota,RotA-0212,RotA-0212:local:2,atrop_bond,symmetry_related,8,8,8,2,4;4,1,true,false,true,true,0.08402637800008961,
rota,RotA-0213,RotA-0213:local:0,atrop_bond,confirmed,8,8,8,2,4;4,1,true,false,true,true,0.12090234399965993,
rota,RotA-0213,RotA-0213:local:1,atrop_bond,symmetry_related,8,8,8,2,4;4,1,true,false,true,true,0.07434194300003583,
rota,RotA-0213,RotA-0213:local:2,atrop_bond,symmetry_related,8,8,8,2,4;4,1,true,false,true,true,0.07417616299971996,
rota,RotA-0214,RotA-0214:local:0,atrop_bond,confirmed,8,8,8,2,4;4,1,true,false,true,true,0.135892177999267,
rota,RotA-0214,RotA-0214:local:1,atrop_bond,symmetry_related,8,8,8,2,4;4,1,true,false,true,true,0.0790944500004116,
rota,RotA-0214,RotA-0214:local:2,atrop_bond,symmetry_related,8,8,8,2,4;4,1,true,false,true,true,0.07910842100045556,
rota,RotA-0215,RotA-0215:local:0,atrop_bond,symmetry_related,8,8,8,2,4;4,1,true,false,true,true,0.4520444550007596,
rota,RotA-0215,RotA-0215:local:1,atrop_bond,confirmed,8,8,8,2,4;4,1,true,false,true,true,0.7284069870001986,
rota,RotA-0215,RotA-0215:local:2,atrop_bond,symmetry_related,8,8,8,2,4;4,1,true,false,true,true,0.4620565550003448,
rota,RotA-0216,RotA-0216:local:0,atrop_bond,confirmed,8,8,8,2,4;4,1,true,false,true,true,0.14296158800061676,
rota,RotA-0216,RotA-0216:local:1,atrop_bond,symmetry_related,8,8,8,2,4;4,1,true,false,true,true,0.07706453900027554,
rota,RotA-0216,RotA-0216:local:2,atrop_bond,symmetry_related,8,8,8,2,4;4,1,true,false,true,true,0.07720692300063092,
rota,RotA-0217,RotA-0217:local:0,atrop_bond,confirmed,8,8,8,2,4;4,1,true,false,true,true,0.7425890330005132,
rota,RotA-0217,RotA-0217:local:1,atrop_bond,symmetry_related,8,8,8,2,4;4,1,true,false,true,true,0.4508907569997973,
rota,RotA-0217,RotA-0217:local:2,atrop_bond,symmetry_related,8,8,8,2,4;4,1,true,false,true,true,0.457157726999867,
rota,RotA-0218,RotA-0218:local:0,atrop_bond,confirmed,8,8,8,2,4;4,1,true,false,true,true,0.1279321029996936,
rota,RotA-0218,RotA-0218:local:1,atrop_bond,symmetry_related,8,8,8,2,4;4,1,true,false,true,true,0.09592384600000514,
rota,RotA-0218,RotA-0218:local:2,atrop_bond,symmetry_related,8,8,8,2,4;4,1,true,false,true,true,0.08509026000047015,
rota,RotA-0219,RotA-0219:local:0,atrop_bond,confirmed,8,8,8,2,4;4,1,true,false,true,true,0.12273139099943364,
rota,RotA-0219,RotA-0219:local:1,atrop_bond,symmetry_related,8,8,8,2,4;4,1,true,false,true,true,0.08425977800015971,
rota,RotA-0219,RotA-0219:local:2,atrop_bond,symmetry_related,8,8,8,2,4;4,1,true,false,true,true,0.09633074999965174,
rota,RotA-0220,RotA-0220:local:0,atrop_bond,symmetry_related,8,8,8,2,4;4,1,true,false,true,true,1.1435792800002673,
rota,RotA-0220,RotA-0220:local:1,atrop_bond,confirmed,8,8,8,2,4;4,1,true,false,true,true,1.1261912250001842,
rota,RotA-0220,RotA-0220:local:2,atrop_bond,symmetry_related,8,8,8,2,4;4,1,true,false,true,true,1.1604815340006098,
rota,RotA-0221,RotA-0221:local:0,atrop_bond,confirmed,8,8,8,2,4;4,1,true,false,true,true,0.13089680200027942,
rota,RotA-0221,RotA-0221:local:1,atrop_bond,symmetry_related,8,8,8,2,4;4,1,true,false,true,true,0.07954415600033826,
rota,RotA-0221,RotA-0221:local:2,atrop_bond,symmetry_related,8,8,8,2,4;4,1,true,false,true,true,0.08076939399961702,
rota,RotA-0222,RotA-0222:local:0,atrop_bond,confirmed,8,8,8,2,4;4,1,true,false,true,true,1.1312407610002992,
rota,RotA-0222,RotA-0222:local:1,atrop_bond,symmetry_related,8,8,8,2,4;4,1,true,false,true,true,1.1387657120003496,
rota,RotA-0222,RotA-0222:local:2,atrop_bond,symmetry_related,8,8,8,2,4;4,1,true,false,true,true,1.1590880599997035,
rota,RotA-0223,RotA-0223:local:0,atrop_bond,symmetry_related,8,8,8,2,4;4,1,true,false,true,true,0.14518020000014076,
rota,RotA-0223,RotA-0223:local:1,atrop_bond,confirmed,8,8,8,2,4;4,1,true,false,true,true,0.26204715499989106,
rota,RotA-0223,RotA-0223:local:2,atrop_bond,symmetry_related,8,8,8,2,4;4,1,true,false,true,true,0.15890561600008368,
rota,RotA-0223,RotA-0223:local:3,atrop_bond,symmetry_related,8,8,8,2,4;4,1,true,false,true,true,0.17287544999999227,
rota,RotA-0223,RotA-0223:local:4,atrop_bond,symmetry_related,8,8,8,2,4;4,1,true,false,true,true,0.1760422239995023,
rota,RotA-0224,RotA-0224:local:0,atrop_bond,symmetry_related,8,8,8,2,4;4,1,true,false,true,true,0.42642174799948407,
rota,RotA-0224,RotA-0224:local:1,atrop_bond,confirmed,8,8,8,2,4;4,1,true,false,true,true,0.6658418970000639,
rota,RotA-0224,RotA-0224:local:2,atrop_bond,symmetry_related,8,8,8,2,4;4,1,true,false,true,true,0.42651738499989733,
rota,RotA-0224,RotA-0224:local:3,atrop_bond,symmetry_related,8,8,8,2,4;4,1,true,false,true,true,0.2692040010006167,
rota,RotA-0224,RotA-0224:local:4,atrop_bond,symmetry_related,8,8,8,2,4;4,1,true,false,true,true,0.2793516530000488,
rota,RotA-0224,RotA-0224:local:5,atrop_bond,symmetry_related,8,8,8,2,4;4,1,true,false,true,true,0.26924133600005007,
rota,RotA-0224,RotA-0224:local:6,atrop_bond,symmetry_related,8,8,8,2,4;4,1,true,false,true,true,0.2816837160007708,
rota,RotA-0225,RotA-0225:local:0,atrop_bond,symmetry_related,8,8,8,2,4;4,1,true,false,true,true,0.7282327479997548,
rota,RotA-0225,RotA-0225:local:1,atrop_bond,confirmed,8,8,8,2,4;4,1,true,false,true,true,0.8965286940001533,
rota,RotA-0225,RotA-0225:local:2,atrop_bond,symmetry_related,8,8,8,2,4;4,1,true,false,true,true,0.728742914000577,
rota,RotA-0226,RotA-0226:local:0,atrop_bond,confirmed,8,8,8,2,4;4,1,true,false,true,true,0.14646418600023026,
rota,RotA-0226,RotA-0226:local:1,atrop_bond,symmetry_related,8,8,8,2,4;4,1,true,false,true,true,0.0810866720003105,
rota,RotA-0226,RotA-0226:local:2,atrop_bond,symmetry_related,8,8,8,2,4;4,1,true,false,true,true,0.08112574000006134,
rota,RotA-0227,RotA-0227:local:0,atrop_bond,confirmed,8,8,8,2,4;4,2,true,true,false,true,0.08433004299968161,
rota,RotA-0227,RotA-0227:local:1,atrop_bond,confirmed,8,8,8,2,4;4,1,true,false,true,true,0.11196657500022411,
rota,RotA-0227,RotA-0227:local:2,atrop_bond,confirmed,8,8,8,2,4;4,2,true,true,false,true,0.07037023100019724,
rota,RotA-0228,RotA-0228:local:0,atrop_bond,confirmed,8,8,8,2,4;4,2,true,true,false,true,0.08348552799998288,
rota,RotA-0228,RotA-0228:local:1,atrop_bond,confirmed,8,8,8,2,4;4,1,true,false,true,true,0.1194466540000576,
rota,RotA-0228,RotA-0228:local:2,atrop_bond,confirmed,8,8,8,2,4;4,2,true,true,false,true,0.06896914899971307,
rota,RotA-0229,RotA-0229:local:0,atrop_bond,symmetry_related,8,8,8,2,4;4,1,true,false,true,true,0.14368045599985635,
rota,RotA-0229,RotA-0229:local:1,atrop_bond,symmetry_related,8,8,8,2,4;4,1,true,false,true,true,0.122182549000172,
rota,RotA-0229,RotA-0229:local:2,atrop_bond,confirmed,8,8,8,2,4;4,1,true,false,true,true,0.21050873800049885,
rota,RotA-0229,RotA-0229:local:3,atrop_bond,symmetry_related,8,8,8,2,4;4,1,true,false,true,true,0.12300068300010025,
rota,RotA-0229,RotA-0229:local:4,atrop_bond,symmetry_related,8,8,8,2,4;4,1,true,false,true,true,0.1311804970000594,
rota,RotA-0230,RotA-0230:local:0,atrop_bond,symmetry_related,8,8,8,2,4;4,1,true,false,true,true,0.13103002100069716,
rota,RotA-0230,RotA-0230:local:1,atrop_bond,symmetry_related,8,8,8,2,4;4,1,true,false,true,true,0.13255781499992736,
rota,RotA-0230,RotA-0230:local:2,atrop_bond,confirmed,8,8,8,2,4;4,1,true,false,true,true,0.21934970900019835,
rota,RotA-0230,RotA-0230:local:3,atrop_bond,symmetry_related,8,8,8,2,4;4,1,true,false,true,true,0.13257136499942135,
rota,RotA-0230,RotA-0230:local:4,atrop_bond,symmetry_related,8,8,8,2,4;4,1,true,false,true,true,0.1440089710004031,
rota,RotA-0231,RotA-0231:local:0,atrop_bond,symmetry_related,8,8,8,2,4;4,1,true,false,true,true,0.8624508339999011,
rota,RotA-0231,RotA-0231:local:1,atrop_bond,confirmed,8,8,8,2,4;4,1,true,false,true,true,1.096840997000072,
rota,RotA-0231,RotA-0231:local:2,atrop_bond,symmetry_related,8,8,8,2,4;4,1,true,false,true,true,0.8596475549993556,
rota,RotA-0232,RotA-0232:local:0,atrop_bond,confirmed,8,8,8,2,4;4,1,true,false,true,true,0.14116829900012817,
rota,RotA-0232,RotA-0232:local:1,atrop_bond,symmetry_related,8,8,8,2,4;4,1,true,false,true,true,0.08991379199960647,
rota,RotA-0232,RotA-0232:local:2,atrop_bond,symmetry_related,8,8,8,2,4;4,1,true,false,true,true,0.08933531899947411,
rota,RotA-0233,RotA-0233:local:0,atrop_bond,symmetry_related,8,8,8,2,4;4,1,true,false,true,true,0.12481222600035835,
rota,RotA-0233,RotA-0233:local:1,atrop_bond,confirmed,8,8,8,2,4;4,1,true,false,true,true,0.16516265899917926,
rota,RotA-0233,RotA-0233:local:2,atrop_bond,symmetry_related,8,8,8,2,4;4,1,true,false,true,true,0.11201629000061075,
rota,RotA-0234,RotA-0234:local:0,atrop_bond,confirmed,8,8,8,2,4;4,2,true,true,false,true,0.0811173369993412,
rota,RotA-0234,RotA-0234:local:1,atrop_bond,confirmed,8,8,8,2,4;4,1,true,false,true,true,0.1356729119997908,
rota,RotA-0234,RotA-0234:local:2,atrop_bond,confirmed,8,8,8,2,4;4,2,true,true,false,true,0.09014919499986718,
rota,RotA-0235,RotA-0235:local:0,atrop_bond,symmetry_related,8,8,8,2,4;4,1,true,false,true,true,0.19198101900019537,
rota,RotA-0235,RotA-0235:local:1,atrop_bond,confirmed,8,8,8,2,4;4,1,true,false,true,true,0.3581231510006546,
rota,RotA-0235,RotA-0235:local:2,atrop_bond,symmetry_related,8,8,8,2,4;4,1,true,false,true,true,0.24443544299992936,
rota,RotA-0235,RotA-0235:local:3,atrop_bond,symmetry_related,8,8,8,2,4;4,1,true,false,true,true,0.20642218200009665,
rota,RotA-0235,RotA-0235:local:4,atrop_bond,symmetry_related,8,8,8,2,4;4,1,true,false,true,true,0.23447254900020198,
rota,RotA-0236,RotA-0236:local:0,atrop_bond,confirmed,8,8,8,2,4;4,1,true,false,true,true,0.15346250600032363,
rota,RotA-0236,RotA-0236:local:1,atrop_bond,confirmed,8,8,8,2,4;4,2,true,true,false,true,0.09605463999923813,
rota,RotA-0236,RotA-0236:local:2,atrop_bond,confirmed,8,8,8,2,4;4,2,true,true,false,true,0.10769551399971533,
rota,RotA-0237,RotA-0237:local:0,atrop_bond,symmetry_related,8,8,8,2,4;4,1,true,false,true,true,0.9469777710000926,
rota,RotA-0237,RotA-0237:local:1,atrop_bond,confirmed,8,8,8,2,4;4,1,true,false,true,true,0.9870440750000853,
rota,RotA-0237,RotA-0237:local:2,atrop_bond,symmetry_related,8,8,8,2,4;4,1,true,false,true,true,0.9400112040002568,
rota,RotA-0238,RotA-0238:local:0,atrop_bond,confirmed,8,8,8,2,4;4,1,true,false,true,true,0.0625808960003269,
rota,RotA-0239,RotA-0239:local:0,atrop_bond,symmetry_related,8,8,8,2,4;4,1,true,false,true,true,0.07155737100038095,
rota,RotA-0239,RotA-0239:local:1,atrop_bond,symmetry_related,8,8,8,2,4;4,1,true,false,true,true,0.07125825000002806,
rota,RotA-0239,RotA-0239:local:2,atrop_bond,confirmed,8,8,8,2,4;4,1,true,false,true,true,0.11344851899957575,
rota,RotA-0240,RotA-0240:local:0,atrop_bond,symmetry_related,8,8,8,2,4;4,1,true,false,true,true,0.07968157100003737,
rota,RotA-0240,RotA-0240:local:1,atrop_bond,symmetry_related,8,8,8,2,4;4,1,true,false,true,true,0.07952803999978642,
rota,RotA-0240,RotA-0240:local:2,atrop_bond,confirmed,8,8,8,2,4;4,1,true,false,true,true,0.14096192500073812,
rota,RotA-0241,RotA-0241:local:0,atrop_bond,confirmed,8,8,8,2,4;4,1,true,false,true,true,0.15003998399970442,
rota,RotA-0241,RotA-0241:local:1,atrop_bond,symmetry_related,8,8,8,2,4;4,1,true,false,true,true,0.07996081200053595,
rota,RotA-0241,RotA-0241:local:2,atrop_bond,symmetry_related,8,8,8,2,4;4,1,true,false,true,true,0.07968011899993144,
rota,RotA-0242,RotA-0242:local:0,atrop_bond,symmetry_related,8,8,8,2,4;4,1,true,false,true,true,0.4630713520000427,
rota,RotA-0242,RotA-0242:local:1,atrop_bond,confirmed,8,8,8,2,4;4,1,true,false,true,true,0.7386725950000255,
rota,RotA-0242,RotA-0242:local:2,atrop_bond,symmetry_related,8,8,8,2,4;4,1,true,false,true,true,0.4702259949999643,
rota,RotA-0243,RotA-0243:local:0,atrop_bond,confirmed,8,8,8,2,4;4,1,true,false,true,true,0.12553493399991567,
rota,RotA-0243,RotA-0243:local:1,atrop_bond,symmetry_related,8,8,8,2,4;4,1,true,false,true,true,0.08253302999946754,
rota,RotA-0243,RotA-0243:local:2,atrop_bond,symmetry_related,8,8,8,2,4;4,1,true,false,true,true,0.09295977400051925,
rota,RotA-0244,RotA-0244:local:0,atrop_bond,confirmed,8,8,8,2,4;4,1,true,false,true,true,0.13940979499966488,
rota,RotA-0244,RotA-0244:local:1,atrop_bond,symmetry_related,8,8,8,2,4;4,1,true,false,true,true,0.09218192100070155,
rota,RotA-0244,RotA-0244:local:2,atrop_bond,symmetry_related,8,8,8,2,4;4,1,true,false,true,true,0.0821017309999661,
rota,RotA-0245,RotA-0245:local:0,atrop_bond,symmetry_related,8,8,8,2,4;4,1,true,false,true,true,0.45874621999973897,
rota,RotA-0245,RotA-0245:local:1,atrop_bond,symmetry_related,8,8,8,2,4;4,1,true,false,true,true,0.4693078720001722,
rota,RotA-0245,RotA-0245:local:2,atrop_bond,confirmed,8,8,8,2,4;4,1,true,false,true,true,0.7379919929999232,
rota,RotA-0246,RotA-0246:local:0,atrop_bond,symmetry_related,8,8,8,2,4;4,1,true,false,true,true,1.1401111179993677,
rota,RotA-0246,RotA-0246:local:1,atrop_bond,symmetry_related,8,8,8,2,4;4,1,true,false,true,true,1.139427120999244,
rota,RotA-0246,RotA-0246:local:2,atrop_bond,confirmed,8,8,8,2,4;4,1,true,false,true,true,1.1407481759997609,
rota,RotA-0247,RotA-0247:local:0,atrop_bond,symmetry_related,8,8,8,2,4;4,1,true,false,true,true,1.015985437999916,
rota,RotA-0247,RotA-0247:local:1,atrop_bond,confirmed,8,8,8,2,4;4,1,true,false,true,true,1.0754334549992564,
rota,RotA-0247,RotA-0247:local:2,atrop_bond,symmetry_related,8,8,8,2,4;4,1,true,false,true,true,0.9960509130005448,
rota,RotA-0248,RotA-0248:local:0,atrop_bond,symmetry_related,8,8,8,2,4;4,1,true,false,true,true,0.8534954070000822,
rota,RotA-0248,RotA-0248:local:1,atrop_bond,confirmed,8,8,8,2,4;4,1,true,false,true,true,1.0880088409994642,
rota,RotA-0248,RotA-0248:local:2,atrop_bond,symmetry_related,8,8,8,2,4;4,1,true,false,true,true,0.8662569500002064,
rota,RotA-0249,RotA-0249:local:0,atrop_bond,symmetry_related,8,8,8,2,4;4,1,true,false,true,true,0.44049132200052554,
rota,RotA-0249,RotA-0249:local:1,atrop_bond,symmetry_related,8,8,8,2,4;4,1,true,false,true,true,0.42478686799950083,
rota,RotA-0249,RotA-0249:local:2,atrop_bond,symmetry_related,8,8,8,2,4;4,1,true,false,true,true,0.28984805599975516,
rota,RotA-0249,RotA-0249:local:3,atrop_bond,symmetry_related,8,8,8,2,4;4,1,true,false,true,true,0.27802961400084314,
rota,RotA-0249,RotA-0249:local:4,atrop_bond,symmetry_related,8,8,8,2,4;4,1,true,false,true,true,0.28912246900017635,
rota,RotA-0249,RotA-0249:local:5,atrop_bond,symmetry_related,8,8,8,2,4;4,1,true,false,true,true,0.27747714900033316,
rota,RotA-0249,RotA-0249:local:6,atrop_bond,confirmed,8,8,8,2,4;4,1,true,false,true,true,0.6836938339993139,
rota,RotA-0250,RotA-0250:local:0,atrop_bond,symmetry_related,8,8,8,2,4;4,1,true,false,true,true,0.14739772000029916,
rota,RotA-0250,RotA-0250:local:1,atrop_bond,symmetry_related,8,8,8,2,4;4,1,true,false,true,true,0.14669154500006698,
rota,RotA-0250,RotA-0250:local:2,atrop_bond,symmetry_related,8,8,8,2,4;4,1,true,false,true,true,0.18349634100013645,
rota,RotA-0250,RotA-0250:local:3,atrop_bond,symmetry_related,8,8,8,2,4;4,1,true,false,true,true,0.17366849100017134,
rota,RotA-0250,RotA-0250:local:4,atrop_bond,confirmed,8,8,8,2,4;4,1,true,false,true,true,0.26561985300031665,
rota,RotA-0251,RotA-0251:local:0,atrop_bond,confirmed,8,8,8,2,4;4,2,true,true,false,true,0.07319174500025838,
rota,RotA-0251,RotA-0251:local:1,atrop_bond,confirmed,8,8,8,2,4;4,2,true,true,false,true,0.07400325900016469,
rota,RotA-0251,RotA-0251:local:2,atrop_bond,confirmed,8,8,8,2,4;4,1,true,false,true,true,0.13022180100051628,
rota,RotA-0252,RotA-0252:local:0,atrop_bond,confirmed,8,8,8,2,4;4,2,true,true,false,true,0.07241684600012377,
rota,RotA-0252,RotA-0252:local:1,atrop_bond,confirmed,8,8,8,2,4;4,2,true,true,false,true,0.07257325199952902,
rota,RotA-0252,RotA-0252:local:2,atrop_bond,confirmed,8,8,8,2,4;4,1,true,false,true,true,0.13896251899950585,
rota,RotA-0253,RotA-0253:local:0,atrop_bond,symmetry_related,8,8,8,2,4;4,1,true,false,true,true,0.12868384000012156,
rota,RotA-0253,RotA-0253:local:1,atrop_bond,symmetry_related,8,8,8,2,4;4,1,true,false,true,true,0.11327348300073936,
rota,RotA-0253,RotA-0253:local:2,atrop_bond,confirmed,8,8,8,2,4;4,1,true,false,true,true,0.1735483700003897,
rota,RotA-0254,RotA-0254:local:0,atrop_bond,confirmed,8,8,8,2,4;4,1,true,false,true,true,0.06360322700038523,
rota,RotA-0255,RotA-0255:local:0,tetrahedral,supplied_support,24,24,24,2,12;12,2,true,true,false,true,0.11898058899987518,
rota,RotA-0255,RotA-0255:local:1,tetrahedral,supplied_support,24,24,24,2,12;12,2,true,true,false,true,0.10663578399999096,
rota,RotA-0255,RotA-0255:local:2,tetrahedral,supplied_support,24,24,24,2,12;12,2,true,true,false,true,0.1168939129993305,
rota,RotA-0255,RotA-0255:local:3,tetrahedral,confirmed,24,24,24,2,12;12,2,true,true,false,true,0.1298263329999827,
rota,RotA-0256,RotA-0256:local:0,tetrahedral,confirmed,24,24,24,2,12;12,2,true,true,false,true,3.026523190000262,
rota,RotA-0256,RotA-0256:local:1,tetrahedral,confirmed,24,24,24,2,12;12,2,true,true,false,true,3.0244982739995976,
rota,RotA-0256,RotA-0256:local:2,tetrahedral,confirmed,24,24,24,2,12;12,2,true,true,false,true,2.9807485769997584,
rota,RotA-0256,RotA-0256:local:3,tetrahedral,confirmed,24,24,24,2,12;12,2,true,true,false,true,3.021742777000327,
rota,RotA-0256,RotA-0256:local:4,atrop_bond,confirmed,8,8,8,2,4;4,1,true,false,true,true,1.113589738999508,
rota,RotA-0257,RotA-0257:local:0,tetrahedral,confirmed,24,24,24,2,12;12,2,true,true,false,true,2.417535558000054,
rota,RotA-0257,RotA-0257:local:1,tetrahedral,supplied_support,24,24,24,2,12;12,2,true,true,false,true,2.422005082999931,
rota,RotA-0257,RotA-0257:local:2,tetrahedral,supplied_support,24,24,24,2,12;12,2,true,true,false,true,2.450589251000565,
rota,RotA-0257,RotA-0257:local:3,tetrahedral,confirmed,24,24,24,2,12;12,2,true,true,false,true,2.4660463829995933,
rota,RotA-0257,RotA-0257:local:4,atrop_bond,confirmed,8,8,8,2,4;4,1,true,false,true,true,0.509019248000186,
rota,RotA-0258,RotA-0258:local:0,tetrahedral,confirmed,24,24,24,2,12;12,2,true,true,false,true,2.394950296999923,
rota,RotA-0258,RotA-0258:local:1,tetrahedral,supplied_support,24,24,24,2,12;12,2,true,true,false,true,2.3907052349995865,
rota,RotA-0258,RotA-0258:local:2,tetrahedral,supplied_support,24,24,24,2,12;12,2,true,true,false,true,2.3969619400004376,
rota,RotA-0258,RotA-0258:local:3,tetrahedral,confirmed,24,24,24,2,12;12,2,true,true,false,true,2.3804246139998213,
rota,RotA-0258,RotA-0258:local:4,atrop_bond,confirmed,8,8,8,2,4;4,1,true,false,true,true,0.509713854000438,
rota,RotA-0259,RotA-0259:local:0,tetrahedral,supplied_support,24,24,24,2,12;12,2,true,true,false,true,3.422835887000474,
rota,RotA-0259,RotA-0259:local:1,tetrahedral,supplied_support,24,24,24,2,12;12,2,true,true,false,true,3.398585285000081,
rota,RotA-0259,RotA-0259:local:2,tetrahedral,confirmed,24,24,24,2,12;12,2,true,true,false,true,3.432517117000316,
rota,RotA-0259,RotA-0259:local:3,tetrahedral,confirmed,24,24,24,2,12;12,2,true,true,false,true,3.4705046449998918,
rota,RotA-0259,RotA-0259:local:4,atrop_bond,confirmed,8,8,8,2,4;4,1,true,false,true,true,0.95469369500006,
rota,RotA-0260,RotA-0260:local:0,tetrahedral,confirmed,24,24,24,2,12;12,2,true,true,false,true,2.573049380000157,
rota,RotA-0260,RotA-0260:local:1,tetrahedral,confirmed,24,24,24,2,12;12,2,true,true,false,true,2.5880956380005955,
rota,RotA-0260,RotA-0260:local:2,tetrahedral,confirmed,24,24,24,2,12;12,2,true,true,false,true,2.5967968810000457,
rota,RotA-0260,RotA-0260:local:3,tetrahedral,confirmed,24,24,24,2,12;12,2,true,true,false,true,2.599110629000279,
rota,RotA-0260,RotA-0260:local:4,atrop_bond,confirmed,8,8,8,2,4;4,1,true,false,true,true,0.540291812999385,
rota,RotA-0261,RotA-0261:local:0,tetrahedral,confirmed,24,24,24,2,12;12,2,true,true,false,true,3.709782621999693,
rota,RotA-0261,RotA-0261:local:1,tetrahedral,supplied_support,24,24,24,2,12;12,2,true,true,false,true,3.6533367040001394,
rota,RotA-0261,RotA-0261:local:2,tetrahedral,supplied_support,24,24,24,2,12;12,2,true,true,false,true,3.633471742000438,
rota,RotA-0261,RotA-0261:local:3,tetrahedral,confirmed,24,24,24,2,12;12,2,true,true,false,true,3.729576605999682,
rota,RotA-0261,RotA-0261:local:4,atrop_bond,confirmed,8,8,8,2,4;4,1,true,false,true,true,1.051721768999414,
rota,RotA-0262,RotA-0262:local:0,tetrahedral,confirmed,24,24,24,2,12;12,2,true,true,false,true,0.9642196949998834,
rota,RotA-0262,RotA-0262:local:1,atrop_bond,confirmed,8,8,8,2,4;4,2,true,true,false,true,0.15957129999969766,
rota,RotA-0262,RotA-0262:local:2,atrop_bond,confirmed,8,8,8,2,4;4,2,true,true,false,true,0.15959963299974333,
rota,RotA-0262,RotA-0262:local:3,atrop_bond,confirmed,8,8,8,2,4;4,1,true,false,true,true,0.22398997500022233,
rota,RotA-0263,RotA-0263:local:0,tetrahedral,confirmed,24,24,24,2,12;12,2,true,true,false,true,1.0825056330004372,
rota,RotA-0263,RotA-0263:local:1,atrop_bond,confirmed,8,8,8,2,4;4,2,true,true,false,true,0.1963245890001417,
rota,RotA-0263,RotA-0263:local:2,atrop_bond,confirmed,8,8,8,2,4;4,2,true,true,false,true,0.1806448970000929,
rota,RotA-0263,RotA-0263:local:3,atrop_bond,confirmed,8,8,8,2,4;4,1,true,false,true,true,0.23989986500055238,
rota,RotA-0264,RotA-0264:local:0,tetrahedral,confirmed,24,24,24,2,12;12,2,true,true,false,true,0.9973630490003416,
rota,RotA-0264,RotA-0264:local:1,atrop_bond,confirmed,8,8,8,2,4;4,2,true,true,false,true,0.15872868000042217,
rota,RotA-0264,RotA-0264:local:2,atrop_bond,confirmed,8,8,8,2,4;4,2,true,true,false,true,0.15919643600045674,
rota,RotA-0264,RotA-0264:local:3,atrop_bond,confirmed,8,8,8,2,4;4,1,true,false,true,true,0.23257650199957425,
rota,RotA-0265,RotA-0265:local:0,tetrahedral,confirmed,24,24,24,2,12;12,2,true,true,false,true,1.9430211939998117,
rota,RotA-0265,RotA-0265:local:1,atrop_bond,symmetry_related,8,8,8,2,4;4,1,true,false,true,true,0.25665352099986194,
rota,RotA-0265,RotA-0265:local:2,atrop_bond,symmetry_related,8,8,8,2,4;4,1,true,false,true,true,0.2442346349998843,
rota,RotA-0265,RotA-0265:local:3,atrop_bond,confirmed,8,8,8,2,4;4,1,true,false,true,true,0.45411933500054147,
rota,RotA-0266,RotA-0266:local:0,tetrahedral,confirmed,24,24,24,2,12;12,2,true,true,false,true,2.4494729230000303,
rota,RotA-0266,RotA-0266:local:1,atrop_bond,confirmed,8,8,8,2,4;4,1,true,false,true,true,1.077822068000387,
rota,RotA-0266,RotA-0266:local:2,atrop_bond,symmetry_related,8,8,8,2,4;4,1,true,false,true,true,1.1015183039999101,
rota,RotA-0266,RotA-0266:local:3,atrop_bond,symmetry_related,8,8,8,2,4;4,1,true,false,true,true,1.124068740000439,
rota,RotA-0267,RotA-0267:local:0,tetrahedral,confirmed,24,24,24,2,12;12,2,true,true,false,true,2.4340629279995483,
rota,RotA-0267,RotA-0267:local:1,atrop_bond,symmetry_related,8,8,8,2,4;4,1,true,false,true,true,1.105021516999841,
rota,RotA-0267,RotA-0267:local:2,atrop_bond,symmetry_related,8,8,8,2,4;4,1,true,false,true,true,1.120490917999632,
rota,RotA-0267,RotA-0267:local:3,atrop_bond,confirmed,8,8,8,2,4;4,1,true,false,true,true,1.075807428999724,
rota,RotA-0268,RotA-0268:local:0,tetrahedral,confirmed,24,24,24,2,12;12,2,true,true,false,true,2.0374198509998678,
rota,RotA-0268,RotA-0268:local:1,atrop_bond,confirmed,8,8,8,2,4;4,1,true,false,true,true,0.4334083430003375,
rota,RotA-0268,RotA-0268:local:2,atrop_bond,symmetry_related,8,8,8,2,4;4,1,true,false,true,true,0.2431642780002221,
rota,RotA-0268,RotA-0268:local:3,atrop_bond,symmetry_related,8,8,8,2,4;4,1,true,false,true,true,0.24252390200035734,
rota,RotA-0269,RotA-0269:local:0,tetrahedral,confirmed,24,24,24,2,12;12,2,true,true,false,true,2.0026918529993054,
rota,RotA-0269,RotA-0269:local:1,atrop_bond,confirmed,8,8,8,2,4;4,1,true,false,true,true,0.41889785199964535,
rota,RotA-0269,RotA-0269:local:2,atrop_bond,symmetry_related,8,8,8,2,4;4,1,true,false,true,true,0.24759413700030564,
rota,RotA-0269,RotA-0269:local:3,atrop_bond,symmetry_related,8,8,8,2,4;4,1,true,false,true,true,0.2350368030001846,
rota,RotA-0270,RotA-0270:local:0,tetrahedral,confirmed,24,24,24,2,12;12,2,true,true,false,true,2.0545009230008873,
rota,RotA-0270,RotA-0270:local:1,atrop_bond,confirmed,8,8,8,2,4;4,1,true,false,true,true,0.464988056999573,
rota,RotA-0270,RotA-0270:local:2,atrop_bond,symmetry_related,8,8,8,2,4;4,1,true,false,true,true,0.27381819900074333,
rota,RotA-0270,RotA-0270:local:3,atrop_bond,symmetry_related,8,8,8,2,4;4,1,true,false,true,true,0.26151593800022965,
rota,RotA-0271,RotA-0271:local:0,tetrahedral,confirmed,24,24,24,2,12;12,2,true,true,false,true,2.4067748460001894,
rota,RotA-0271,RotA-0271:local:1,atrop_bond,symmetry_related,8,8,8,2,4;4,1,true,false,true,true,1.0952822799999922,
rota,RotA-0271,RotA-0271:local:2,atrop_bond,confirmed,8,8,8,2,4;4,1,true,false,true,true,1.0611473580001984,
rota,RotA-0271,RotA-0271:local:3,atrop_bond,symmetry_related,8,8,8,2,4;4,1,true,false,true,true,1.1107888930000627,
rota,RotA-0272,RotA-0272:local:0,tetrahedral,confirmed,24,24,24,2,12;12,2,true,true,false,true,2.4479341119995297,
rota,RotA-0272,RotA-0272:local:1,atrop_bond,symmetry_related,8,8,8,2,4;4,1,true,false,true,true,0.8836199409997789,
rota,RotA-0272,RotA-0272:local:2,atrop_bond,confirmed,8,8,8,2,4;4,1,true,false,true,true,0.948646249000376,
rota,RotA-0272,RotA-0272:local:3,atrop_bond,symmetry_related,8,8,8,2,4;4,1,true,false,true,true,0.8899747539999225,
rota,RotA-0272,RotA-0272:local:4,atrop_bond,symmetry_related,8,8,8,2,4;4,1,true,false,true,true,0.8217246190006335,
rota,RotA-0272,RotA-0272:local:5,atrop_bond,symmetry_related,8,8,8,2,4;4,1,true,false,true,true,0.8362845430001471,
rota,RotA-0272,RotA-0272:local:6,atrop_bond,symmetry_related,8,8,8,2,4;4,1,true,false,true,true,0.8258969930002422,
rota,RotA-0272,RotA-0272:local:7,atrop_bond,symmetry_related,8,8,8,2,4;4,1,true,false,true,true,0.8252189009999711,
rota,RotA-0273,RotA-0273:local:0,tetrahedral,confirmed,24,24,24,2,12;12,2,true,true,false,true,2.5648368180000034,
rota,RotA-0273,RotA-0273:local:1,atrop_bond,symmetry_related,8,8,8,2,4;4,1,true,false,true,true,0.6830204329999106,
rota,RotA-0273,RotA-0273:local:2,atrop_bond,symmetry_related,8,8,8,2,4;4,1,true,false,true,true,0.6687040140004683,
rota,RotA-0273,RotA-0273:local:3,atrop_bond,symmetry_related,8,8,8,2,4;4,1,true,false,true,true,0.6910540669996408,
rota,RotA-0273,RotA-0273:local:4,atrop_bond,symmetry_related,8,8,8,2,4;4,1,true,false,true,true,0.7159459709992007,
rota,RotA-0273,RotA-0273:local:5,atrop_bond,confirmed,8,8,8,2,4;4,1,true,false,true,true,0.8698097060005239,
rota,RotA-0274,RotA-0274:local:0,tetrahedral,confirmed,24,24,24,2,12;12,2,true,true,false,true,2.038819493999654,
rota,RotA-0274,RotA-0274:local:1,atrop_bond,confirmed,8,8,8,2,4;4,1,true,false,true,true,0.4411336189996291,
rota,RotA-0274,RotA-0274:local:2,atrop_bond,symmetry_related,8,8,8,2,4;4,1,true,false,true,true,0.2371555019999505,
rota,RotA-0274,RotA-0274:local:3,atrop_bond,symmetry_related,8,8,8,2,4;4,1,true,false,true,true,0.24970443199981673,
rota,RotA-0275,RotA-0275:local:0,tetrahedral,confirmed,24,24,24,2,12;12,2,true,true,false,true,0.9692615189997014,
rota,RotA-0275,RotA-0275:local:1,atrop_bond,confirmed,8,8,8,2,4;4,2,true,true,false,true,0.1580418159992405,
rota,RotA-0275,RotA-0275:local:2,atrop_bond,confirmed,8,8,8,2,4;4,1,true,false,true,true,0.2256750220003596,
rota,RotA-0275,RotA-0275:local:3,atrop_bond,confirmed,8,8,8,2,4;4,2,true,true,false,true,0.1584097089998977,
rota,RotA-0276,RotA-0276:local:0,tetrahedral,confirmed,24,24,24,2,12;12,2,true,true,false,true,1.879330304999712,
rota,RotA-0276,RotA-0276:local:1,atrop_bond,confirmed,8,8,8,2,4;4,1,true,false,true,true,0.46066499300013675,
rota,RotA-0276,RotA-0276:local:2,atrop_bond,symmetry_related,8,8,8,2,4;4,1,true,false,true,true,0.2419470029999502,
rota,RotA-0276,RotA-0276:local:3,atrop_bond,symmetry_related,8,8,8,2,4;4,1,true,false,true,true,0.23879430899978615,
rota,RotA-0277,RotA-0277:local:0,tetrahedral,confirmed,24,24,24,2,12;12,2,true,true,false,true,2.5473908820004,
rota,RotA-0277,RotA-0277:local:1,atrop_bond,symmetry_related,8,8,8,2,4;4,1,true,false,true,true,0.6611954340005468,
rota,RotA-0277,RotA-0277:local:2,atrop_bond,confirmed,8,8,8,2,4;4,1,true,false,true,true,0.8579691869999806,
rota,RotA-0277,RotA-0277:local:3,atrop_bond,symmetry_related,8,8,8,2,4;4,1,true,false,true,true,0.6776505930001804,
rota,RotA-0277,RotA-0277:local:4,atrop_bond,symmetry_related,8,8,8,2,4;4,1,true,false,true,true,0.6893341409995628,
rota,RotA-0277,RotA-0277:local:5,atrop_bond,symmetry_related,8,8,8,2,4;4,1,true,false,true,true,0.7047574709995388,
rota,RotA-0278,RotA-0278:local:0,tetrahedral,confirmed,24,24,24,2,12;12,2,true,true,false,true,1.9949516110000332,
rota,RotA-0278,RotA-0278:local:1,atrop_bond,confirmed,8,8,8,2,4;4,1,true,false,true,true,0.4361378749999858,
rota,RotA-0278,RotA-0278:local:2,atrop_bond,symmetry_related,8,8,8,2,4;4,1,true,false,true,true,0.23187722500006203,
rota,RotA-0278,RotA-0278:local:3,atrop_bond,symmetry_related,8,8,8,2,4;4,1,true,false,true,true,0.23408857899994473,
rota,RotA-0279,RotA-0279:local:0,tetrahedral,confirmed,24,24,24,2,12;12,2,true,true,false,true,0.6926941580004495,
rota,RotA-0279,RotA-0279:local:1,atrop_bond,confirmed,8,8,8,2,4;4,1,true,false,true,true,0.1323460179992253,
rota,RotA-0280,RotA-0280:local:0,tetrahedral,confirmed,24,24,24,2,12;12,2,true,true,false,true,2.1776689809994423,
rota,RotA-0281,RotA-0281:local:0,tetrahedral,confirmed,24,24,24,2,12;12,2,true,true,false,true,0.9868322229995101,
rota,RotA-0281,RotA-0281:local:1,atrop_bond,confirmed,8,8,8,2,4;4,2,true,true,false,true,0.1600343949994567,
rota,RotA-0281,RotA-0281:local:2,atrop_bond,confirmed,8,8,8,2,4;4,1,true,false,true,true,0.20722865299921978,
rota,RotA-0281,RotA-0281:local:3,atrop_bond,confirmed,8,8,8,2,4;4,2,true,true,false,true,0.172246699000425,
rota,RotA-0282,RotA-0282:local:0,tetrahedral,confirmed,24,24,24,2,12;12,2,true,true,false,true,4.827600511999663,
rota,RotA-0282,RotA-0282:local:1,atrop_bond,confirmed,8,8,8,2,4;4,1,true,false,true,true,1.311305244000323,
rota,RotA-0282,RotA-0282:local:2,atrop_bond,symmetry_related,8,8,8,2,4;4,1,true,false,true,true,1.1086441620000187,
rota,RotA-0282,RotA-0282:local:3,atrop_bond,symmetry_related,8,8,8,2,4;4,1,true,false,true,true,1.0997100279992083,
rota,RotA-0283,RotA-0283:local:0,tetrahedral,confirmed,24,24,24,2,12;12,2,true,true,false,true,2.0550028859997838,
rota,RotA-0283,RotA-0283:local:1,atrop_bond,confirmed,8,8,8,2,4;4,1,true,false,true,true,0.3933109159997912,
rota,RotA-0283,RotA-0283:local:2,atrop_bond,symmetry_related,8,8,8,2,4;4,1,true,false,true,true,0.2358436829999846,
rota,RotA-0283,RotA-0283:local:3,atrop_bond,symmetry_related,8,8,8,2,4;4,1,true,false,true,true,0.22273449699969206,
rota,RotA-0284,RotA-0284:local:0,tetrahedral,confirmed,24,24,24,2,12;12,2,true,true,false,true,1.086557569999968,
rota,RotA-0284,RotA-0284:local:1,atrop_bond,confirmed,8,8,8,2,4;4,2,true,true,false,true,0.19007144199986215,
rota,RotA-0284,RotA-0284:local:2,atrop_bond,confirmed,8,8,8,2,4;4,1,true,false,true,true,0.23854309499984083,
rota,RotA-0284,RotA-0284:local:3,atrop_bond,confirmed,8,8,8,2,4;4,2,true,true,false,true,0.1893965039998875,
rota,RotA-0285,RotA-0285:local:0,tetrahedral,confirmed,24,24,24,2,12;12,2,true,true,false,true,4.809978367999975,
rota,RotA-0285,RotA-0285:local:1,atrop_bond,symmetry_related,8,8,8,2,4;4,1,true,false,true,true,1.107751344999997,
rota,RotA-0285,RotA-0285:local:2,atrop_bond,symmetry_related,8,8,8,2,4;4,1,true,false,true,true,1.1057637240000986,
rota,RotA-0285,RotA-0285:local:3,atrop_bond,confirmed,8,8,8,2,4;4,1,true,false,true,true,1.3105313120004212,
rota,RotA-0286,RotA-0286:local:0,tetrahedral,confirmed,24,24,24,2,12;12,2,true,true,false,true,1.9927263240006141,
rota,RotA-0286,RotA-0286:local:1,atrop_bond,symmetry_related,8,8,8,2,4;4,1,true,false,true,true,0.21619163200011826,
rota,RotA-0286,RotA-0286:local:2,atrop_bond,symmetry_related,8,8,8,2,4;4,1,true,false,true,true,0.22847673300020688,
rota,RotA-0286,RotA-0286:local:3,atrop_bond,confirmed,8,8,8,2,4;4,1,true,false,true,true,0.38889721399937116,
rota,RotA-0287,RotA-0287:local:0,tetrahedral,confirmed,24,24,24,2,12;12,2,true,true,false,true,2.7806185039999036,
rota,RotA-0287,RotA-0287:local:1,atrop_bond,symmetry_related,8,8,8,2,4;4,1,true,false,true,true,0.9238990399999238,
rota,RotA-0287,RotA-0287:local:2,atrop_bond,confirmed,8,8,8,2,4;4,1,true,false,true,true,0.8816631119998419,
rota,RotA-0287,RotA-0287:local:3,atrop_bond,symmetry_related,8,8,8,2,4;4,1,true,false,true,true,0.911787459000152,
rota,RotA-0288,RotA-0288:local:0,tetrahedral,confirmed,24,24,24,2,12;12,2,true,true,false,true,2.2532791069997984,
rota,RotA-0288,RotA-0288:local:1,atrop_bond,symmetry_related,8,8,8,2,4;4,1,true,false,true,true,0.3176752380004473,
rota,RotA-0288,RotA-0288:local:2,atrop_bond,symmetry_related,8,8,8,2,4;4,1,true,false,true,true,0.3034599829998115,
rota,RotA-0288,RotA-0288:local:3,atrop_bond,confirmed,8,8,8,2,4;4,1,true,false,true,true,0.5455697269999291,
rota,RotA-0289,RotA-0289:local:0,atrop_bond,confirmed,8,8,8,2,4;4,1,true,false,true,true,0.07729432099949918,
rota,RotA-0290,RotA-0290:local:0,tetrahedral,confirmed,24,24,24,2,12;12,2,true,true,false,true,0.4964513139993869,
rota,RotA-0290,RotA-0290:local:1,tetrahedral,confirmed,24,24,24,2,12;12,2,true,true,false,true,0.5025806529993133,
rota,RotA-0290,RotA-0290:local:2,tetrahedral,confirmed,24,24,24,2,12;12,2,true,true,false,true,0.6824012209999637,
rota,RotA-0290,RotA-0290:local:3,tetrahedral,confirmed,24,24,24,2,12;12,2,true,true,false,true,0.6972356830001445,
rota,RotA-0290,RotA-0290:local:4,tetrahedral,confirmed,24,24,24,2,12;12,2,true,true,false,true,0.5003719010001078,
rota,RotA-0290,RotA-0290:local:5,tetrahedral,confirmed,24,24,24,2,12;12,2,true,true,false,true,0.514173837999806,
rota,RotA-0290,RotA-0290:local:6,atrop_bond,confirmed,8,8,8,2,4;4,1,true,false,true,true,0.14368479499989917,
rota,RotA-0290,RotA-0290:local:7,atrop_bond,confirmed,8,8,8,2,4;4,1,true,false,true,true,0.13674321899998176,
rota,RotA-0291,RotA-0291:local:0,atrop_bond,confirmed,8,8,8,2,4;4,1,true,false,true,true,0.06141897399993468,
rota,RotA-0292,RotA-0292:local:0,atrop_bond,confirmed,8,8,8,2,4;4,1,true,false,true,true,13.894910883000193,
rota,RotA-0292,RotA-0292:local:1,atrop_bond,symmetry_related,8,8,8,2,4;4,1,true,false,true,true,12.260802003000208,
rota,RotA-0292,RotA-0292:local:2,atrop_bond,symmetry_related,8,8,8,2,4;4,1,true,false,true,true,11.616113324999787,
rota,RotA-0292,RotA-0292:local:3,atrop_bond,confirmed,8,8,8,2,4;4,1,true,false,true,true,12.580572302000292,
rota,RotA-0292,RotA-0292:local:4,atrop_bond,symmetry_related,8,8,8,2,4;4,1,true,false,true,true,11.366532033000112,
rota,RotA-0292,RotA-0292:local:5,atrop_bond,symmetry_related,8,8,8,2,4;4,1,true,false,true,true,11.352496619000704,
rota,RotA-0293,RotA-0293:local:0,tetrahedral,supplied_support,24,24,24,2,12;12,2,true,true,false,true,0.1745352969992382,
rota,RotA-0293,RotA-0293:local:1,tetrahedral,supplied_support,24,24,24,2,12;12,2,true,true,false,true,0.18853377100003854,
rota,RotA-0293,RotA-0293:local:2,atrop_bond,confirmed,8,8,8,2,4;4,1,true,false,true,true,0.04830404000040289,
rota,RotA-0294,RotA-0294:local:0,tetrahedral,supplied_support,24,24,24,2,12;12,2,true,true,false,true,0.19243540499974188,
rota,RotA-0294,RotA-0294:local:1,tetrahedral,supplied_support,24,24,24,2,12;12,2,true,true,false,true,0.1825305490001483,
rota,RotA-0294,RotA-0294:local:2,atrop_bond,confirmed,8,8,8,2,4;4,1,true,false,true,true,0.0514051259997359,
rota,RotA-0295,RotA-0295:local:0,tetrahedral,supplied_support,24,24,24,2,12;12,2,true,true,false,true,0.17074464000052103,
rota,RotA-0295,RotA-0295:local:1,tetrahedral,supplied_support,24,24,24,2,12;12,2,true,true,false,true,0.1809297659992808,
rota,RotA-0295,RotA-0295:local:2,atrop_bond,confirmed,8,8,8,2,4;4,1,true,false,true,true,0.04659159800030466,
rota,RotA-0296,RotA-0296:local:0,tetrahedral,confirmed,24,24,24,2,12;12,2,true,true,false,true,0.2347379050006566,
rota,RotA-0296,RotA-0296:local:1,tetrahedral,confirmed,24,24,24,2,12;12,2,true,true,false,true,0.23122725199937122,
rota,RotA-0296,RotA-0296:local:2,atrop_bond,confirmed,8,8,8,2,4;4,1,true,false,true,true,0.05851629700009653,
rota,RotA-0297,RotA-0297:local:0,atrop_bond,confirmed,8,8,8,2,4;4,1,true,false,true,true,0.06367886099997122,
rota,RotA-0298,RotA-0298:local:0,tetrahedral,confirmed,24,24,24,2,12;12,2,true,true,false,true,2.2610910330004117,
rota,RotA-0298,RotA-0298:local:1,tetrahedral,confirmed,24,24,24,2,12;12,2,true,true,false,true,2.229692430999421,
rota,RotA-0298,RotA-0298:local:2,atrop_bond,confirmed,8,8,8,2,4;4,1,true,false,true,true,0.6933456770002522,
rota,RotA-0299,RotA-0299:local:0,atrop_bond,confirmed,8,8,8,2,4;4,2,true,true,false,true,0.04914285500035476,
rota,RotA-0300,RotA-0300:local:0,atrop_bond,confirmed,8,8,8,2,4;4,1,true,false,true,true,0.05871575900073367,
rota,RotA-0301,RotA-0301:local:0,tetrahedral,confirmed,24,24,24,2,12;12,2,true,true,false,true,0.13100492200010194,
rota,RotA-0301,RotA-0301:local:1,tetrahedral,supplied_support,24,24,24,2,12;12,2,true,true,false,true,0.13271148500007257,
rota,RotA-0301,RotA-0301:local:2,tetrahedral,supplied_support,24,24,24,2,12;12,2,true,true,false,true,0.13214363699989917,
rota,RotA-0301,RotA-0301:local:3,tetrahedral,confirmed,24,24,24,2,12;12,2,true,true,false,true,0.13238824600011867,
rota,RotA-0301,RotA-0301:local:4,tetrahedral,supplied_support,24,24,24,2,12;12,2,true,true,false,true,0.16801111600034346,
rota,RotA-0301,RotA-0301:local:5,tetrahedral,supplied_support,24,24,24,2,12;12,2,true,true,false,true,0.15221100399958232,
rota,RotA-0302,RotA-0302:local:0,tetrahedral,supplied_support,24,24,24,2,12;12,2,true,true,false,true,1.8234711020004397,
rota,RotA-0302,RotA-0302:local:1,tetrahedral,supplied_support,24,24,24,2,12;12,2,true,true,false,true,1.8141223269994953,
rota,RotA-0302,RotA-0302:local:2,tetrahedral,supplied_support,24,24,24,2,12;12,2,true,true,false,true,1.78347548200054,
rota,RotA-0302,RotA-0302:local:3,tetrahedral,confirmed,24,24,24,2,12;12,2,true,true,false,true,1.8095894850002878,
rota,RotA-0302,RotA-0302:local:4,tetrahedral,confirmed,24,24,24,2,12;12,2,true,true,false,true,1.8213005109992082,
rota,RotA-0302,RotA-0302:local:5,tetrahedral,supplied_support,24,24,24,2,12;12,2,true,true,false,true,1.7832171360005304,
rota,RotA-0303,RotA-0303:local:0,atrop_bond,confirmed,8,8,8,2,4;4,1,true,false,true,true,1.1050237509998624,
rota,RotA-0303,RotA-0303:local:1,atrop_bond,symmetry_related,8,8,8,2,4;4,1,true,false,true,true,1.1030707919999259,
rota,RotA-0303,RotA-0303:local:2,atrop_bond,symmetry_related,8,8,8,2,4;4,1,true,false,true,true,1.1151763179996124,
rota,RotA-0304,RotA-0304:local:0,atrop_bond,symmetry_related,8,8,8,2,4;4,1,true,false,true,true,0.1100072019999061,
rota,RotA-0304,RotA-0304:local:1,atrop_bond,confirmed,8,8,8,2,4;4,1,true,false,true,true,0.17692069900022034,
rota,RotA-0304,RotA-0304:local:2,atrop_bond,symmetry_related,8,8,8,2,4;4,1,true,false,true,true,0.10899965200042061,
rota,RotA-0305,RotA-0305:local:0,atrop_bond,symmetry_related,8,8,8,2,4;4,1,true,false,true,true,0.06988638999973773,
rota,RotA-0305,RotA-0305:local:1,atrop_bond,confirmed,8,8,8,2,4;4,1,true,false,true,true,0.11067983599969011,
rota,RotA-0305,RotA-0305:local:2,atrop_bond,symmetry_related,8,8,8,2,4;4,1,true,false,true,true,0.08000543599973753,
rota,RotA-0306,RotA-0306:local:0,atrop_bond,confirmed,8,8,8,2,4;4,1,true,false,true,true,0.12443158000041876,
rota,RotA-0306,RotA-0306:local:1,atrop_bond,symmetry_related,8,8,8,2,4;4,1,true,false,true,true,0.07195257500006846,
rota,RotA-0306,RotA-0306:local:2,atrop_bond,symmetry_related,8,8,8,2,4;4,1,true,false,true,true,0.07225158700020984,
rota,RotA-0307,RotA-0307:local:0,atrop_bond,confirmed,8,8,8,2,4;4,2,true,true,false,true,0.07712106800045149,
rota,RotA-0307,RotA-0307:local:1,atrop_bond,confirmed,8,8,8,2,4;4,1,true,false,true,true,0.13410308199945575,
rota,RotA-0307,RotA-0307:local:2,atrop_bond,confirmed,8,8,8,2,4;4,2,true,true,false,true,0.08897722400070052,
rota,RotA-0308,RotA-0308:local:0,atrop_bond,confirmed,8,8,8,2,4;4,1,true,false,true,true,0.062388294999436766,
rota,RotA-0309,RotA-0309:local:0,atrop_bond,confirmed,8,8,8,2,4;4,2,true,true,false,true,0.07913702700079739,
rota,RotA-0309,RotA-0309:local:1,atrop_bond,confirmed,8,8,8,2,4;4,1,true,false,true,true,0.13452647000030993,
rota,RotA-0309,RotA-0309:local:2,atrop_bond,confirmed,8,8,8,2,4;4,2,true,true,false,true,0.08930911399966135,
rota,RotA-0310,RotA-0310:local:0,atrop_bond,symmetry_related,8,8,8,2,4;4,1,true,false,true,true,0.08171358199979295,
rota,RotA-0310,RotA-0310:local:1,atrop_bond,confirmed,8,8,8,2,4;4,1,true,false,true,true,0.10712395500013372,
rota,RotA-0310,RotA-0310:local:2,atrop_bond,symmetry_related,8,8,8,2,4;4,1,true,false,true,true,0.06955712400031189,
rota,RotA-0311,RotA-0311:local:0,atrop_bond,confirmed,8,8,8,2,4;4,1,true,false,true,true,0.13183659500009526,
rota,RotA-0311,RotA-0311:local:1,atrop_bond,symmetry_related,8,8,8,2,4;4,1,true,false,true,true,0.07883005399980902,
rota,RotA-0311,RotA-0311:local:2,atrop_bond,symmetry_related,8,8,8,2,4;4,1,true,false,true,true,0.07897705600043992,
rota,RotA-0312,RotA-0312:local:0,atrop_bond,symmetry_related,8,8,8,2,4;4,1,true,false,true,true,1.0798288779997165,
rota,RotA-0312,RotA-0312:local:1,atrop_bond,confirmed,8,8,8,2,4;4,1,true,false,true,true,1.0757135800004107,
rota,RotA-0312,RotA-0312:local:2,atrop_bond,symmetry_related,8,8,8,2,4;4,1,true,false,true,true,1.0753939639998862,
rota,RotA-0313,RotA-0313:local:0,atrop_bond,confirmed,8,8,8,2,4;4,2,true,true,false,true,0.0666627979999248,
rota,RotA-0313,RotA-0313:local:1,atrop_bond,confirmed,8,8,8,2,4;4,1,true,false,true,true,0.1179606519999652,
rota,RotA-0313,RotA-0313:local:2,atrop_bond,confirmed,8,8,8,2,4;4,2,true,true,false,true,0.06636496000010084,
rota,RotA-0314,RotA-0314:local:0,atrop_bond,confirmed,8,8,8,2,4;4,1,true,false,true,true,0.10247917900051107,
rota,RotA-0314,RotA-0314:local:1,atrop_bond,symmetry_related,8,8,8,2,4;4,1,true,false,true,true,0.06930281899985857,
rota,RotA-0314,RotA-0314:local:2,atrop_bond,symmetry_related,8,8,8,2,4;4,1,true,false,true,true,0.06910743500066019,
rota,RotA-0315,RotA-0315:local:0,atrop_bond,confirmed,8,8,8,2,4;4,1,true,false,true,true,0.20152081800006272,
rota,RotA-0316,RotA-0316:local:0,atrop_bond,confirmed,8,8,8,2,4;4,1,true,false,true,true,0.11252599800081953,
rota,RotA-0316,RotA-0316:local:1,planar_bond,confirmed,8,8,8,2,4;4,2,true,true,false,true,0.0648284529997909,
rota,RotA-0316,RotA-0316:local:2,planar_bond,confirmed,8,8,8,2,4;4,2,true,true,false,true,0.06444186000044283,
rota,RotA-0317,RotA-0317:local:0,atrop_bond,confirmed,8,8,8,2,4;4,2,true,true,false,true,0.06866943400018499,
rota,RotA-0317,RotA-0317:local:1,atrop_bond,confirmed,8,8,8,2,4;4,1,true,false,true,true,0.12735374400017463,
rota,RotA-0317,RotA-0317:local:2,atrop_bond,confirmed,8,8,8,2,4;4,2,true,true,false,true,0.06810656499965262,
rota,RotA-0318,RotA-0318:local:0,atrop_bond,symmetry_related,8,8,8,2,4;4,1,true,false,true,true,0.14252337500056456,
rota,RotA-0318,RotA-0318:local:1,atrop_bond,confirmed,8,8,8,2,4;4,1,true,false,true,true,0.26605781100079184,
rota,RotA-0318,RotA-0318:local:2,atrop_bond,symmetry_related,8,8,8,2,4;4,1,true,false,true,true,0.14314277900029992,
rota,RotA-0318,RotA-0318:local:3,atrop_bond,symmetry_related,8,8,8,2,4;4,1,true,false,true,true,0.16856627900051535,
rota,RotA-0318,RotA-0318:local:4,atrop_bond,symmetry_related,8,8,8,2,4;4,1,true,false,true,true,0.1807582609999372,
rota,RotA-0319,RotA-0319:local:0,tetrahedral,confirmed,24,24,24,2,12;12,2,true,true,false,true,2.9430135020002126,
rota,RotA-0319,RotA-0319:local:1,atrop_bond,symmetry_related,8,8,8,2,4;4,1,true,false,true,true,0.753922601999875,
rota,RotA-0319,RotA-0319:local:2,atrop_bond,symmetry_related,8,8,8,2,4;4,1,true,false,true,true,0.7466463170003408,
rota,RotA-0320,RotA-0320:local:0,tetrahedral,confirmed,24,24,24,2,12;12,2,true,true,false,true,0.2119364210002459,
rota,RotA-0321,RotA-0321:local:0,atrop_bond,confirmed,8,8,8,2,4;4,1,true,false,true,true,0.0721436130006623,
rota,RotA-0322,RotA-0322:local:0,atrop_bond,confirmed,8,8,8,2,4;4,1,true,false,true,true,0.06897691799986205,
rota,RotA-0323,RotA-0323:local:0,atrop_bond,confirmed,8,8,8,2,4;4,1,true,false,true,true,0.7241222370003015,
rota,RotA-0323,RotA-0323:local:1,atrop_bond,symmetry_related,8,8,8,2,4;4,1,true,false,true,true,0.43230180499995186,
rota,RotA-0323,RotA-0323:local:2,atrop_bond,symmetry_related,8,8,8,2,4;4,1,true,false,true,true,0.43985962599981576,
rota,RotA-0324,RotA-0324:local:0,atrop_bond,symmetry_related,8,8,8,2,4;4,1,true,false,true,true,0.45735215500008053,
rota,RotA-0324,RotA-0324:local:1,atrop_bond,confirmed,8,8,8,2,4;4,1,true,false,true,true,0.7238258879997375,
rota,RotA-0324,RotA-0324:local:2,atrop_bond,symmetry_related,8,8,8,2,4;4,1,true,false,true,true,0.4466716059996543,
rota,RotA-0325,RotA-0325:local:0,atrop_bond,confirmed,8,8,8,2,4;4,1,true,false,true,true,0.13091069500023877,
rota,RotA-0325,RotA-0325:local:1,atrop_bond,symmetry_related,8,8,8,2,4;4,1,true,false,true,true,0.07424456999979157,
rota,RotA-0325,RotA-0325:local:2,atrop_bond,symmetry_related,8,8,8,2,4;4,1,true,false,true,true,0.07372535699960281,
rota,RotA-0326,RotA-0326:local:0,atrop_bond,confirmed,8,8,8,2,4;4,1,true,false,true,true,0.13397388399971533,
rota,RotA-0326,RotA-0326:local:1,atrop_bond,symmetry_related,8,8,8,2,4;4,1,true,false,true,true,0.07775949900042178,
rota,RotA-0326,RotA-0326:local:2,atrop_bond,symmetry_related,8,8,8,2,4;4,1,true,false,true,true,0.0775979849995565,
rota,RotA-0327,RotA-0327:local:0,atrop_bond,confirmed,8,8,8,2,4;4,2,true,true,false,true,0.0865779850000763,
rota,RotA-0327,RotA-0327:local:1,atrop_bond,confirmed,8,8,8,2,4;4,2,true,true,false,true,0.07247955799994088,
rota,RotA-0328,RotA-0328:local:0,atrop_bond,confirmed,8,8,8,2,4;4,1,true,false,true,true,0.06977995800025383,
rota,RotA-0329,RotA-0329:local:0,atrop_bond,confirmed,8,8,8,2,4;4,1,true,false,true,true,0.507622414999787,
rota,RotA-0330,RotA-0330:local:0,atrop_bond,confirmed,8,8,8,2,4;4,1,true,false,true,true,0.07472951999989164,
rota,RotA-0331,RotA-0331:local:0,atrop_bond,confirmed,8,8,8,2,4;4,1,true,false,true,true,0.1394279269998151,
rota,RotA-0331,RotA-0331:local:1,atrop_bond,symmetry_related,8,8,8,2,4;4,1,true,false,true,true,0.09238043299956189,
rota,RotA-0331,RotA-0331:local:2,atrop_bond,symmetry_related,8,8,8,2,4;4,1,true,false,true,true,0.09257759000047372,
rota,RotA-0332,RotA-0332:local:0,atrop_bond,confirmed,8,8,8,2,4;4,2,true,true,false,true,0.06600660900039657,
rota,RotA-0332,RotA-0332:local:1,atrop_bond,confirmed,8,8,8,2,4;4,1,true,false,true,true,0.1152078690001872,
rota,RotA-0332,RotA-0332:local:2,atrop_bond,confirmed,8,8,8,2,4;4,2,true,true,false,true,0.07883750400014833,
rota,RotA-0333,RotA-0333:local:0,atrop_bond,confirmed,8,8,8,2,4;4,2,true,true,false,true,0.06894412600013311,
rota,RotA-0333,RotA-0333:local:1,atrop_bond,confirmed,8,8,8,2,4;4,1,true,false,true,true,0.12414411200006725,
rota,RotA-0333,RotA-0333:local:2,atrop_bond,confirmed,8,8,8,2,4;4,2,true,true,false,true,0.06869504200039955,
rota,RotA-0334,RotA-0334:local:0,atrop_bond,confirmed,8,8,8,2,4;4,1,true,false,true,true,0.06002380800055107,
rota,RotA-0335,RotA-0335:local:0,atrop_bond,confirmed,8,8,8,2,4;4,1,true,false,true,true,0.07058632300049794,
rota,RotA-0336,RotA-0336:local:0,atrop_bond,confirmed,8,8,8,2,4;4,1,true,false,true,true,0.058977409999897645,
rota,RotA-0337,RotA-0337:local:0,atrop_bond,confirmed,8,8,8,2,4;4,1,true,false,true,true,0.07219015099963144,
rota,RotA-0338,RotA-0338:local:0,atrop_bond,confirmed,8,8,8,2,4;4,1,true,false,true,true,0.11822656999993342,
rota,RotA-0338,RotA-0338:local:1,atrop_bond,symmetry_related,8,8,8,2,4;4,1,true,false,true,true,0.07824725299997226,
rota,RotA-0338,RotA-0338:local:2,atrop_bond,symmetry_related,8,8,8,2,4;4,1,true,false,true,true,0.07888044800074567,
rota,RotA-0339,RotA-0339:local:0,atrop_bond,symmetry_related,8,8,8,2,4;4,1,true,false,true,true,0.7184419700006401,
rota,RotA-0339,RotA-0339:local:1,atrop_bond,confirmed,8,8,8,2,4;4,1,true,false,true,true,0.9489963650003119,
rota,RotA-0339,RotA-0339:local:2,atrop_bond,symmetry_related,8,8,8,2,4;4,1,true,false,true,true,0.707070090000343,
rota,RotA-0340,RotA-0340:local:0,atrop_bond,symmetry_related,8,8,8,2,4;4,1,true,false,true,true,0.4346361899997646,
rota,RotA-0340,RotA-0340:local:1,atrop_bond,confirmed,8,8,8,2,4;4,1,true,false,true,true,0.7133466039995255,
rota,RotA-0340,RotA-0340:local:2,atrop_bond,symmetry_related,8,8,8,2,4;4,1,true,false,true,true,0.4367399060001844,
rota,RotA-0341,RotA-0341:local:0,atrop_bond,symmetry_related,8,8,8,2,4;4,1,true,false,true,true,0.11099145100070018,
rota,RotA-0341,RotA-0341:local:1,atrop_bond,confirmed,8,8,8,2,4;4,1,true,false,true,true,0.17626928000026965,
rota,RotA-0341,RotA-0341:local:2,atrop_bond,symmetry_related,8,8,8,2,4;4,1,true,false,true,true,0.11036259400043491,
rota,RotA-0342,RotA-0342:local:0,atrop_bond,confirmed,8,8,8,2,4;4,1,true,false,true,true,0.07844615399972099,
rota,RotA-0343,RotA-0343:local:0,atrop_bond,confirmed,8,8,8,2,4;4,1,true,false,true,true,0.07608898899979977,
rota,RotA-0344,RotA-0344:local:0,atrop_bond,confirmed,8,8,8,2,4;4,1,true,false,true,true,1.228018680999412,
rota,RotA-0345,RotA-0345:local:0,atrop_bond,confirmed,8,8,8,2,4;4,1,true,false,true,true,0.08228041300026234,
rota,RotA-0346,RotA-0346:local:0,atrop_bond,confirmed,8,8,8,2,4;4,1,true,false,true,true,0.15000233799946727,
rota,RotA-0346,RotA-0346:local:1,atrop_bond,symmetry_related,8,8,8,2,4;4,1,true,false,true,true,0.08646635500008415,
rota,RotA-0346,RotA-0346:local:2,atrop_bond,symmetry_related,8,8,8,2,4;4,1,true,false,true,true,0.08673070299937535,
rota,RotA-0347,RotA-0347:local:0,tetrahedral,confirmed,24,24,24,2,12;12,2,true,true,false,true,0.25338753199957864,
rota,RotA-0348,RotA-0348:local:0,tetrahedral,supplied_support,24,24,24,2,12;12,2,true,true,false,true,0.1357491589997153,
rota,RotA-0348,RotA-0348:local:1,tetrahedral,supplied_support,24,24,24,2,12;12,2,true,true,false,true,0.13587896399985766,
rota,RotA-0349,RotA-0349:local:0,tetrahedral,supplied_support,24,24,24,2,12;12,2,true,true,false,true,0.13998220000030415,
rota,RotA-0349,RotA-0349:local:1,tetrahedral,supplied_support,24,24,24,2,12;12,2,true,true,false,true,0.1531122159994993,
rota,RotA-0350,RotA-0350:local:0,tetrahedral,supplied_support,24,24,24,2,12;12,2,true,true,false,true,0.2324127359997874,
rota,RotA-0350,RotA-0350:local:1,tetrahedral,supplied_support,24,24,24,2,12;12,2,true,true,false,true,0.22234255300008954,
rota,RotA-0351,RotA-0351:local:0,tetrahedral,supplied_support,24,24,24,2,12;12,2,true,true,false,true,0.2410676039999089,
rota,RotA-0351,RotA-0351:local:1,tetrahedral,supplied_support,24,24,24,2,12;12,2,true,true,false,true,0.22944007299975056,
rota,RotA-0352,RotA-0352:local:0,tetrahedral,supplied_support,24,24,24,2,12;12,2,true,true,false,true,0.13947196000026452,
rota,RotA-0352,RotA-0352:local:1,tetrahedral,supplied_support,24,24,24,2,12;12,2,true,true,false,true,0.15047896499982016,
rota,RotA-0353,RotA-0353:local:0,tetrahedral,supplied_support,24,24,24,2,12;12,2,true,true,false,true,0.13977609900030075,
rota,RotA-0353,RotA-0353:local:1,tetrahedral,supplied_support,24,24,24,2,12;12,2,true,true,false,true,0.15140033399984532,
rota,RotA-0354,RotA-0354:local:0,tetrahedral,supplied_support,24,24,24,2,12;12,2,true,true,false,true,0.1464249930004371,
rota,RotA-0354,RotA-0354:local:1,tetrahedral,supplied_support,24,24,24,2,12;12,2,true,true,false,true,0.15698616600002424,
rota,RotA-0355,RotA-0355:local:0,tetrahedral,supplied_support,24,24,24,2,12;12,2,true,true,false,true,0.18054474400014442,
rota,RotA-0355,RotA-0355:local:1,tetrahedral,supplied_support,24,24,24,2,12;12,2,true,true,false,true,0.19245284799944784,
rota,RotA-0355,RotA-0355:local:2,atrop_bond,symmetry_related,8,8,8,2,4;4,1,true,false,true,true,0.04979911100053869,
rota,RotA-0356,RotA-0356:local:0,tetrahedral,supplied_support,24,24,24,2,12;12,2,true,true,false,true,0.35252304400000867,
rota,RotA-0356,RotA-0356:local:1,tetrahedral,supplied_support,24,24,24,2,12;12,2,true,true,false,true,0.364099377000457,
rota,RotA-0357,RotA-0357:local:0,tetrahedral,supplied_support,24,24,24,2,12;12,2,true,true,false,true,0.1450939059996017,
rota,RotA-0357,RotA-0357:local:1,tetrahedral,supplied_support,24,24,24,2,12;12,2,true,true,false,true,0.1451571210000111,
rota,RotA-0358,RotA-0358:local:0,tetrahedral,supplied_support,24,24,24,2,12;12,2,true,true,false,true,0.15739677399960783,
rota,RotA-0358,RotA-0358:local:1,tetrahedral,supplied_support,24,24,24,2,12;12,2,true,true,false,true,0.14473360300053173,
rota,RotA-0359,RotA-0359:local:0,tetrahedral,supplied_support,24,24,24,2,12;12,2,true,true,false,true,0.16062512200005585,
rota,RotA-0359,RotA-0359:local:1,tetrahedral,supplied_support,24,24,24,2,12;12,2,true,true,false,true,0.16099860499980423,
rota,RotA-0360,RotA-0360:local:0,tetrahedral,supplied_support,24,24,24,2,12;12,2,true,true,false,true,0.14753097999982856,
rota,RotA-0360,RotA-0360:local:1,tetrahedral,supplied_support,24,24,24,2,12;12,2,true,true,false,true,0.13661645499996666,
rota,RotA-0361,RotA-0361:local:0,tetrahedral,supplied_support,24,24,24,2,12;12,2,true,true,false,true,0.1447227759999805,
rota,RotA-0361,RotA-0361:local:1,tetrahedral,supplied_support,24,24,24,2,12;12,2,true,true,false,true,0.1582478180007456,
rota,RotA-0362,RotA-0362:local:0,tetrahedral,supplied_support,24,24,24,2,12;12,2,true,true,false,true,0.16228843000044435,
rota,RotA-0362,RotA-0362:local:1,tetrahedral,supplied_support,24,24,24,2,12;12,2,true,true,false,true,0.14840228400043998,
rota,RotA-0362,RotA-0362:local:2,atrop_bond,confirmed,8,8,8,2,4;4,2,true,true,false,true,0.035367382000004,
rota,RotA-0363,RotA-0363:local:0,tetrahedral,supplied_support,24,24,24,2,12;12,2,true,true,false,true,0.17069094900034543,
rota,RotA-0363,RotA-0363:local:1,tetrahedral,supplied_support,24,24,24,2,12;12,2,true,true,false,true,0.17084326800068084,
rota,RotA-0364,RotA-0364:local:0,tetrahedral,supplied_support,24,24,24,2,12;12,2,true,true,false,true,0.3762650879998546,
rota,RotA-0364,RotA-0364:local:1,tetrahedral,supplied_support,24,24,24,2,12;12,2,true,true,false,true,0.3777564230003918,
rota,RotA-0365,RotA-0365:local:0,tetrahedral,supplied_support,24,24,24,2,12;12,2,true,true,false,true,0.2497651659996336,
rota,RotA-0365,RotA-0365:local:1,tetrahedral,supplied_support,24,24,24,2,12;12,2,true,true,false,true,0.26145406700015883,
rota,RotA-0365,RotA-0365:local:2,tetrahedral,supplied_support,24,24,24,2,12;12,2,true,true,false,true,0.250927555999624,
rota,RotA-0365,RotA-0365:local:3,tetrahedral,supplied_support,24,24,24,2,12;12,2,true,true,false,true,0.24760538800001086,
rota,RotA-0366,RotA-0366:local:0,tetrahedral,supplied_support,24,24,24,2,12;12,2,true,true,false,true,0.25254283499998564,
rota,RotA-0366,RotA-0366:local:1,tetrahedral,supplied_support,24,24,24,2,12;12,2,true,true,false,true,0.2417101390001335,
rota,RotA-0366,RotA-0366:local:2,tetrahedral,supplied_support,24,24,24,2,12;12,2,true,true,false,true,0.2411594690001948,
rota,RotA-0366,RotA-0366:local:3,tetrahedral,supplied_support,24,24,24,2,12;12,2,true,true,false,true,0.24224249200051418,
rota,RotA-0367,RotA-0367:local:0,tetrahedral,supplied_support,24,24,24,2,12;12,2,true,true,false,true,0.22581111199997395,
rota,RotA-0367,RotA-0367:local:1,tetrahedral,supplied_support,24,24,24,2,12;12,2,true,true,false,true,0.23879286099963792,
rota,RotA-0367,RotA-0367:local:2,tetrahedral,supplied_support,24,24,24,2,12;12,2,true,true,false,true,0.21408974699988903,
rota,RotA-0367,RotA-0367:local:3,tetrahedral,supplied_support,24,24,24,2,12;12,2,true,true,false,true,0.23734418799995183,
rota,RotA-0368,RotA-0368:local:0,tetrahedral,supplied_support,24,24,24,2,12;12,2,true,true,false,true,0.21072328199988988,
rota,RotA-0368,RotA-0368:local:1,tetrahedral,supplied_support,24,24,24,2,12;12,2,true,true,false,true,0.2351606049996917,
rota,RotA-0368,RotA-0368:local:2,tetrahedral,supplied_support,24,24,24,2,12;12,2,true,true,false,true,0.22267621199989662,
rota,RotA-0368,RotA-0368:local:3,tetrahedral,supplied_support,24,24,24,2,12;12,2,true,true,false,true,0.22346361000018078,
rota,RotA-0369,RotA-0369:local:0,tetrahedral,supplied_support,24,24,24,2,12;12,2,true,true,false,true,0.21994381399963459,
rota,RotA-0369,RotA-0369:local:1,tetrahedral,supplied_support,24,24,24,2,12;12,2,true,true,false,true,0.21797583599982318,
rota,RotA-0369,RotA-0369:local:2,tetrahedral,supplied_support,24,24,24,2,12;12,2,true,true,false,true,0.20655059100045037,
rota,RotA-0369,RotA-0369:local:3,tetrahedral,supplied_support,24,24,24,2,12;12,2,true,true,false,true,0.22080331899996963,
rota,RotA-0370,RotA-0370:local:0,tetrahedral,supplied_support,24,24,24,2,12;12,2,true,true,false,true,0.17302625699994678,
rota,RotA-0370,RotA-0370:local:1,tetrahedral,supplied_support,24,24,24,2,12;12,2,true,true,false,true,0.1959403939999902,
rota,RotA-0370,RotA-0370:local:2,tetrahedral,supplied_support,24,24,24,2,12;12,2,true,true,false,true,0.18343666199962172,
rota,RotA-0370,RotA-0370:local:3,tetrahedral,supplied_support,24,24,24,2,12;12,2,true,true,false,true,0.17312906200004363,
rota,RotA-0371,RotA-0371:local:0,tetrahedral,supplied_support,24,24,24,2,12;12,2,true,true,false,true,0.1949327850006739,
rota,RotA-0371,RotA-0371:local:1,tetrahedral,supplied_support,24,24,24,2,12;12,2,true,true,false,true,0.19325413400019897,
rota,RotA-0371,RotA-0371:local:2,tetrahedral,supplied_support,24,24,24,2,12;12,2,true,true,false,true,0.20751526499952888,
rota,RotA-0371,RotA-0371:local:3,tetrahedral,supplied_support,24,24,24,2,12;12,2,true,true,false,true,0.18118429600053787,
rota,RotA-0372,RotA-0372:local:0,tetrahedral,supplied_support,24,24,24,2,12;12,2,true,true,false,true,0.23413558999982342,
rota,RotA-0372,RotA-0372:local:1,tetrahedral,supplied_support,24,24,24,2,12;12,2,true,true,false,true,0.20597389100021246,
rota,RotA-0372,RotA-0372:local:2,tetrahedral,supplied_support,24,24,24,2,12;12,2,true,true,false,true,0.23058783099986613,
rota,RotA-0372,RotA-0372:local:3,tetrahedral,supplied_support,24,24,24,2,12;12,2,true,true,false,true,0.20693432900043263,
rota,RotA-0373,RotA-0373:local:0,tetrahedral,supplied_support,24,24,24,2,12;12,2,true,true,false,true,0.22849035800027195,
rota,RotA-0373,RotA-0373:local:1,tetrahedral,supplied_support,24,24,24,2,12;12,2,true,true,false,true,0.21306694600025367,
rota,RotA-0373,RotA-0373:local:2,tetrahedral,supplied_support,24,24,24,2,12;12,2,true,true,false,true,0.22663119600019854,
rota,RotA-0373,RotA-0373:local:3,tetrahedral,supplied_support,24,24,24,2,12;12,2,true,true,false,true,0.2271950360000119,
rota,RotA-0374,RotA-0374:local:0,tetrahedral,supplied_support,24,24,24,2,12;12,2,true,true,false,true,0.44462965599996096,
rota,RotA-0374,RotA-0374:local:1,tetrahedral,supplied_support,24,24,24,2,12;12,2,true,true,false,true,0.45699055200020666,
rota,RotA-0374,RotA-0374:local:2,tetrahedral,supplied_support,24,24,24,2,12;12,2,true,true,false,true,0.4439068510000652,
rota,RotA-0374,RotA-0374:local:3,tetrahedral,supplied_support,24,24,24,2,12;12,2,true,true,false,true,0.4561130839992984,
rota,RotA-0375,RotA-0375:local:0,tetrahedral,supplied_support,24,24,24,2,12;12,2,true,true,false,true,2.842104029999973,
rota,RotA-0375,RotA-0375:local:1,tetrahedral,supplied_support,24,24,24,2,12;12,2,true,true,false,true,2.861963552999441,
rota,RotA-0375,RotA-0375:local:2,tetrahedral,supplied_support,24,24,24,2,12;12,2,true,true,false,true,2.8299579760005145,
rota,RotA-0375,RotA-0375:local:3,tetrahedral,supplied_support,24,24,24,2,12;12,2,true,true,false,true,2.8450203490001513,
rota,RotA-0376,RotA-0376:local:0,tetrahedral,supplied_support,24,24,24,2,12;12,2,true,true,false,true,0.19182545999956346,
rota,RotA-0376,RotA-0376:local:1,tetrahedral,supplied_support,24,24,24,2,12;12,2,true,true,false,true,0.19272963299954426,
rota,RotA-0376,RotA-0376:local:2,tetrahedral,supplied_support,24,24,24,2,12;12,2,true,true,false,true,0.1914166220003608,
rota,RotA-0376,RotA-0376:local:3,tetrahedral,supplied_support,24,24,24,2,12;12,2,true,true,false,true,0.19284311199953663,
rota,RotA-0377,RotA-0377:local:0,tetrahedral,supplied_support,24,24,24,2,12;12,2,true,true,false,true,0.24277099900064059,
rota,RotA-0377,RotA-0377:local:1,tetrahedral,supplied_support,24,24,24,2,12;12,2,true,true,false,true,0.2563335439999719,
rota,RotA-0377,RotA-0377:local:2,tetrahedral,supplied_support,24,24,24,2,12;12,2,true,true,false,true,0.23047196399966197,
rota,RotA-0377,RotA-0377:local:3,tetrahedral,supplied_support,24,24,24,2,12;12,2,true,true,false,true,0.24507523000011133,
rota,RotA-0378,RotA-0378:local:0,tetrahedral,supplied_support,24,24,24,2,12;12,2,true,true,false,true,0.19386563600073714,
rota,RotA-0378,RotA-0378:local:1,tetrahedral,confirmed,24,24,24,2,12;12,2,true,true,false,true,0.2192364449992965,
rota,RotA-0378,RotA-0378:local:2,tetrahedral,supplied_support,24,24,24,2,12;12,2,true,true,false,true,0.18200319999959902,
rota,RotA-0378,RotA-0378:local:3,tetrahedral,supplied_support,24,24,24,2,12;12,2,true,true,false,true,0.20442185899992182,
rota,RotA-0378,RotA-0378:local:4,tetrahedral,supplied_support,24,24,24,2,12;12,2,true,true,false,true,0.18188448999990214,
rota,RotA-0378,RotA-0378:local:5,planar_bond,supplied_support,8,8,8,2,4;4,2,true,true,false,true,0.04989024699989386,
rota,RotA-0379,RotA-0379:local:0,tetrahedral,supplied_support,24,24,24,2,12;12,2,true,true,false,true,0.26066960400021344,
rota,RotA-0379,RotA-0379:local:1,tetrahedral,supplied_support,24,24,24,2,12;12,2,true,true,false,true,0.27473757100051444,
rota,RotA-0379,RotA-0379:local:2,tetrahedral,supplied_support,24,24,24,2,12;12,2,true,true,false,true,0.24635632199988322,
rota,RotA-0379,RotA-0379:local:3,tetrahedral,supplied_support,24,24,24,2,12;12,2,true,true,false,true,0.27460884699939925,
rota,RotA-0380,RotA-0380:local:0,tetrahedral,supplied_support,24,24,24,2,12;12,2,true,true,false,true,0.22329634699963208,
rota,RotA-0380,RotA-0380:local:1,tetrahedral,supplied_support,24,24,24,2,12;12,2,true,true,false,true,0.22510965899982693,
rota,RotA-0380,RotA-0380:local:2,tetrahedral,supplied_support,24,24,24,2,12;12,2,true,true,false,true,0.2098229919993173,
rota,RotA-0380,RotA-0380:local:3,tetrahedral,supplied_support,24,24,24,2,12;12,2,true,true,false,true,0.22273961599967151,
rota,RotA-0381,RotA-0381:local:0,tetrahedral,supplied_support,24,24,24,2,12;12,2,true,true,false,true,0.45687497399921995,
rota,RotA-0381,RotA-0381:local:1,tetrahedral,supplied_support,24,24,24,2,12;12,2,true,true,false,true,0.4693109509998976,
rota,RotA-0381,RotA-0381:local:2,atrop_bond,confirmed,8,8,8,2,4;4,1,true,false,true,true,0.1398325299996941,
rota,RotA-0382,RotA-0382:local:0,tetrahedral,supplied_support,24,24,24,2,12;12,1,true,false,true,true,2.7360438599998815,
rota,RotA-0382,RotA-0382:local:1,tetrahedral,supplied_support,24,24,24,2,12;12,1,true,false,true,true,1.8612570870000127,
rota,RotA-0382,RotA-0382:local:2,tetrahedral,supplied_support,24,24,24,2,12;12,1,true,false,true,true,1.8406813470000998,
rota,RotA-0382,RotA-0382:local:3,tetrahedral,supplied_support,24,24,24,2,12;12,1,true,false,true,true,1.86399234000055,
rota,RotA-0382,RotA-0382:local:4,tetrahedral,supplied_support,24,24,24,2,12;12,1,true,false,true,true,2.793114104999404,
rota,RotA-0382,RotA-0382:local:5,tetrahedral,supplied_support,24,24,24,2,12;12,1,true,false,true,true,1.8456409529999291,
rota,RotA-0382,RotA-0382:local:6,tetrahedral,supplied_support,24,24,24,2,12;12,1,true,false,true,true,1.8759657480004535,
rota,RotA-0382,RotA-0382:local:7,tetrahedral,supplied_support,24,24,24,2,12;12,1,true,false,true,true,1.8307293130001199,
rota,RotA-0382,RotA-0382:local:8,tetrahedral,supplied_support,24,24,24,2,12;12,2,true,true,false,true,2.5970497570006046,
rota,RotA-0382,RotA-0382:local:9,tetrahedral,supplied_support,24,24,24,2,12;12,2,true,true,false,true,2.5647758410004826,
rota,RotA-0382,RotA-0382:local:10,tetrahedral,supplied_support,24,24,24,2,12;12,2,true,true,false,true,2.5785017619991777,
rota,RotA-0382,RotA-0382:local:11,tetrahedral,supplied_support,24,24,24,2,12;12,2,true,true,false,true,2.602276515000085,
rota,RotA-0383,RotA-0383:local:0,tetrahedral,supplied_support,24,24,24,2,12;12,2,true,true,false,true,0.22010111999952642,
rota,RotA-0383,RotA-0383:local:1,tetrahedral,supplied_support,24,24,24,2,12;12,2,true,true,false,true,0.21905806499944447,
rota,RotA-0383,RotA-0383:local:2,tetrahedral,supplied_support,24,24,24,2,12;12,2,true,true,false,true,0.2162656259997675,
rota,RotA-0383,RotA-0383:local:3,tetrahedral,supplied_support,24,24,24,2,12;12,2,true,true,false,true,0.20499857899994822,
rota,RotA-0384,RotA-0384:local:0,tetrahedral,supplied_support,24,24,24,2,12;12,2,true,true,false,true,0.2790802290001011,
rota,RotA-0384,RotA-0384:local:1,tetrahedral,supplied_support,24,24,24,2,12;12,2,true,true,false,true,0.2937555030002841,
rota,RotA-0384,RotA-0384:local:2,tetrahedral,supplied_support,24,24,24,2,12;12,2,true,true,false,true,0.2803910040001938,
rota,RotA-0384,RotA-0384:local:3,tetrahedral,supplied_support,24,24,24,2,12;12,2,true,true,false,true,0.3049740659998861,
rota,RotA-0385,RotA-0385:local:0,tetrahedral,supplied_support,24,24,24,2,12;12,2,true,true,false,true,0.3261192669997399,
rota,RotA-0385,RotA-0385:local:1,tetrahedral,supplied_support,24,24,24,2,12;12,2,true,true,false,true,0.3239351539996278,
rota,RotA-0385,RotA-0385:local:2,tetrahedral,supplied_support,24,24,24,2,12;12,2,true,true,false,true,0.32307390599999053,
rota,RotA-0385,RotA-0385:local:3,tetrahedral,supplied_support,24,24,24,2,12;12,2,true,true,false,true,0.32318198600023607,
rota,RotA-0385,RotA-0385:local:4,tetrahedral,supplied_support,24,24,24,2,12;12,2,true,true,false,true,0.3056635630000528,
rota,RotA-0385,RotA-0385:local:5,tetrahedral,supplied_support,24,24,24,2,12;12,2,true,true,false,true,0.3189967150001394,
rota,RotA-0386,RotA-0386:local:0,tetrahedral,supplied_support,24,24,24,2,12;12,2,true,true,false,true,0.6853085829998236,
rota,RotA-0386,RotA-0386:local:1,tetrahedral,supplied_support,24,24,24,2,12;12,2,true,true,false,true,0.6920014389997959,
rota,RotA-0387,RotA-0387:local:0,tetrahedral,supplied_support,24,24,24,2,12;12,2,true,true,false,true,3.444934271999955,
rota,RotA-0387,RotA-0387:local:1,tetrahedral,supplied_support,24,24,24,2,12;12,2,true,true,false,true,3.4800260309993973,
rota,RotA-0388,RotA-0388:local:0,tetrahedral,supplied_support,24,24,24,2,12;12,2,true,true,false,true,2.7720216500001698,
rota,RotA-0389,RotA-0389:local:0,tetrahedral,supplied_support,24,24,24,2,12;12,2,true,true,false,true,0.7607809220007766,
rota,RotA-0389,RotA-0389:local:1,tetrahedral,supplied_support,24,24,24,2,12;12,2,true,true,false,true,0.7565974890003417,
rota,RotA-0390,RotA-0390:local:0,tetrahedral,supplied_support,24,24,24,2,12;12,2,true,true,false,true,0.15840637299970695,
rota,RotA-0390,RotA-0390:local:1,tetrahedral,supplied_support,24,24,24,2,12;12,2,true,true,false,true,0.14414914799999679,
rota,RotA-0391,RotA-0391:local:0,tetrahedral,supplied_support,24,24,24,2,12;12,2,true,true,false,true,0.19881914199959283,
rota,RotA-0391,RotA-0391:local:1,tetrahedral,supplied_support,24,24,24,2,12;12,2,true,true,false,true,0.18493560899969452,
rota,RotA-0391,RotA-0391:local:2,atrop_bond,symmetry_related,8,8,8,2,4;4,1,true,false,true,true,0.05025617799947213,
rota,RotA-0392,RotA-0392:local:0,tetrahedral,supplied_support,24,24,24,2,12;12,2,true,true,false,true,1.0088226520001626,
rota,RotA-0392,RotA-0392:local:1,tetrahedral,supplied_support,24,24,24,2,12;12,2,true,true,false,true,1.0070736130001023,
rota,RotA-0392,RotA-0392:local:2,atrop_bond,symmetry_related,8,8,8,2,4;4,1,true,false,true,true,0.16059513799973502,
rota,RotA-0393,RotA-0393:local:0,tetrahedral,supplied_support,24,24,24,2,12;12,2,true,true,false,true,0.9350118810007189,
rota,RotA-0393,RotA-0393:local:1,tetrahedral,supplied_support,24,24,24,2,12;12,2,true,true,false,true,0.9237179930005368,
rota,RotA-0393,RotA-0393:local:2,atrop_bond,symmetry_related,8,8,8,2,4;4,1,true,false,true,true,0.16123163900010695,
rota,RotA-0394,RotA-0394:local:0,tetrahedral,supplied_support,24,24,24,2,12;12,2,true,true,false,true,0.980766842999401,
rota,RotA-0394,RotA-0394:local:1,tetrahedral,supplied_support,24,24,24,2,12;12,2,true,true,false,true,0.9817777750004097,
rota,RotA-0394,RotA-0394:local:2,atrop_bond,symmetry_related,8,8,8,2,4;4,1,true,false,true,true,0.15494083400062664,
rota,RotA-0395,RotA-0395:local:0,tetrahedral,supplied_support,24,24,24,2,12;12,2,true,true,false,true,0.19299810400025308,
rota,RotA-0395,RotA-0395:local:1,tetrahedral,supplied_support,24,24,24,2,12;12,2,true,true,false,true,0.19356404700010899,
rota,RotA-0395,RotA-0395:local:2,atrop_bond,symmetry_related,8,8,8,2,4;4,1,true,false,true,true,0.06444546100010484,
rota,RotA-0396,RotA-0396:local:0,tetrahedral,supplied_support,24,24,24,2,12;12,2,true,true,false,true,0.9655679160005093,
rota,RotA-0396,RotA-0396:local:1,tetrahedral,supplied_support,24,24,24,2,12;12,2,true,true,false,true,0.9664230449998286,
rota,RotA-0396,RotA-0396:local:2,atrop_bond,symmetry_related,8,8,8,2,4;4,1,true,false,true,true,0.15034120900054404,
rota,RotA-0397,RotA-0397:local:0,tetrahedral,supplied_support,24,24,24,2,12;12,2,true,true,false,true,0.9577701799998977,
rota,RotA-0397,RotA-0397:local:1,tetrahedral,supplied_support,24,24,24,2,12;12,2,true,true,false,true,0.9527152970003954,
rota,RotA-0397,RotA-0397:local:2,atrop_bond,symmetry_related,8,8,8,2,4;4,1,true,false,true,true,0.15250900699993508,
rota,RotA-0398,RotA-0398:local:0,tetrahedral,supplied_support,24,24,24,2,12;12,2,true,true,false,true,0.9962947199992414,
rota,RotA-0398,RotA-0398:local:1,tetrahedral,supplied_support,24,24,24,2,12;12,2,true,true,false,true,0.9882449819997419,
rota,RotA-0398,RotA-0398:local:2,atrop_bond,symmetry_related,8,8,8,2,4;4,1,true,false,true,true,0.16022834400064312,
rota,RotA-0399,RotA-0399:local:0,tetrahedral,supplied_support,24,24,24,2,12;12,2,true,true,false,true,1.0050823960000344,
rota,RotA-0399,RotA-0399:local:1,tetrahedral,supplied_support,24,24,24,2,12;12,2,true,true,false,true,0.9950715420000051,
rota,RotA-0399,RotA-0399:local:2,atrop_bond,symmetry_related,8,8,8,2,4;4,1,true,false,true,true,0.17487981299927924,
rota,RotA-0400,RotA-0400:local:0,atrop_bond,confirmed,8,8,8,2,4;4,1,true,false,true,true,0.20672849400034465,
rota,RotA-0400,RotA-0400:local:1,atrop_bond,confirmed,8,8,8,2,4;4,1,true,false,true,true,0.22965913400003046,
rota,RotA-0400,RotA-0400:local:2,atrop_bond,symmetry_related,8,8,8,2,4;4,1,true,false,true,true,0.15878415899987885,
rota,RotA-0400,RotA-0400:local:3,atrop_bond,symmetry_related,8,8,8,2,4;4,1,true,false,true,true,0.14528498700019554,
rota,RotA-0401,RotA-0401:local:0,atrop_bond,confirmed,8,8,8,2,4;4,1,true,false,true,true,1.0728981570000542,
rota,RotA-0401,RotA-0401:local:1,atrop_bond,confirmed,8,8,8,2,4;4,1,true,false,true,true,1.4044931700000234,
rota,RotA-0401,RotA-0401:local:2,atrop_bond,symmetry_related,8,8,8,2,4;4,1,true,false,true,true,1.0759997109998949,
rota,RotA-0401,RotA-0401:local:3,atrop_bond,symmetry_related,8,8,8,2,4;4,1,true,false,true,true,1.0596659630000431,
rota,RotA-0402,RotA-0402:local:0,atrop_bond,symmetry_related,8,8,8,2,4;4,1,true,false,true,true,1.0174333019995174,
rota,RotA-0402,RotA-0402:local:1,atrop_bond,confirmed,8,8,8,2,4;4,1,true,false,true,true,1.1667852049995417,
rota,RotA-0402,RotA-0402:local:2,atrop_bond,symmetry_related,8,8,8,2,4;4,1,true,false,true,true,1.0202666880004472,
rota,RotA-0403,RotA-0403:local:0,atrop_bond,confirmed,8,8,8,2,4;4,1,true,false,true,true,0.9099777370001902,
rota,RotA-0403,RotA-0403:local:1,atrop_bond,confirmed,8,8,8,2,4;4,1,true,false,true,true,0.9441306059998169,
rota,RotA-0403,RotA-0403:local:2,atrop_bond,symmetry_related,8,8,8,2,4;4,1,true,false,true,true,0.7249144449997402,
rota,RotA-0403,RotA-0403:local:3,atrop_bond,symmetry_related,8,8,8,2,4;4,1,true,false,true,true,0.5399306100007379,
rota,RotA-0403,RotA-0403:local:4,atrop_bond,symmetry_related,8,8,8,2,4;4,1,true,false,true,true,0.5513793439995425,
rota,RotA-0403,RotA-0403:local:5,atrop_bond,symmetry_related,8,8,8,2,4;4,1,true,false,true,true,0.7047014069994475,
rota,RotA-0403,RotA-0403:local:6,atrop_bond,symmetry_related,8,8,8,2,4;4,1,true,false,true,true,0.559611808000227,
rota,RotA-0403,RotA-0403:local:7,atrop_bond,symmetry_related,8,8,8,2,4;4,1,true,false,true,true,0.5527270949996819,
rota,RotA-0404,RotA-0404:local:0,atrop_bond,symmetry_related,8,8,8,2,4;4,1,true,false,true,true,1.060600871999668,
rota,RotA-0404,RotA-0404:local:1,atrop_bond,confirmed,8,8,8,2,4;4,1,true,false,true,true,1.3853199859995584,
rota,RotA-0404,RotA-0404:local:2,atrop_bond,confirmed,8,8,8,2,4;4,1,true,false,true,true,1.033306103000541,
rota,RotA-0404,RotA-0404:local:3,atrop_bond,symmetry_related,8,8,8,2,4;4,1,true,false,true,true,1.058252808999896,
rota,RotA-0405,RotA-0405:local:0,atrop_bond,symmetry_related,8,8,8,2,4;4,1,true,false,true,true,1.0068617959996118,
rota,RotA-0405,RotA-0405:local:1,atrop_bond,confirmed,8,8,8,2,4;4,1,true,false,true,true,1.1514234350006518,
rota,RotA-0405,RotA-0405:local:2,atrop_bond,symmetry_related,8,8,8,2,4;4,1,true,false,true,true,1.002432663000036,
rota,RotA-0406,RotA-0406:local:0,atrop_bond,symmetry_related,8,8,8,2,4;4,1,true,false,true,true,0.11184920699997747,
rota,RotA-0406,RotA-0406:local:1,atrop_bond,confirmed,8,8,8,2,4;4,1,true,false,true,true,0.18193563099976018,
rota,RotA-0406,RotA-0406:local:2,atrop_bond,symmetry_related,8,8,8,2,4;4,1,true,false,true,true,0.12170587599939608,
rota,RotA-0407,RotA-0407:local:0,atrop_bond,symmetry_related,8,8,8,2,4;4,1,true,false,true,true,0.6825842990001547,
rota,RotA-0407,RotA-0407:local:1,atrop_bond,symmetry_related,8,8,8,2,4;4,1,true,false,true,true,0.4485395029996653,
rota,RotA-0407,RotA-0407:local:2,atrop_bond,symmetry_related,8,8,8,2,4;4,1,true,false,true,true,0.46044740500019543,
rota,RotA-0407,RotA-0407:local:3,atrop_bond,confirmed,8,8,8,2,4;4,1,true,false,true,true,0.8681543710008555,
rota,RotA-0407,RotA-0407:local:4,atrop_bond,symmetry_related,8,8,8,2,4;4,1,true,false,true,true,0.6781340470006398,
rota,RotA-0407,RotA-0407:local:5,atrop_bond,symmetry_related,8,8,8,2,4;4,1,true,false,true,true,0.44791582100060623,
rota,RotA-0407,RotA-0407:local:6,atrop_bond,symmetry_related,8,8,8,2,4;4,1,true,false,true,true,0.45818409799994697,
rota,RotA-0408,RotA-0408:local:0,atrop_bond,confirmed,8,8,8,2,4;4,1,true,false,true,true,0.5923201559999143,
rota,RotA-0409,RotA-0409:local:0,tetrahedral,supplied_support,24,24,24,2,12;12,2,true,true,false,true,0.44359447399983765,
rota,RotA-0409,RotA-0409:local:1,tetrahedral,supplied_support,24,24,24,2,12;12,2,true,true,false,true,0.44374430700008816,
rota,RotA-0409,RotA-0409:local:2,atrop_bond,confirmed,8,8,8,2,4;4,1,true,false,true,true,0.09834344400042028,
rota,RotA-0410,RotA-0410:local:0,atrop_bond,confirmed,8,8,8,2,4;4,1,true,false,true,true,0.5356074440005614,
rota,RotA-0411,RotA-0411:local:0,tetrahedral,supplied_support,24,24,24,2,12;12,2,true,true,false,true,2.966060269999616,
rota,RotA-0411,RotA-0411:local:1,tetrahedral,confirmed,24,24,24,2,12;12,2,true,true,false,true,3.033371870999872,
rota,RotA-0412,RotA-0412:local:0,atrop_bond,confirmed,8,8,8,2,4;4,1,true,false,true,true,0.5141664880002281,
rota,RotA-0413,RotA-0413:local:0,atrop_bond,confirmed,8,8,8,2,4;4,1,true,false,true,true,0.5581905250001,
rota,RotA-0414,RotA-0414:local:0,atrop_bond,confirmed,8,8,8,2,4;4,2,true,true,false,true,0.1236083530002361,
rota,RotA-0415,RotA-0415:local:0,atrop_bond,confirmed,8,8,8,2,4;4,1,true,false,true,true,0.6497190449999835,
rota,RotA-0416,RotA-0416:local:0,atrop_bond,confirmed,8,8,8,2,4;4,1,true,false,true,true,0.5331731389997003,
rota,RotA-0417,RotA-0417:local:0,atrop_bond,confirmed,8,8,8,2,4;4,1,true,false,true,true,0.5816499519996796,
rota,RotA-0418,RotA-0418:local:0,atrop_bond,confirmed,8,8,8,2,4;4,1,true,false,true,true,5.472406460999991,
rota,RotA-0419,RotA-0419:local:0,atrop_bond,confirmed,8,8,8,2,4;4,1,true,false,true,true,0.6457165140000143,
rota,RotA-0420,RotA-0420:local:0,atrop_bond,confirmed,8,8,8,2,4;4,1,true,false,true,true,0.6808285880006224,
rota,RotA-0421,RotA-0421:local:0,atrop_bond,confirmed,8,8,8,2,4;4,2,true,true,false,true,0.17450250999991113,
rota,RotA-0422,RotA-0422:local:0,atrop_bond,confirmed,8,8,8,2,4;4,1,true,false,true,true,0.5532250530004603,
rota,RotA-0423,RotA-0423:local:0,atrop_bond,confirmed,8,8,8,2,4;4,1,true,false,true,true,0.12150895699960529,
rota,RotA-0424,RotA-0424:local:0,atrop_bond,confirmed,8,8,8,2,4;4,1,true,false,true,true,4.842567518000578,
rota,RotA-0425,RotA-0425:local:0,atrop_bond,confirmed,8,8,8,2,4;4,1,true,false,true,true,0.3734623219997957,
rota,RotA-0426,RotA-0426:local:0,atrop_bond,confirmed,8,8,8,2,4;4,1,true,false,true,true,0.5125699179998264,
rota,RotA-0428,RotA-0428:local:0,atrop_bond,confirmed,8,8,8,2,4;4,1,true,false,true,true,0.6200925359999019,
rota,RotA-0429,RotA-0429:local:0,atrop_bond,confirmed,8,8,8,2,4;4,1,true,false,true,true,4.817494971000087,
rota,RotA-0430,RotA-0430:local:0,atrop_bond,confirmed,8,8,8,2,4;4,1,true,false,true,true,5.483304966000105,
rota,RotA-0431,RotA-0431:local:0,atrop_bond,confirmed,8,8,8,2,4;4,1,true,false,true,true,0.5385908439993727,
rota,RotA-0432,RotA-0432:local:0,atrop_bond,confirmed,8,8,8,2,4;4,1,true,false,true,true,0.6160081540001556,
rota,RotA-0433,RotA-0433:local:0,atrop_bond,confirmed,8,8,8,2,4;4,1,true,false,true,true,4.893370968999989,
rota,RotA-0434,RotA-0434:local:0,atrop_bond,confirmed,8,8,8,2,4;4,2,true,true,false,true,0.1588135339998189,
rota,RotA-0435,RotA-0435:local:0,atrop_bond,confirmed,8,8,8,2,4;4,1,true,false,true,true,0.7377303849998498,
rota,RotA-0436,RotA-0436:local:0,atrop_bond,confirmed,8,8,8,2,4;4,1,true,false,true,true,1.9212089490001745,
rota,RotA-0437,RotA-0437:local:0,atrop_bond,confirmed,8,8,8,2,4;4,1,true,false,true,true,5.2342944330002865,
rota,RotA-0438,RotA-0438:local:0,atrop_bond,confirmed,8,8,8,2,4;4,1,true,false,true,true,0.6021130090002771,
rota,RotA-0439,RotA-0439:local:0,atrop_bond,confirmed,8,8,8,2,4;4,2,true,true,false,true,0.1132731479992799,
rota,RotA-0440,RotA-0440:local:0,atrop_bond,confirmed,8,8,8,2,4;4,1,true,false,true,true,0.5470806020002783,
rota,RotA-0441,RotA-0441:local:0,atrop_bond,confirmed,8,8,8,2,4;4,1,true,false,true,true,0.5003960100002587,
rota,RotA-0442,RotA-0442:local:0,tetrahedral,confirmed,24,24,24,2,12;12,2,true,true,false,true,2.5135248679998767,
rota,RotA-0443,RotA-0443:local:0,atrop_bond,confirmed,8,8,8,2,4;4,1,true,false,true,true,5.405268724000052,
rota,RotA-0444,RotA-0444:local:0,atrop_bond,confirmed,8,8,8,2,4;4,1,true,false,true,true,1.0185998999995718,
rota,RotA-0445,RotA-0445:local:0,tetrahedral,supplied_support,24,24,24,2,12;12,2,true,true,false,true,0.6480572979999124,
rota,RotA-0445,RotA-0445:local:1,atrop_bond,confirmed,8,8,8,2,4;4,2,true,true,false,true,0.17087691600045218,
rota,RotA-0446,RotA-0446:local:0,tetrahedral,supplied_support,24,24,24,2,12;12,2,true,true,false,true,0.6347569159997875,
rota,RotA-0446,RotA-0446:local:1,tetrahedral,confirmed,24,24,24,2,12;12,2,true,true,false,true,0.6510703540006944,
rota,RotA-0446,RotA-0446:local:2,atrop_bond,confirmed,8,8,8,2,4;4,2,true,true,false,true,0.1833693590006078,
rota,RotA-0447,RotA-0447:local:0,atrop_bond,confirmed,8,8,8,2,4;4,1,true,false,true,true,0.5755427809999674,
rota,RotA-0448,RotA-0448:local:0,atrop_bond,confirmed,8,8,8,2,4;4,1,true,false,true,true,0.5700364990007074,
rota,RotA-0449,RotA-0449:local:0,atrop_bond,confirmed,8,8,8,2,4;4,1,true,false,true,true,0.5526811509998879,
rota,RotA-0450,RotA-0450:local:0,atrop_bond,confirmed,8,8,8,2,4;4,2,true,true,false,true,0.08205101699968509,
rota,RotA-0451,RotA-0451:local:0,atrop_bond,confirmed,8,8,8,2,4;4,2,true,true,false,true,0.08483705700018618,
rota,RotA-0452,RotA-0452:local:0,atrop_bond,confirmed,8,8,8,2,4;4,2,true,true,false,true,0.0820882320003875,
rota,RotA-0453,RotA-0453:local:0,atrop_bond,confirmed,8,8,8,2,4;4,2,true,true,false,true,0.05435522300012963,
rota,RotA-0454,RotA-0454:local:0,atrop_bond,confirmed,8,8,8,2,4;4,2,true,true,false,true,0.055688342999928864,
rota,RotA-0455,RotA-0455:local:0,atrop_bond,confirmed,8,8,8,2,4;4,2,true,true,false,true,0.05648317099985434,
rota,RotA-0456,RotA-0456:local:0,atrop_bond,confirmed,8,8,8,2,4;4,2,true,true,false,true,0.16633992500010208,
rota,RotA-0456,RotA-0456:local:1,atrop_bond,symmetry_related,8,8,8,2,4;4,1,true,false,true,true,0.11816048199943907,
rota,RotA-0457,RotA-0457:local:0,atrop_bond,confirmed,8,8,8,2,4;4,2,true,true,false,true,0.15706955899986497,
rota,RotA-0457,RotA-0457:local:1,atrop_bond,symmetry_related,8,8,8,2,4;4,1,true,false,true,true,0.11858484100048372,
rota,RotA-0458,RotA-0458:local:0,atrop_bond,confirmed,8,8,8,2,4;4,2,true,true,false,true,0.15547941200020432,
rota,RotA-0458,RotA-0458:local:1,atrop_bond,symmetry_related,8,8,8,2,4;4,1,true,false,true,true,0.1166695140000229,
rota,RotA-0459,RotA-0459:local:0,atrop_bond,confirmed,8,8,8,2,4;4,2,true,true,false,true,0.1566609530000278,
rota,RotA-0459,RotA-0459:local:1,atrop_bond,symmetry_related,8,8,8,2,4;4,1,true,false,true,true,0.11769623199961643,
rota,RotA-0460,RotA-0460:local:0,atrop_bond,confirmed,8,8,8,2,4;4,2,true,true,false,true,0.6116599319993838,
rota,RotA-0460,RotA-0460:local:1,atrop_bond,symmetry_related,8,8,8,2,4;4,1,true,false,true,true,0.3839527599993744,
rota,RotA-0461,RotA-0461:local:0,atrop_bond,confirmed,8,8,8,2,4;4,2,true,true,false,true,0.16949728399958985,
rota,RotA-0461,RotA-0461:local:1,atrop_bond,symmetry_related,8,8,8,2,4;4,1,true,false,true,true,0.12695505000010598,
rota,RotA-0462,RotA-0462:local:0,atrop_bond,confirmed,8,8,8,2,4;4,2,true,true,false,true,0.09693200900073862,
rota,RotA-0462,RotA-0462:local:1,atrop_bond,confirmed,8,8,8,2,4;4,2,true,true,false,true,0.09886085700054537,
rota,RotA-0463,RotA-0463:local:0,atrop_bond,confirmed,8,8,8,2,4;4,2,true,true,false,true,0.10428993200002878,
rota,RotA-0463,RotA-0463:local:1,atrop_bond,confirmed,8,8,8,2,4;4,2,true,true,false,true,0.10126082399983716,
rota,RotA-0464,RotA-0464:local:0,atrop_bond,confirmed,8,8,8,2,4;4,2,true,true,false,true,0.10669467600018834,
rota,RotA-0464,RotA-0464:local:1,atrop_bond,confirmed,8,8,8,2,4;4,2,true,true,false,true,0.11976964800032874,
rota,RotA-0465,RotA-0465:local:0,atrop_bond,confirmed,8,8,8,2,4;4,2,true,true,false,true,0.16060980600013863,
rota,RotA-0465,RotA-0465:local:1,atrop_bond,symmetry_related,8,8,8,2,4;4,1,true,false,true,true,0.12334974399982457,
rota,RotA-0466,RotA-0466:local:0,atrop_bond,confirmed,8,8,8,2,4;4,2,true,true,false,true,0.11260581800070213,
rota,RotA-0466,RotA-0466:local:1,atrop_bond,confirmed,8,8,8,2,4;4,2,true,true,false,true,0.12417285599985917,
rota,RotA-0467,RotA-0467:local:0,atrop_bond,confirmed,8,8,8,2,4;4,2,true,true,false,true,0.10629428299944266,
rota,RotA-0467,RotA-0467:local:1,atrop_bond,confirmed,8,8,8,2,4;4,2,true,true,false,true,0.11788334399989253,
rota,RotA-0468,RotA-0468:local:0,atrop_bond,confirmed,8,8,8,2,4;4,2,true,true,false,true,0.3138618590000988,
rota,RotA-0468,RotA-0468:local:1,atrop_bond,symmetry_related,8,8,8,2,4;4,1,true,false,true,true,0.2046062500003245,
rota,RotA-0468,RotA-0468:local:2,planar_bond,supplied_support,8,8,8,2,4;4,2,true,true,false,true,0.34192512199933844,
rota,RotA-0469,RotA-0469:local:0,atrop_bond,confirmed,8,8,8,2,4;4,2,true,true,false,true,0.31839380000019446,
rota,RotA-0469,RotA-0469:local:1,atrop_bond,symmetry_related,8,8,8,2,4;4,1,true,false,true,true,0.20929131299999426,
rota,RotA-0470,RotA-0470:local:0,atrop_bond,confirmed,8,8,8,2,4;4,2,true,true,false,true,0.3151309310005672,
rota,RotA-0470,RotA-0470:local:1,atrop_bond,symmetry_related,8,8,8,2,4;4,1,true,false,true,true,0.20110898799975985,
rota,RotA-0471,RotA-0471:local:0,atrop_bond,confirmed,8,8,8,2,4;4,2,true,true,false,true,0.03859982999983913,
rota,RotA-0472,RotA-0472:local:0,atrop_bond,confirmed,8,8,8,2,4;4,2,true,true,false,true,0.31035604200042144,
rota,RotA-0472,RotA-0472:local:1,atrop_bond,symmetry_related,8,8,8,2,4;4,1,true,false,true,true,0.18581601299956674,
rota,RotA-0472,RotA-0472:local:2,atrop_bond,symmetry_related,8,8,8,2,4;4,1,true,false,true,true,0.18588824100061174,
rota,RotA-0473,RotA-0473:local:0,tetrahedral,confirmed,24,24,24,2,12;12,2,true,true,false,true,0.19891745499990066,
rota,RotA-0474,RotA-0474:local:0,tetrahedral,confirmed,24,24,24,2,12;12,2,true,true,false,true,0.19970650399955048,
rota,RotA-0475,RotA-0475:local:0,tetrahedral,confirmed,24,24,24,2,12;12,2,true,true,false,true,0.25594976200045494,
rota,RotA-0476,RotA-0476:local:0,tetrahedral,confirmed,24,24,24,2,12;12,2,true,true,false,true,0.2465490200002023,
rota,RotA-0477,RotA-0477:local:0,tetrahedral,supplied_support,24,24,24,2,12;12,2,true,true,false,true,0.2668593280004643,
rota,RotA-0477,RotA-0477:local:1,tetrahedral,supplied_support,24,24,24,2,12;12,2,true,true,false,true,0.2674521419994562,
rota,RotA-0477,RotA-0477:local:2,tetrahedral,confirmed,24,24,24,2,12;12,2,true,true,false,true,0.2644501059994582,
rota,RotA-0477,RotA-0477:local:3,tetrahedral,confirmed,24,24,24,2,12;12,2,true,true,false,true,0.2782257010003377,
rota,RotA-0478,RotA-0478:local:0,tetrahedral,confirmed,24,24,24,2,12;12,2,true,true,false,true,0.20110020499942038,
rota,RotA-0479,RotA-0479:local:0,tetrahedral,confirmed,24,24,24,2,12;12,2,true,true,false,true,0.2663870769993082,
rota,RotA-0479,RotA-0479:local:1,tetrahedral,confirmed,24,24,24,2,12;12,2,true,true,false,true,0.2532484699995621,
rota,RotA-0480,RotA-0480:local:0,tetrahedral,confirmed,24,24,24,2,12;12,2,true,true,false,true,0.3968130379998911,
rota,RotA-0481,RotA-0481:local:0,tetrahedral,confirmed,24,24,24,2,12;12,2,true,true,false,true,0.2519140080003126,
rota,RotA-0482,RotA-0482:local:0,tetrahedral,confirmed,24,24,24,2,12;12,2,true,true,false,true,0.26621018900004856,
rota,RotA-0482,RotA-0482:local:1,planar_bond,supplied_support,8,8,8,2,4;4,2,true,true,false,true,0.06453681099992536,
rota,RotA-0483,RotA-0483:local:0,tetrahedral,confirmed,24,24,24,2,12;12,2,true,true,false,true,0.2444639069999539,
rota,RotA-0483,RotA-0483:local:1,atrop_bond,symmetry_related,8,8,8,2,4;4,1,true,false,true,true,0.07214498100074707,
rota,RotA-0484,RotA-0484:local:0,tetrahedral,confirmed,24,24,24,2,12;12,2,true,true,false,true,0.2577921490001245,
rota,RotA-0484,RotA-0484:local:1,atrop_bond,symmetry_related,8,8,8,2,4;4,1,true,false,true,true,0.06325412699970911,
rota,RotA-0485,RotA-0485:local:0,tetrahedral,confirmed,24,24,24,2,12;12,2,true,true,false,true,0.24639953399946535,
rota,RotA-0485,RotA-0485:local:1,atrop_bond,symmetry_related,8,8,8,2,4;4,1,true,false,true,true,0.062214709999352635,
rota,RotA-0486,RotA-0486:local:0,tetrahedral,confirmed,24,24,24,2,12;12,2,true,true,false,true,0.2512277030000405,
rota,RotA-0486,RotA-0486:local:1,atrop_bond,symmetry_related,8,8,8,2,4;4,1,true,false,true,true,0.06389894899984938,
rota,RotA-0487,RotA-0487:local:0,tetrahedral,confirmed,24,24,24,2,12;12,2,true,true,false,true,0.6659017229994788,
rota,RotA-0487,RotA-0487:local:1,atrop_bond,symmetry_related,8,8,8,2,4;4,1,true,false,true,true,0.13256414300030883,
rota,RotA-0488,RotA-0488:local:0,tetrahedral,confirmed,24,24,24,2,12;12,2,true,true,false,true,0.2062745150005867,
rota,RotA-0488,RotA-0488:local:1,atrop_bond,confirmed,8,8,8,2,4;4,2,true,true,false,true,0.05096170599972538,
rota,RotA-0489,RotA-0489:local:0,tetrahedral,confirmed,24,24,24,2,12;12,2,true,true,false,true,0.6843692620004731,
rota,RotA-0489,RotA-0489:local:1,atrop_bond,symmetry_related,8,8,8,2,4;4,1,true,false,true,true,0.11969523300012952,
rota,RotA-0490,RotA-0490:local:0,tetrahedral,confirmed,24,24,24,2,12;12,2,true,true,false,true,0.20503710899993166,
rota,RotA-0490,RotA-0490:local:1,atrop_bond,confirmed,8,8,8,2,4;4,2,true,true,false,true,0.05073407300005783,
rota,RotA-0491,RotA-0491:local:0,tetrahedral,confirmed,24,24,24,2,12;12,2,true,true,false,true,0.2664302110006247,
rota,RotA-0491,RotA-0491:local:1,atrop_bond,symmetry_related,8,8,8,2,4;4,1,true,false,true,true,0.06234701900029904,
rota,RotA-0492,RotA-0492:local:0,tetrahedral,confirmed,24,24,24,2,12;12,2,true,true,false,true,0.21846793700024136,
rota,RotA-0492,RotA-0492:local:1,atrop_bond,confirmed,8,8,8,2,4;4,2,true,true,false,true,0.05033499199998914,
rota,RotA-0493,RotA-0493:local:0,tetrahedral,confirmed,24,24,24,2,12;12,2,true,true,false,true,0.2571200749998752,
rota,RotA-0493,RotA-0493:local:1,atrop_bond,symmetry_related,8,8,8,2,4;4,1,true,false,true,true,0.060918975999811664,
rota,RotA-0494,RotA-0494:local:0,tetrahedral,confirmed,24,24,24,2,12;12,2,true,true,false,true,0.2119050530000095,
rota,RotA-0494,RotA-0494:local:1,atrop_bond,confirmed,8,8,8,2,4;4,2,true,true,false,true,0.04932966500018665,
rota,RotA-0495,RotA-0495:local:0,tetrahedral,confirmed,24,24,24,2,12;12,2,true,true,false,true,0.21562625099977595,
rota,RotA-0495,RotA-0495:local:1,atrop_bond,confirmed,8,8,8,2,4;4,2,true,true,false,true,0.049444829000094614,
rota,RotA-0496,RotA-0496:local:0,tetrahedral,confirmed,24,24,24,2,12;12,2,true,true,false,true,0.2170355649996054,
rota,RotA-0496,RotA-0496:local:1,atrop_bond,confirmed,8,8,8,2,4;4,2,true,true,false,true,0.050632369000595645,
rota,RotA-0497,RotA-0497:local:0,tetrahedral,confirmed,24,24,24,2,12;12,2,true,true,false,true,0.4502316520001841,
rota,RotA-0497,RotA-0497:local:1,tetrahedral,confirmed,24,24,24,2,12;12,2,true,true,false,true,0.42980564899971796,
rota,RotA-0497,RotA-0497:local:2,atrop_bond,confirmed,8,8,8,2,4;4,2,true,true,false,true,0.12199956499989639,
rota,RotA-0497,RotA-0497:local:3,atrop_bond,confirmed,8,8,8,2,4;4,2,true,true,false,true,0.1331397100002505,
rota,RotA-0498,RotA-0498:local:0,tetrahedral,confirmed,24,24,24,2,12;12,2,true,true,false,true,0.20106544999998732,
rota,RotA-0499,RotA-0499:local:0,tetrahedral,confirmed,24,24,24,2,12;12,2,true,true,false,true,0.2555393299999196,
rota,RotA-0499,RotA-0499:local:1,atrop_bond,symmetry_related,8,8,8,2,4;4,1,true,false,true,true,0.08224926200000482,
rota,RotA-0500,RotA-0500:local:0,tetrahedral,confirmed,24,24,24,2,12;12,2,true,true,false,true,0.21543130699956237,
rota,RotA-0501,RotA-0501:local:0,tetrahedral,confirmed,24,24,24,2,12;12,2,true,true,false,true,0.2567168750001656,
rota,RotA-0502,RotA-0502:local:0,tetrahedral,confirmed,24,24,24,2,12;12,2,true,true,false,true,0.20646974699957354,
rota,RotA-0503,RotA-0503:local:0,tetrahedral,confirmed,24,24,24,2,12;12,2,true,true,false,true,0.20209182700000383,
rota,RotA-0504,RotA-0504:local:0,tetrahedral,confirmed,24,24,24,2,12;12,2,true,true,false,true,0.22419768200052204,
rota,RotA-0505,RotA-0505:local:0,tetrahedral,confirmed,24,24,24,2,12;12,2,true,true,false,true,0.21905244500067056,
rota,RotA-0506,RotA-0506:local:0,tetrahedral,confirmed,24,24,24,2,12;12,2,true,true,false,true,0.4084395999998378,
rota,RotA-0506,RotA-0506:local:1,atrop_bond,symmetry_related,8,8,8,2,4;4,1,true,false,true,true,0.09383936399990489,
rota,RotA-0507,RotA-0507:local:0,tetrahedral,confirmed,24,24,24,2,12;12,2,true,true,false,true,0.3116792519995215,
rota,RotA-0507,RotA-0507:local:1,atrop_bond,confirmed,8,8,8,2,4;4,2,true,true,false,true,0.09271148399966478,
rota,RotA-0508,RotA-0508:local:0,tetrahedral,confirmed,24,24,24,2,12;12,2,true,true,false,true,0.4145139680003922,
rota,RotA-0508,RotA-0508:local:1,atrop_bond,symmetry_related,8,8,8,2,4;4,1,true,false,true,true,0.09864690200083714,
rota,RotA-0509,RotA-0509:local:0,tetrahedral,confirmed,24,24,24,2,12;12,2,true,true,false,true,0.27882246099943586,
rota,RotA-0509,RotA-0509:local:1,atrop_bond,confirmed,8,8,8,2,4;4,2,true,true,false,true,0.07211586499943223,
rota,RotA-0510,RotA-0510:local:0,tetrahedral,confirmed,24,24,24,2,12;12,2,true,true,false,true,0.784751583999423,
rota,RotA-0510,RotA-0510:local:1,atrop_bond,symmetry_related,8,8,8,2,4;4,1,true,false,true,true,0.14185495799938508,
rota,RotA-0511,RotA-0511:local:0,tetrahedral,confirmed,24,24,24,2,12;12,2,true,true,false,true,0.41313623000041844,
rota,RotA-0512,RotA-0512:local:0,tetrahedral,confirmed,24,24,24,2,12;12,2,true,true,false,true,0.41525718799948663,
rota,RotA-0513,RotA-0513:local:0,tetrahedral,confirmed,24,24,24,2,12;12,2,true,true,false,true,0.4003202499998224,
rota,RotA-0514,RotA-0514:local:0,tetrahedral,confirmed,24,24,24,2,12;12,2,true,true,false,true,0.4478929060005612,
rota,RotA-0515,RotA-0515:local:0,tetrahedral,confirmed,24,24,24,2,12;12,2,true,true,false,true,0.438714298999912,
rota,RotA-0516,RotA-0516:local:0,tetrahedral,confirmed,24,24,24,2,12;12,2,true,true,false,true,0.6828242159999718,
rota,RotA-0516,RotA-0516:local:1,atrop_bond,symmetry_related,8,8,8,2,4;4,1,true,false,true,true,0.11823268600073789,
rota,RotA-0517,RotA-0517:local:0,tetrahedral,confirmed,24,24,24,2,12;12,2,true,true,false,true,0.42126915700009704,
rota,RotA-0518,RotA-0518:local:0,tetrahedral,confirmed,24,24,24,2,12;12,2,true,true,false,true,0.40344795100008923,
rota,RotA-0519,RotA-0519:local:0,tetrahedral,confirmed,24,24,24,2,12;12,2,true,true,false,true,0.4163953590004894,
rota,RotA-0520,RotA-0520:local:0,tetrahedral,confirmed,24,24,24,2,12;12,2,true,true,false,true,0.6544357359998685,
rota,RotA-0521,RotA-0521:local:0,tetrahedral,confirmed,24,24,24,2,12;12,2,true,true,false,true,0.42985857399980887,
rota,RotA-0522,RotA-0522:local:0,tetrahedral,confirmed,24,24,24,2,12;12,2,true,true,false,true,0.41186054199988575,
rota,RotA-0523,RotA-0523:local:0,tetrahedral,confirmed,24,24,24,2,12;12,2,true,true,false,true,0.419679449000796,
rota,RotA-0524,RotA-0524:local:0,tetrahedral,confirmed,24,24,24,2,12;12,2,true,true,false,true,0.46536553200076014,
rota,RotA-0525,RotA-0525:local:0,tetrahedral,confirmed,24,24,24,2,12;12,2,true,true,false,true,0.2904711769997448,
rota,RotA-0526,RotA-0526:local:0,tetrahedral,confirmed,24,24,24,2,12;12,2,true,true,false,true,0.4120534330004375,
rota,RotA-0527,RotA-0527:local:0,tetrahedral,confirmed,24,24,24,2,12;12,2,true,true,false,true,0.43634059600026376,
rota,RotA-0528,RotA-0528:local:0,tetrahedral,confirmed,24,24,24,2,12;12,2,true,true,false,true,0.26582471300025645,
rota,RotA-0528,RotA-0528:local:1,tetrahedral,supplied_support,24,24,24,2,12;12,2,true,true,false,true,0.27826125000046886,
rota,RotA-0529,RotA-0529:local:0,tetrahedral,confirmed,24,24,24,2,12;12,2,true,true,false,true,0.3236250569998447,
rota,RotA-0530,RotA-0530:local:0,tetrahedral,confirmed,24,24,24,2,12;12,2,true,true,false,true,0.26571788100045524,
rota,RotA-0530,RotA-0530:local:1,atrop_bond,confirmed,8,8,8,2,4;4,2,true,true,false,true,0.06300204600029247,
rota,RotA-0530,RotA-0530:local:2,atrop_bond,symmetry_related,8,8,8,2,4;4,1,true,false,true,true,0.07179598299990175,
rota,RotA-0530,RotA-0530:local:3,atrop_bond,confirmed,8,8,8,2,4;4,2,true,true,false,true,0.05614985699958197,
rota,RotA-0531,RotA-0531:local:0,tetrahedral,confirmed,24,24,24,2,12;12,2,true,true,false,true,0.25893114999962563,
rota,RotA-0531,RotA-0531:local:1,atrop_bond,confirmed,8,8,8,2,4;4,2,true,true,false,true,0.06593834300019807,
rota,RotA-0531,RotA-0531:local:2,atrop_bond,symmetry_related,8,8,8,2,4;4,1,true,false,true,true,0.08744341199962946,
rota,RotA-0531,RotA-0531:local:3,atrop_bond,confirmed,8,8,8,2,4;4,2,true,true,false,true,0.059235749000436044,
rota,RotA-0532,RotA-0532:local:0,tetrahedral,confirmed,24,24,24,2,12;12,2,true,true,false,true,0.27027244700002484,
rota,RotA-0532,RotA-0532:local:1,atrop_bond,confirmed,8,8,8,2,4;4,2,true,true,false,true,0.06533222899997781,
rota,RotA-0532,RotA-0532:local:2,atrop_bond,symmetry_related,8,8,8,2,4;4,1,true,false,true,true,0.07354996699996263,
rota,RotA-0532,RotA-0532:local:3,atrop_bond,confirmed,8,8,8,2,4;4,2,true,true,false,true,0.05906658399999287,
rota,RotA-0533,RotA-0533:local:0,tetrahedral,confirmed,24,24,24,2,12;12,2,true,true,false,true,0.26057965500058344,
rota,RotA-0533,RotA-0533:local:1,atrop_bond,confirmed,8,8,8,2,4;4,2,true,true,false,true,0.0663653660003547,
rota,RotA-0533,RotA-0533:local:2,atrop_bond,symmetry_related,8,8,8,2,4;4,1,true,false,true,true,0.0926981220000016,
rota,RotA-0533,RotA-0533:local:3,atrop_bond,confirmed,8,8,8,2,4;4,2,true,true,false,true,0.05805963500006328,
rota,RotA-0534,RotA-0534:local:0,tetrahedral,confirmed,24,24,24,2,12;12,2,true,true,false,true,0.2667205429997921,
rota,RotA-0534,RotA-0534:local:1,atrop_bond,confirmed,8,8,8,2,4;4,2,true,true,false,true,0.06414971599951969,
rota,RotA-0534,RotA-0534:local:2,atrop_bond,symmetry_related,8,8,8,2,4;4,1,true,false,true,true,0.08425293199979933,
rota,RotA-0534,RotA-0534:local:3,atrop_bond,confirmed,8,8,8,2,4;4,2,true,true,false,true,0.05681414699938614,
rota,RotA-0535,RotA-0535:local:0,tetrahedral,confirmed,24,24,24,2,12;12,2,true,true,false,true,0.2692506769999454,
rota,RotA-0535,RotA-0535:local:1,atrop_bond,confirmed,8,8,8,2,4;4,2,true,true,false,true,0.06552989699957834,
rota,RotA-0535,RotA-0535:local:2,atrop_bond,symmetry_related,8,8,8,2,4;4,1,true,false,true,true,0.07459569300044677,
rota,RotA-0535,RotA-0535:local:3,atrop_bond,confirmed,8,8,8,2,4;4,2,true,true,false,true,0.07929333500032953,
rota,RotA-0536,RotA-0536:local:0,tetrahedral,confirmed,24,24,24,2,12;12,2,true,true,false,true,0.2565088179999293,
rota,RotA-0536,RotA-0536:local:1,atrop_bond,confirmed,8,8,8,2,4;4,2,true,true,false,true,0.06558725300055812,
rota,RotA-0536,RotA-0536:local:2,atrop_bond,symmetry_related,8,8,8,2,4;4,1,true,false,true,true,0.08866264900007081,
rota,RotA-0536,RotA-0536:local:3,atrop_bond,confirmed,8,8,8,2,4;4,2,true,true,false,true,0.05770644299991545,
rota,RotA-0537,RotA-0537:local:0,tetrahedral,confirmed,24,24,24,2,12;12,2,true,true,false,true,0.23484222600018256,
rota,RotA-0537,RotA-0537:local:1,atrop_bond,confirmed,8,8,8,2,4;4,2,true,true,false,true,0.07301663300040673,
rota,RotA-0537,RotA-0537:local:2,atrop_bond,symmetry_related,8,8,8,2,4;4,1,true,false,true,true,0.0750531530002263,
rota,RotA-0537,RotA-0537:local:3,atrop_bond,confirmed,8,8,8,2,4;4,2,true,true,false,true,0.05900857500000711,
rota,RotA-0538,RotA-0538:local:0,tetrahedral,confirmed,24,24,24,2,12;12,2,true,true,false,true,0.22786702100074763,
rota,RotA-0538,RotA-0538:local:1,atrop_bond,confirmed,8,8,8,2,4;4,2,true,true,false,true,0.05894516899934388,
rota,RotA-0538,RotA-0538:local:2,atrop_bond,symmetry_related,8,8,8,2,4;4,1,true,false,true,true,0.07425150299968664,
rota,RotA-0538,RotA-0538:local:3,atrop_bond,confirmed,8,8,8,2,4;4,2,true,true,false,true,0.05822215999978653,
rota,RotA-0539,RotA-0539:local:0,tetrahedral,confirmed,24,24,24,2,12;12,2,true,true,false,true,0.2262978459993974,
rota,RotA-0539,RotA-0539:local:1,atrop_bond,confirmed,8,8,8,2,4;4,2,true,true,false,true,0.06783124499997939,
rota,RotA-0539,RotA-0539:local:2,atrop_bond,symmetry_related,8,8,8,2,4;4,1,true,false,true,true,0.07224251499974343,
rota,RotA-0539,RotA-0539:local:3,atrop_bond,confirmed,8,8,8,2,4;4,2,true,true,false,true,0.05709169500005373,
rota,RotA-0540,RotA-0540:local:0,tetrahedral,confirmed,24,24,24,2,12;12,2,true,true,false,true,0.24544293500002823,
rota,RotA-0540,RotA-0540:local:1,atrop_bond,confirmed,8,8,8,2,4;4,2,true,true,false,true,0.05847082400032377,
rota,RotA-0540,RotA-0540:local:2,atrop_bond,symmetry_related,8,8,8,2,4;4,1,true,false,true,true,0.07535281400032545,
rota,RotA-0540,RotA-0540:local:3,atrop_bond,confirmed,8,8,8,2,4;4,2,true,true,false,true,0.0588856289996329,
rota,RotA-0541,RotA-0541:local:0,tetrahedral,confirmed,24,24,24,2,12;12,2,true,true,false,true,0.2357776949993422,
rota,RotA-0541,RotA-0541:local:1,atrop_bond,confirmed,8,8,8,2,4;4,2,true,true,false,true,0.05995357000028889,
rota,RotA-0541,RotA-0541:local:2,atrop_bond,confirmed,8,8,8,2,4;4,2,true,true,false,true,0.0772019910000381,
rota,RotA-0541,RotA-0541:local:3,atrop_bond,symmetry_related,8,8,8,2,4;4,1,true,false,true,true,0.07746159299949795,
rota,RotA-0542,RotA-0542:local:0,tetrahedral,confirmed,24,24,24,2,12;12,2,true,true,false,true,0.2351660530002846,
rota,RotA-0542,RotA-0542:local:1,atrop_bond,confirmed,8,8,8,2,4;4,2,true,true,false,true,0.055858385999272286,
rota,RotA-0542,RotA-0542:local:2,atrop_bond,confirmed,8,8,8,2,4;4,2,true,true,false,true,0.05603661499935697,
rota,RotA-0542,RotA-0542:local:3,atrop_bond,confirmed,8,8,8,2,4;4,2,true,true,false,true,0.061873364000348374,
rota,RotA-0543,RotA-0543:local:0,tetrahedral,confirmed,24,24,24,2,12;12,2,true,true,false,true,0.22237113299979683,
rota,RotA-0543,RotA-0543:local:1,atrop_bond,confirmed,8,8,8,2,4;4,2,true,true,false,true,0.05589481099923432,
rota,RotA-0543,RotA-0543:local:2,atrop_bond,confirmed,8,8,8,2,4;4,2,true,true,false,true,0.04895967599986761,
rota,RotA-0543,RotA-0543:local:3,atrop_bond,confirmed,8,8,8,2,4;4,2,true,true,false,true,0.055663953000475885,
rota,RotA-0544,RotA-0544:local:0,tetrahedral,confirmed,24,24,24,2,12;12,2,true,true,false,true,0.25923237100050756,
rota,RotA-0544,RotA-0544:local:1,atrop_bond,confirmed,8,8,8,2,4;4,2,true,true,false,true,0.07856149100007315,
rota,RotA-0544,RotA-0544:local:2,atrop_bond,confirmed,8,8,8,2,4;4,2,true,true,false,true,0.05884165299994493,
rota,RotA-0544,RotA-0544:local:3,atrop_bond,symmetry_related,8,8,8,2,4;4,1,true,false,true,true,0.07556079799996951,
rota,RotA-0545,RotA-0545:local:0,tetrahedral,confirmed,24,24,24,2,12;12,2,true,true,false,true,0.27830777800045325,
rota,RotA-0545,RotA-0545:local:1,atrop_bond,confirmed,8,8,8,2,4;4,2,true,true,false,true,0.0682602320002843,
rota,RotA-0545,RotA-0545:local:2,atrop_bond,symmetry_related,8,8,8,2,4;4,1,true,false,true,true,0.07525156199972116,
rota,RotA-0545,RotA-0545:local:3,atrop_bond,confirmed,8,8,8,2,4;4,2,true,true,false,true,0.06112276200019551,
rota,RotA-0546,RotA-0546:local:0,tetrahedral,confirmed,24,24,24,2,12;12,2,true,true,false,true,0.256313171000329,
rota,RotA-0546,RotA-0546:local:1,atrop_bond,confirmed,8,8,8,2,4;4,2,true,true,false,true,0.06515895699976681,
rota,RotA-0546,RotA-0546:local:2,atrop_bond,confirmed,8,8,8,2,4;4,2,true,true,false,true,0.0755512429996088,
rota,RotA-0546,RotA-0546:local:3,atrop_bond,symmetry_related,8,8,8,2,4;4,1,true,false,true,true,0.07371312200029934,
rota,RotA-0547,RotA-0547:local:0,tetrahedral,confirmed,24,24,24,2,12;12,2,true,true,false,true,0.26063548700039973,
rota,RotA-0547,RotA-0547:local:1,atrop_bond,confirmed,8,8,8,2,4;4,2,true,true,false,true,0.0661616490006054,
rota,RotA-0547,RotA-0547:local:2,atrop_bond,symmetry_related,8,8,8,2,4;4,1,true,false,true,true,0.07486713200069062,
rota,RotA-0547,RotA-0547:local:3,atrop_bond,confirmed,8,8,8,2,4;4,2,true,true,false,true,0.07163167399994563,
rota,RotA-0548,RotA-0548:local:0,tetrahedral,confirmed,24,24,24,2,12;12,2,true,true,false,true,0.22627074100000755,
rota,RotA-0548,RotA-0548:local:1,atrop_bond,confirmed,8,8,8,2,4;4,2,true,true,false,true,0.05747361100020498,
rota,RotA-0548,RotA-0548:local:2,atrop_bond,confirmed,8,8,8,2,4;4,2,true,true,false,true,0.07023519900030806,
rota,RotA-0548,RotA-0548:local:3,atrop_bond,confirmed,8,8,8,2,4;4,2,true,true,false,true,0.04946051099977922,
rota,RotA-0549,RotA-0549:local:0,tetrahedral,confirmed,24,24,24,2,12;12,2,true,true,false,true,0.2220802840001852,
rota,RotA-0549,RotA-0549:local:1,atrop_bond,confirmed,8,8,8,2,4;4,2,true,true,false,true,0.05594421500063618,
rota,RotA-0549,RotA-0549:local:2,atrop_bond,confirmed,8,8,8,2,4;4,2,true,true,false,true,0.06839956200019515,
rota,RotA-0549,RotA-0549:local:3,atrop_bond,confirmed,8,8,8,2,4;4,2,true,true,false,true,0.048816690999956336,
rota,RotA-0550,RotA-0550:local:0,tetrahedral,confirmed,24,24,24,2,12;12,2,true,true,false,true,0.2759760130002178,
rota,RotA-0550,RotA-0550:local:1,atrop_bond,confirmed,8,8,8,2,4;4,2,true,true,false,true,0.06674952500088693,
rota,RotA-0550,RotA-0550:local:2,atrop_bond,symmetry_related,8,8,8,2,4;4,1,true,false,true,true,0.07577886699982628,
rota,RotA-0550,RotA-0550:local:3,atrop_bond,confirmed,8,8,8,2,4;4,2,true,true,false,true,0.05981415000042034,
rota,RotA-0551,RotA-0551:local:0,tetrahedral,confirmed,24,24,24,2,12;12,2,true,true,false,true,0.26442704200053413,
rota,RotA-0551,RotA-0551:local:1,atrop_bond,confirmed,8,8,8,2,4;4,2,true,true,false,true,0.06404058099997201,
rota,RotA-0551,RotA-0551:local:2,atrop_bond,confirmed,8,8,8,2,4;4,2,true,true,false,true,0.05721131599966611,
rota,RotA-0552,RotA-0552:local:0,tetrahedral,confirmed,24,24,24,2,12;12,2,true,true,false,true,0.2437305319999723,
rota,RotA-0552,RotA-0552:local:1,atrop_bond,confirmed,8,8,8,2,4;4,2,true,true,false,true,0.07201126600011776,
rota,RotA-0552,RotA-0552:local:2,atrop_bond,confirmed,8,8,8,2,4;4,2,true,true,false,true,0.05455471100049181,
rota,RotA-0553,RotA-0553:local:0,tetrahedral,confirmed,24,24,24,2,12;12,2,true,true,false,true,0.2691285199998674,
rota,RotA-0553,RotA-0553:local:1,atrop_bond,confirmed,8,8,8,2,4;4,2,true,true,false,true,0.06436668200058193,
rota,RotA-0553,RotA-0553:local:2,atrop_bond,confirmed,8,8,8,2,4;4,2,true,true,false,true,0.05741531300009228,
rota,RotA-0554,RotA-0554:local:0,tetrahedral,confirmed,24,24,24,2,12;12,2,true,true,false,true,0.20382715800042206,
rota,RotA-0554,RotA-0554:local:1,atrop_bond,confirmed,8,8,8,2,4;4,2,true,true,false,true,0.050070209999830695,
rota,RotA-0554,RotA-0554:local:2,atrop_bond,confirmed,8,8,8,2,4;4,2,true,true,false,true,0.05447781500060955,
rota,RotA-0555,RotA-0555:local:0,tetrahedral,confirmed,24,24,24,2,12;12,2,true,true,false,true,0.24580041300032462,
rota,RotA-0555,RotA-0555:local:1,atrop_bond,confirmed,8,8,8,2,4;4,2,true,true,false,true,0.05821961499987083,
rota,RotA-0555,RotA-0555:local:2,atrop_bond,confirmed,8,8,8,2,4;4,2,true,true,false,true,0.05908377899959305,
rota,RotA-0555,RotA-0555:local:3,atrop_bond,confirmed,8,8,8,2,4;4,2,true,true,false,true,0.0511083260007581,
rota,RotA-0556,RotA-0556:local:0,tetrahedral,confirmed,24,24,24,2,12;12,2,true,true,false,true,0.19727146599961998,
rota,RotA-0556,RotA-0556:local:1,atrop_bond,confirmed,8,8,8,2,4;4,2,true,true,false,true,0.04988094500004081,
rota,RotA-0556,RotA-0556:local:2,atrop_bond,confirmed,8,8,8,2,4;4,2,true,true,false,true,0.06283019599959516,
rota,RotA-0556,RotA-0556:local:3,atrop_bond,confirmed,8,8,8,2,4;4,2,true,true,false,true,0.05277592000038567,
rota,RotA-0557,RotA-0557:local:0,tetrahedral,confirmed,24,24,24,2,12;12,2,true,true,false,true,0.2137566669998705,
rota,RotA-0557,RotA-0557:local:1,atrop_bond,confirmed,8,8,8,2,4;4,2,true,true,false,true,0.05142323000018223,
rota,RotA-0557,RotA-0557:local:2,atrop_bond,confirmed,8,8,8,2,4;4,2,true,true,false,true,0.051029336000283365,
rota,RotA-0557,RotA-0557:local:3,atrop_bond,confirmed,8,8,8,2,4;4,2,true,true,false,true,0.05443585200009693,
rota,RotA-0558,RotA-0558:local:0,tetrahedral,confirmed,24,24,24,2,12;12,2,true,true,false,true,0.24957583400009753,
rota,RotA-0558,RotA-0558:local:1,atrop_bond,confirmed,8,8,8,2,4;4,2,true,true,false,true,0.05975204600053985,
rota,RotA-0558,RotA-0558:local:2,atrop_bond,confirmed,8,8,8,2,4;4,2,true,true,false,true,0.0602519090007263,
rota,RotA-0558,RotA-0558:local:3,atrop_bond,symmetry_related,8,8,8,2,4;4,1,true,false,true,true,0.0764168569994581,
rota,RotA-0559,RotA-0559:local:0,tetrahedral,confirmed,24,24,24,2,12;12,2,true,true,false,true,0.2324963970004319,
rota,RotA-0559,RotA-0559:local:1,atrop_bond,confirmed,8,8,8,2,4;4,2,true,true,false,true,0.0721025839993672,
rota,RotA-0559,RotA-0559:local:2,atrop_bond,confirmed,8,8,8,2,4;4,2,true,true,false,true,0.05859739500010619,
rota,RotA-0560,RotA-0560:local:0,tetrahedral,confirmed,24,24,24,2,12;12,2,true,true,false,true,0.3567582109999421,
rota,RotA-0560,RotA-0560:local:1,atrop_bond,confirmed,8,8,8,2,4;4,2,true,true,false,true,0.08716919700054859,
rota,RotA-0560,RotA-0560:local:2,atrop_bond,confirmed,8,8,8,2,4;4,2,true,true,false,true,0.08671324900024047,
rota,RotA-0560,RotA-0560:local:3,atrop_bond,confirmed,8,8,8,2,4;4,2,true,true,false,true,0.07934741600001871,
rota,RotA-0561,RotA-0561:local:0,planar_bond,supplied_support,8,8,8,2,4;4,2,true,true,false,true,0.039448477999940224,
rota,RotA-0562,RotA-0562:local:0,planar_bond,supplied_support,8,8,8,2,4;4,2,true,true,false,true,0.039909743999487546,
rota,RotA-0563,RotA-0563:local:0,planar_bond,supplied_support,8,8,8,2,4;4,2,true,true,false,true,0.049550237000403285,
rota,RotA-0564,RotA-0564:local:0,planar_bond,supplied_support,8,8,8,2,4;4,2,true,true,false,true,0.052152579999528825,
rota,RotA-0565,RotA-0565:local:0,planar_bond,supplied_support,8,8,8,2,4;4,2,true,true,false,true,0.050043649999679474,
rota,RotA-0566,RotA-0566:local:0,planar_bond,supplied_support,8,8,8,2,4;4,2,true,true,false,true,0.09949775200038857,
rota,RotA-0567,RotA-0567:local:0,planar_bond,supplied_support,8,8,8,2,4;4,2,true,true,false,true,0.04225291600050696,
rota,RotA-0568,RotA-0568:local:0,planar_bond,supplied_support,8,8,8,2,4;4,2,true,true,false,true,0.05233234000024822,
rota,RotA-0569,RotA-0569:local:0,planar_bond,supplied_support,8,8,8,2,4;4,2,true,true,false,true,0.051809131999107194,
rota,RotA-0570,RotA-0570:local:0,planar_bond,supplied_support,8,8,8,2,4;4,2,true,true,false,true,0.054534670999601076,
rota,RotA-0571,RotA-0571:local:0,planar_bond,supplied_support,8,8,8,2,4;4,2,true,true,false,true,0.06648355400011496,
rota,RotA-0572,RotA-0572:local:0,planar_bond,supplied_support,8,8,8,2,4;4,2,true,true,false,true,0.05992157199943904,
rota,RotA-0573,RotA-0573:local:0,planar_bond,supplied_support,8,8,8,2,4;4,2,true,true,false,true,0.05852850200062676,
rota,RotA-0574,RotA-0574:local:0,planar_bond,supplied_support,8,8,8,2,4;4,2,true,true,false,true,0.07316089999949327,
rota,RotA-0575,RotA-0575:local:0,planar_bond,supplied_support,8,8,8,2,4;4,2,true,true,false,true,0.049382854999748815,
rota,RotA-0576,RotA-0576:local:0,planar_bond,supplied_support,8,8,8,2,4;4,2,true,true,false,true,0.06797430099959456,
rota,RotA-0577,RotA-0577:local:0,planar_bond,supplied_support,8,8,8,2,4;4,2,true,true,false,true,0.03826437299994723,
rota,RotA-0578,RotA-0578:local:0,planar_bond,supplied_support,8,8,8,2,4;4,2,true,true,false,true,0.037513652000598086,
rota,RotA-0579,RotA-0579:local:0,planar_bond,supplied_support,8,8,8,2,4;4,2,true,true,false,true,0.03965817500011326,
rota,RotA-0580,RotA-0580:local:0,planar_bond,supplied_support,8,8,8,2,4;4,2,true,true,false,true,0.052484791000097175,
rota,RotA-0581,RotA-0581:local:0,planar_bond,supplied_support,8,8,8,2,4;4,2,true,true,false,true,0.047776962999705574,
rota,RotA-0582,RotA-0582:local:0,planar_bond,supplied_support,8,8,8,2,4;4,2,true,true,false,true,0.06321845200000098,
rota,RotA-0583,RotA-0583:local:0,planar_bond,supplied_support,8,8,8,2,4;4,2,true,true,false,true,0.053855737000048975,
rota,RotA-0584,RotA-0584:local:0,planar_bond,supplied_support,8,8,8,2,4;4,2,true,true,false,true,0.06463380500008498,
rota,RotA-0585,RotA-0585:local:0,planar_bond,supplied_support,8,8,8,2,4;4,2,true,true,false,true,0.057060527999965416,
rota,RotA-0586,RotA-0586:local:0,planar_bond,supplied_support,8,8,8,2,4;4,2,true,true,false,true,0.057645158999548585,
rota,RotA-0587,RotA-0587:local:0,planar_bond,supplied_support,8,8,8,2,4;4,2,true,true,false,true,0.16260507599963603,
rota,RotA-0588,RotA-0588:local:0,planar_bond,supplied_support,8,8,8,2,4;4,2,true,true,false,true,0.0617403740006921,
rota,RotA-0589,RotA-0589:local:0,planar_bond,supplied_support,8,8,8,2,4;4,2,true,true,false,true,0.05580990300040867,
rota,RotA-0590,RotA-0590:local:0,planar_bond,supplied_support,8,8,8,2,4;4,2,true,true,false,true,0.05623099800050113,
rota,RotA-0591,RotA-0591:local:0,planar_bond,supplied_support,8,8,8,2,4;4,2,true,true,false,true,0.055504893999568594,
rota,RotA-0592,RotA-0592:local:0,planar_bond,supplied_support,8,8,8,2,4;4,2,true,true,false,true,0.05813331600074889,
rota,RotA-0593,RotA-0593:local:0,planar_bond,supplied_support,8,8,8,2,4;4,2,true,true,false,true,0.06472692500028643,
rota,RotA-0594,RotA-0594:local:0,planar_bond,supplied_support,8,8,8,2,4;4,2,true,true,false,true,0.055087484999603475,
rota,RotA-0595,RotA-0595:local:0,planar_bond,supplied_support,8,8,8,2,4;4,2,true,true,false,true,0.06534527700023318,
rota,RotA-0596,RotA-0596:local:0,planar_bond,supplied_support,8,8,8,2,4;4,2,true,true,false,true,0.04936736099989503,
rota,RotA-0597,RotA-0597:local:0,planar_bond,supplied_support,8,8,8,2,4;4,2,true,true,false,true,0.05710298200028774,
rota,RotA-0598,RotA-0598:local:0,planar_bond,supplied_support,8,8,8,2,4;4,2,true,true,false,true,0.05593276899980992,
rota,RotA-0599,RotA-0599:local:0,planar_bond,supplied_support,8,8,8,2,4;4,2,true,true,false,true,0.07096231499963324,
rota,RotA-0600,RotA-0600:local:0,planar_bond,supplied_support,8,8,8,2,4;4,2,true,true,false,true,0.04763654100042913,
rota,RotA-0601,RotA-0601:local:0,planar_bond,supplied_support,8,8,8,2,4;4,2,true,true,false,true,0.05825630999970599,
rota,RotA-0602,RotA-0602:local:0,planar_bond,supplied_support,8,8,8,2,4;4,2,true,true,false,true,0.06979705800040392,
rota,RotA-0603,RotA-0603:local:0,planar_bond,supplied_support,8,8,8,2,4;4,2,true,true,false,true,0.06809375000011642,
rota,RotA-0604,RotA-0604:local:0,planar_bond,supplied_support,8,8,8,2,4;4,2,true,true,false,true,0.06919910600026924,
rota,RotA-0605,RotA-0605:local:0,planar_bond,supplied_support,8,8,8,2,4;4,2,true,true,false,true,0.0671094669996819,
rota,RotA-0606,RotA-0606:local:0,planar_bond,supplied_support,8,8,8,2,4;4,2,true,true,false,true,0.06659854699955758,
rota,RotA-0607,RotA-0607:local:0,tetrahedral,confirmed,24,24,24,2,12;12,2,true,true,false,true,0.16049495399965963,
rota,RotA-0607,RotA-0607:local:1,planar_bond,supplied_support,8,8,8,2,4;4,2,true,true,false,true,0.038719328999832214,
rota,RotA-0608,RotA-0608:local:0,tetrahedral,confirmed,24,24,24,2,12;12,2,true,true,false,true,0.22013069300010102,
rota,RotA-0608,RotA-0608:local:1,planar_bond,supplied_support,8,8,8,2,4;4,2,true,true,false,true,0.050304923999647144,
rota,RotA-0609,RotA-0609:local:0,tetrahedral,confirmed,24,24,24,2,12;12,2,true,true,false,true,1.132361972999206,
rota,RotA-0609,RotA-0609:local:1,planar_bond,supplied_support,8,8,8,2,4;4,2,true,true,false,true,0.29507299400029297,
rota,RotA-0610,RotA-0610:local:0,planar_bond,supplied_support,8,8,8,2,4;4,2,true,true,false,true,0.039693397000519326,
rota,RotA-0611,RotA-0611:local:0,planar_bond,supplied_support,8,8,8,2,4;4,2,true,true,false,true,0.0454998400000477,
rota,RotA-0612,RotA-0612:local:0,planar_bond,supplied_support,8,8,8,2,4;4,2,true,true,false,true,0.05768287499995495,
rota,RotA-0613,RotA-0613:local:0,planar_bond,supplied_support,8,8,8,2,4;4,2,true,true,false,true,0.058325205000073765,
rota,RotA-0614,RotA-0614:local:0,planar_bond,supplied_support,8,8,8,2,4;4,2,true,true,false,true,0.09068882199971995,
rota,RotA-0615,RotA-0615:local:0,planar_bond,supplied_support,8,8,8,2,4;4,2,true,true,false,true,0.09987075299977732,
rota,RotA-0616,RotA-0616:local:0,planar_bond,supplied_support,8,8,8,2,4;4,2,true,true,false,true,0.09978691699961928,
rota,RotA-0617,RotA-0617:local:0,planar_bond,supplied_support,8,8,8,2,4;4,2,true,true,false,true,0.06423030600035418,
rota,RotA-0618,RotA-0618:local:0,planar_bond,supplied_support,8,8,8,2,4;4,2,true,true,false,true,0.10796116899928165,
rota,RotA-0619,RotA-0619:local:0,planar_bond,supplied_support,8,8,8,2,4;4,2,true,true,false,true,0.19647809800062532,
rota,RotA-0620,RotA-0620:local:0,planar_bond,supplied_support,8,8,8,2,4;4,2,true,true,false,true,0.10525744300048245,
rota,RotA-0621,RotA-0621:local:0,planar_bond,supplied_support,8,8,8,2,4;4,2,true,true,false,true,0.10275819599974056,
rota,RotA-0622,RotA-0622:local:0,planar_bond,supplied_support,8,8,8,2,4;4,2,true,true,false,true,0.08719502500025555,
rota,RotA-0623,RotA-0623:local:0,planar_bond,supplied_support,8,8,8,2,4;4,2,true,true,false,true,0.0728126029998748,
rota,RotA-0624,RotA-0624:local:0,planar_bond,supplied_support,8,8,8,2,4;4,2,true,true,false,true,0.05288144799942529,
rota,RotA-0625,RotA-0625:local:0,planar_bond,supplied_support,8,8,8,2,4;4,2,true,true,false,true,0.18350833600015903,
rota,RotA-0625,RotA-0625:local:1,atrop_bond,symmetry_related,8,8,8,2,4;4,1,true,false,true,true,0.1574664079998911,
rota,RotA-0626,RotA-0626:local:0,planar_bond,supplied_support,8,8,8,2,4;4,2,true,true,false,true,0.11462203099927137,
rota,RotA-0627,RotA-0627:local:0,planar_bond,supplied_support,8,8,8,2,4;4,2,true,true,false,true,0.1010432610000862,
rota,RotA-0628,RotA-0628:local:0,planar_bond,supplied_support,8,8,8,2,4;4,2,true,true,false,true,0.11372485799984133,
rota,RotA-0629,RotA-0629:local:0,planar_bond,supplied_support,8,8,8,2,4;4,2,true,true,false,true,0.07869298800051183,
rota,RotA-0630,RotA-0630:local:0,planar_bond,supplied_support,8,8,8,2,4;4,2,true,true,false,true,0.10986078400037513,
rota,RotA-0631,RotA-0631:local:0,planar_bond,supplied_support,8,8,8,2,4;4,2,true,true,false,true,0.11547624899958464,
rota,RotA-0632,RotA-0632:local:0,planar_bond,supplied_support,8,8,8,2,4;4,2,true,true,false,true,0.12038361600025382,
rota,RotA-0633,RotA-0633:local:0,planar_bond,supplied_support,8,8,8,2,4;4,2,true,true,false,true,0.1127236290003566,
rota,RotA-0634,RotA-0634:local:0,planar_bond,supplied_support,8,8,8,2,4;4,2,true,true,false,true,0.06487920399922587,
rota,RotA-0635,RotA-0635:local:0,planar_bond,supplied_support,8,8,8,2,4;4,2,true,true,false,true,0.07366526900023018,
rota,RotA-0636,RotA-0636:local:0,planar_bond,supplied_support,8,8,8,2,4;4,2,true,true,false,true,0.06209798200052319,
rota,RotA-0637,RotA-0637:local:0,planar_bond,supplied_support,8,8,8,2,4;4,2,true,true,false,true,0.06205389499973535,
rota,RotA-0638,RotA-0638:local:0,planar_bond,supplied_support,8,8,8,2,4;4,2,true,true,false,true,0.06898762699984218,
rota,RotA-0639,RotA-0639:local:0,planar_bond,supplied_support,8,8,8,2,4;4,2,true,true,false,true,0.06753409700013435,
rota,RotA-0646,RotA-0646:local:0,tetrahedral,confirmed,24,24,24,2,12;12,2,true,true,false,true,0.48847039100019174,
rota,RotA-0646,RotA-0646:local:1,tetrahedral,confirmed,24,24,24,2,12;12,2,true,true,false,true,0.4781716110001071,
rota,RotA-0647,RotA-0647:local:0,tetrahedral,confirmed,24,24,24,2,12;12,2,true,true,false,true,0.46828832699975464,
rota,RotA-0648,RotA-0648:local:0,tetrahedral,confirmed,24,24,24,2,12;12,2,true,true,false,true,2.066239116000361,
rota,RotA-0648,RotA-0648:local:1,tetrahedral,confirmed,24,24,24,2,12;12,2,true,true,false,true,2.0199685659999886,
